Building for debugging...
[0/7] /Users/runner/work/orbit/orbit/.build/arm64-apple-macosx/debug/OrbitCorePackageTests.derived/runner.swift
[1/7] Write sources
[4/7] Write swift-version-7974D3F7F03D5E95.txt
[6/12] Compiling OrbitCore Models.swift
[7/12] Compiling OrbitCore RadialGeometry.swift
[8/12] Compiling OrbitCore ActionResolver.swift
[9/12] Compiling OrbitCore DropPayloadValidator.swift
[10/12] Emitting module OrbitCore
[11/13] Compiling OrbitCore ZIPInspector.swift
[12/17] Compiling OrbitCoreTests ActionResolverTests.swift
[13/17] Compiling OrbitCoreTests ArchiveSecurityTests.swift
[14/17] Emitting module OrbitCoreTests
[15/17] Compiling OrbitCoreTests DropPayloadValidatorTests.swift
[16/18] Compiling OrbitCoreTests RadialGeometryTests.swift
[17/20] Compiling OrbitCorePackageTests runner.swift
[18/20] Emitting module OrbitCorePackageTests
[18/20] Write Objects.LinkFileList
[19/20] Linking OrbitCorePackageTests
Build complete! (38.29s)
[1/37] Testing OrbitCoreTests.ActionResolverTests/testEmptySelectionHasNoActions
[2/37] Testing OrbitCoreTests.ActionResolverTests/testContainersWithoutNativeDecoderAreNotOfferedMediaActions
[3/37] Testing OrbitCoreTests.ActionResolverTests/testDirectoriesCannotReachRegularFileEngines
[4/37] Testing OrbitCoreTests.ActionResolverTests/testMediaAndJSONCapabilitiesDoNotCrossTypes
[5/37] Testing OrbitCoreTests.ActionResolverTests/testExtractionIsLimitedToOneZIP
[6/37] Testing OrbitCoreTests.ActionResolverTests/testImageBatchSupportsConversionsAndPrivacy
[7/37] Testing OrbitCoreTests.ActionResolverTests/testRegistryCoversEveryImplementedIdentifierExactlyOnce
[8/37] Testing OrbitCoreTests.ActionResolverTests/testMergeRequiresAtLeastTwoPDFs
[9/37] Testing OrbitCoreTests.ActionResolverTests/testMixedTypesOfferOnlyUniversalFileOperations
[10/37] Testing OrbitCoreTests.ActionResolverTests/testResolutionOrderIsStableAcrossEquivalentBatches
[11/37] Testing OrbitCoreTests.ActionResolverTests/testUnavailableCodecIsNeverOffered
[12/37] Testing OrbitCoreTests.ActionResolverTests/testSelectiveWebPPrivacyAndUnsupportedSourceCompressionAreHidden
[13/37] Testing OrbitCoreTests.ArchiveSecurityTests/testEmptyZIPIsValid
[14/37] Testing OrbitCoreTests.ArchiveSecurityTests/testEncryptedAndUnsupportedCompressionAreRejected
[15/37] Testing OrbitCoreTests.ArchiveSecurityTests/testCentralAndLocalNamesMustAgree
[16/37] Testing OrbitCoreTests.ArchiveSecurityTests/testExpansionBombAndZIP64ClaimsAreRejected
[17/37] Testing OrbitCoreTests.ArchiveSecurityTests/testFilenameAliasesAndFileDirectoryConflictsAreRejected
[18/37] Testing OrbitCoreTests.ArchiveSecurityTests/testEveryTruncatedPrefixFailsWithoutReadingOutsideBuffer
[19/37] Testing OrbitCoreTests.ArchiveSecurityTests/testHiddenPrefixAndTrailingPayloadAreRejected
[20/37] Testing OrbitCoreTests.ArchiveSecurityTests/testPKWAREUnixMetadataCannotContainLinkTarget
[21/37] Testing OrbitCoreTests.ArchiveSecurityTests/testRegularStoredZIPHasAccurateInventory
[22/37] Testing OrbitCoreTests.ArchiveSecurityTests/testSymbolicLinksSpecialFilesAndPrivilegedModesAreRejected
[23/37] Testing OrbitCoreTests.ArchiveSecurityTests/testUnsafeExtractionPathsAreRejected
[24/37] Testing OrbitCoreTests.DropPayloadValidatorTests/testChangedMissingExtraDuplicateOrEmptyPayloadCannotExecutePreview
[25/37] Testing OrbitCoreTests.DropPayloadValidatorTests/testMatchingBatchPreservesActualDroppedOrder
[26/37] Testing OrbitCoreTests.DropPayloadValidatorTests/testMissingFilesAreRejectedAndExistingFilesAccepted
[27/37] Testing OrbitCoreTests.DropPayloadValidatorTests/testRemoteAndForeignHostedFileURLsAreRejected
[28/37] Testing OrbitCoreTests.DropPayloadValidatorTests/testStandardizedPathsMatchAndCanonicalDuplicatesAreRejected
[29/37] Testing OrbitCoreTests.RadialGeometryTests/testAnnulusBoundariesAndInactiveGap
[30/37] Testing OrbitCoreTests.RadialGeometryTests/testAngularBoundaryChoosesAdjacentWedge
[31/37] Testing OrbitCoreTests.RadialGeometryTests/testCardinalDirectionsUseAppKitCoordinates
[32/37] Testing OrbitCoreTests.RadialGeometryTests/testCenterAndCornersStayWithinEachDisplay
[33/37] Testing OrbitCoreTests.RadialGeometryTests/testEveryWedgeCenterForFourSixEightAndTenActions
[34/37] Testing OrbitCoreTests.RadialGeometryTests/testInvalidAndNonfiniteCoordinatesNeverSelect
[35/37] Testing OrbitCoreTests.RadialGeometryTests/testOuterRingIsAnchoredToChosenPrimaryWedge
[36/37] Testing OrbitCoreTests.RadialGeometryTests/testOversizedWheelShrinksToFitSmallVisibleScreen
[37/37] Testing OrbitCoreTests.RadialGeometryTests/testRetinaPhysicalCoordinatesMapToSameLogicalSelection
◇ Test run started.
↳ Testing Library Version: 1902
↳ Target Platform: arm64e-apple-macos14.0
✔ Test run with 0 tests in 0 suites passed after 0.001 seconds.
Xcode 26.6
Build version 17F113
swift-driver version: 1.148.6 SDK 26.5 verified: FoundationModels typecheck and both-CPU Translation, Speech and explicit actor-binding object generation passed with deployment target 14.0.
Cloning into 'Vendor/libwebp'...
warning: refs/tags/v1.5.0 f7710292e894c8413edaca4610d11dde843c04fd is not a commit!
From https://github.com/webmproject/libwebp
 * branch              a4d7a715337ded4451fec90ff8ce79728e04126c -> FETCH_HEAD
HEAD is now at a4d7a715 update ChangeLog
-- The C compiler identification is AppleClang 21.0.0.21000101
-- Detecting C compiler ABI info
-- Detecting C compiler ABI info - done
-- Check for working C compiler: /Applications/Xcode_26.6.app/Contents/Developer/Toolchains/XcodeDefault.xctoolchain/usr/bin/clang - skipped
-- Detecting C compile features
-- Detecting C compile features - done
-- Performing Test HAVE_BUILTIN_BSWAP16
-- Performing Test HAVE_BUILTIN_BSWAP16 - Success
-- Performing Test HAVE_BUILTIN_BSWAP32
-- Performing Test HAVE_BUILTIN_BSWAP32 - Success
-- Performing Test HAVE_BUILTIN_BSWAP64
-- Performing Test HAVE_BUILTIN_BSWAP64 - Success
-- Performing Test CMAKE_HAVE_LIBC_PTHREAD
-- Performing Test CMAKE_HAVE_LIBC_PTHREAD - Success
-- Found Threads: TRUE
-- Found OpenGL: /Applications/Xcode_26.6.app/Contents/Developer/Platforms/MacOSX.platform/Developer/SDKs/MacOSX.sdk/System/Library/Frameworks/OpenGL.framework
-- Performing Test HAVE_MATH_LIBRARY
-- Performing Test HAVE_MATH_LIBRARY - Success
-- Looking for include file GLUT/glut.h
-- Looking for include file GLUT/glut.h - found
-- Looking for include file GL/glut.h
-- Looking for include file GL/glut.h - not found
-- Looking for include file OpenGL/glut.h
-- Looking for include file OpenGL/glut.h - not found
-- Looking for include file shlwapi.h
-- Looking for include file shlwapi.h - not found
-- Looking for include file unistd.h
-- Looking for include file unistd.h - found
-- Looking for include file wincodec.h
-- Looking for include file wincodec.h - not found
-- Looking for include file windows.h
-- Looking for include file windows.h - not found
-- Performing Test WEBP_HAVE_FLAG_SSE41
-- Performing Test WEBP_HAVE_FLAG_SSE41 - Failed
-- Performing Test WEBP_HAVE_FLAG_SSE41
-- Performing Test WEBP_HAVE_FLAG_SSE41 - Failed
-- Performing Test HAS_COMPILE_FLAG
-- Performing Test HAS_COMPILE_FLAG - Failed
-- Performing Test WEBP_HAVE_FLAG_SSE2
-- Performing Test WEBP_HAVE_FLAG_SSE2 - Failed
-- Performing Test WEBP_HAVE_FLAG_SSE2
-- Performing Test WEBP_HAVE_FLAG_SSE2 - Failed
-- Performing Test HAS_COMPILE_FLAG
-- Performing Test HAS_COMPILE_FLAG - Failed
-- Performing Test WEBP_HAVE_FLAG_MIPS32
-- Performing Test WEBP_HAVE_FLAG_MIPS32 - Failed
-- Performing Test WEBP_HAVE_FLAG_MIPS32
-- Performing Test WEBP_HAVE_FLAG_MIPS32 - Failed
-- Performing Test WEBP_HAVE_FLAG_MIPS_DSP_R2
-- Performing Test WEBP_HAVE_FLAG_MIPS_DSP_R2 - Failed
-- Performing Test WEBP_HAVE_FLAG_MIPS_DSP_R2
-- Performing Test WEBP_HAVE_FLAG_MIPS_DSP_R2 - Failed
-- Performing Test HAS_COMPILE_FLAG
-- Performing Test HAS_COMPILE_FLAG - Failed
-- Performing Test WEBP_HAVE_FLAG_NEON
-- Performing Test WEBP_HAVE_FLAG_NEON - Success
-- Performing Test WEBP_HAVE_FLAG_MSA
-- Performing Test WEBP_HAVE_FLAG_MSA - Failed
-- Performing Test WEBP_HAVE_FLAG_MSA
-- Performing Test WEBP_HAVE_FLAG_MSA - Failed
-- Performing Test HAS_COMPILE_FLAG
-- Performing Test HAS_COMPILE_FLAG - Failed
-- Configuring done (8.8s)
-- Generating done (0.1s)
-- Build files have been written to: /Users/runner/work/orbit/orbit/build/WebP-arm64-build
[  1%] Building C object CMakeFiles/sharpyuv.dir/sharpyuv/sharpyuv_sse2.c.o
[  2%] Building C object CMakeFiles/webputilsdecode.dir/src/utils/bit_reader_utils.c.o
[  4%] Building C object CMakeFiles/webpdspdecode.dir/src/dsp/alpha_processing.c.o
[  4%] Building C object CMakeFiles/webpdecode.dir/src/dec/alpha_dec.c.o
[  4%] Building C object CMakeFiles/sharpyuv.dir/sharpyuv/sharpyuv_neon.c.o
[  4%] Building C object CMakeFiles/webpdecode.dir/src/dec/buffer_dec.c.o
[  4%] Building C object CMakeFiles/webputilsdecode.dir/src/utils/color_cache_utils.c.o
[  5%] Building C object CMakeFiles/webputilsdecode.dir/src/utils/filters_utils.c.o
[  5%] Building C object CMakeFiles/webpdspdecode.dir/src/dsp/cpu.c.o
[  6%] Building C object CMakeFiles/webpdspdecode.dir/src/dsp/dec.c.o
[  7%] Building C object CMakeFiles/webpdecode.dir/src/dec/frame_dec.c.o
[  7%] Building C object CMakeFiles/webputilsdecode.dir/src/utils/huffman_utils.c.o
[  8%] Building C object CMakeFiles/webpdspdecode.dir/src/dsp/dec_clip_tables.c.o
[  8%] Building C object CMakeFiles/webpdspdecode.dir/src/dsp/filters.c.o
[  9%] Building C object CMakeFiles/webpdspdecode.dir/src/dsp/lossless.c.o
[ 10%] Building C object CMakeFiles/webputilsdecode.dir/src/utils/palette.c.o
[ 11%] Building C object CMakeFiles/sharpyuv.dir/sharpyuv/sharpyuv_cpu.c.o
[ 11%] Building C object CMakeFiles/sharpyuv.dir/sharpyuv/sharpyuv_csp.c.o
[ 11%] Building C object CMakeFiles/webpdecode.dir/src/dec/idec_dec.c.o
[ 12%] Building C object CMakeFiles/sharpyuv.dir/sharpyuv/sharpyuv_dsp.c.o
[ 13%] Building C object CMakeFiles/sharpyuv.dir/sharpyuv/sharpyuv_gamma.c.o
[ 13%] Building C object CMakeFiles/sharpyuv.dir/sharpyuv/sharpyuv.c.o
[ 13%] Building C object CMakeFiles/webputilsdecode.dir/src/utils/quant_levels_dec_utils.c.o
[ 14%] Building C object CMakeFiles/webpdecode.dir/src/dec/io_dec.c.o
[ 14%] Building C object CMakeFiles/webpdspdecode.dir/src/dsp/rescaler.c.o
[ 15%] Building C object CMakeFiles/webputilsdecode.dir/src/utils/rescaler_utils.c.o
[ 15%] Building C object CMakeFiles/webputilsdecode.dir/src/utils/random_utils.c.o
[ 16%] Building C object CMakeFiles/webputilsdecode.dir/src/utils/thread_utils.c.o
[ 17%] Building C object CMakeFiles/webpdspdecode.dir/src/dsp/upsampling.c.o
[ 18%] Building C object CMakeFiles/webpdecode.dir/src/dec/quant_dec.c.o
[ 19%] Building C object CMakeFiles/webputilsdecode.dir/src/utils/utils.c.o
[ 19%] Building C object CMakeFiles/webpdecode.dir/src/dec/tree_dec.c.o
[ 19%] Built target webputilsdecode
[ 20%] Building C object CMakeFiles/webpencode.dir/src/enc/alpha_enc.c.o
[ 21%] Linking C static library libsharpyuv.a
[ 21%] Building C object CMakeFiles/webpencode.dir/src/enc/analysis_enc.c.o
[ 21%] Built target sharpyuv
[ 22%] Building C object CMakeFiles/webpdsp.dir/src/dsp/alpha_processing.c.o
[ 23%] Building C object CMakeFiles/webpdecode.dir/src/dec/vp8_dec.c.o
[ 23%] Building C object CMakeFiles/webpdspdecode.dir/src/dsp/yuv.c.o
[ 24%] Building C object CMakeFiles/webpencode.dir/src/enc/backward_references_cost_enc.c.o
[ 24%] Building C object CMakeFiles/webpdsp.dir/src/dsp/cpu.c.o
[ 25%] Building C object CMakeFiles/webpdsp.dir/src/dsp/dec.c.o
[ 25%] Building C object CMakeFiles/webpdsp.dir/src/dsp/dec_clip_tables.c.o
[ 26%] Building C object CMakeFiles/webpdsp.dir/src/dsp/filters.c.o
[ 26%] Building C object CMakeFiles/webpdsp.dir/src/dsp/lossless.c.o
[ 26%] Building C object CMakeFiles/webpdecode.dir/src/dec/vp8l_dec.c.o
[ 26%] Building C object CMakeFiles/webpencode.dir/src/enc/backward_references_enc.c.o
[ 27%] Building C object CMakeFiles/webpdspdecode.dir/src/dsp/alpha_processing_sse41.c.o
[ 27%] Building C object CMakeFiles/webpdspdecode.dir/src/dsp/dec_sse41.c.o
[ 28%] Building C object CMakeFiles/webpdspdecode.dir/src/dsp/lossless_sse41.c.o
[ 29%] Building C object CMakeFiles/webpdspdecode.dir/src/dsp/upsampling_sse41.c.o
[ 30%] Building C object CMakeFiles/webpdsp.dir/src/dsp/rescaler.c.o
[ 30%] Building C object CMakeFiles/webpdspdecode.dir/src/dsp/yuv_sse41.c.o
[ 30%] Building C object CMakeFiles/webpdsp.dir/src/dsp/upsampling.c.o
[ 31%] Building C object CMakeFiles/webpdspdecode.dir/src/dsp/alpha_processing_sse2.c.o
[ 31%] Building C object CMakeFiles/webpdspdecode.dir/src/dsp/dec_sse2.c.o
[ 32%] Building C object CMakeFiles/webpdspdecode.dir/src/dsp/filters_sse2.c.o
[ 33%] Building C object CMakeFiles/webpdecode.dir/src/dec/webp_dec.c.o
[ 33%] Building C object CMakeFiles/webpdspdecode.dir/src/dsp/lossless_sse2.c.o
[ 34%] Building C object CMakeFiles/webpencode.dir/src/enc/config_enc.c.o
[ 35%] Building C object CMakeFiles/webpdsp.dir/src/dsp/yuv.c.o
[ 36%] Building C object CMakeFiles/webpdspdecode.dir/src/dsp/rescaler_sse2.c.o
[ 36%] Building C object CMakeFiles/webpencode.dir/src/enc/cost_enc.c.o
[ 36%] Building C object CMakeFiles/webpdspdecode.dir/src/dsp/upsampling_sse2.c.o
[ 36%] Built target webpdecode
[ 36%] Building C object CMakeFiles/webpdsp.dir/src/dsp/alpha_processing_sse41.c.o
[ 37%] Building C object CMakeFiles/webpdspdecode.dir/src/dsp/yuv_sse2.c.o
[ 38%] Building C object CMakeFiles/webpencode.dir/src/enc/filter_enc.c.o
[ 38%] Building C object CMakeFiles/webpdspdecode.dir/src/dsp/alpha_processing_neon.c.o
[ 39%] Building C object CMakeFiles/webpdsp.dir/src/dsp/dec_sse41.c.o
[ 40%] Building C object CMakeFiles/webpencode.dir/src/enc/frame_enc.c.o
[ 40%] Building C object CMakeFiles/webputils.dir/src/utils/bit_reader_utils.c.o
[ 41%] Building C object CMakeFiles/webputils.dir/src/utils/color_cache_utils.c.o
[ 41%] Building C object CMakeFiles/webputils.dir/src/utils/filters_utils.c.o
[ 42%] Building C object CMakeFiles/webputils.dir/src/utils/huffman_utils.c.o
[ 43%] Building C object CMakeFiles/webputils.dir/src/utils/palette.c.o
[ 44%] Building C object CMakeFiles/webpdspdecode.dir/src/dsp/dec_neon.c.o
[ 44%] Building C object CMakeFiles/webpencode.dir/src/enc/histogram_enc.c.o
[ 44%] Building C object CMakeFiles/webputils.dir/src/utils/quant_levels_dec_utils.c.o
[ 45%] Building C object CMakeFiles/webpdsp.dir/src/dsp/lossless_sse41.c.o
[ 45%] Building C object CMakeFiles/webpdsp.dir/src/dsp/upsampling_sse41.c.o
[ 46%] Building C object CMakeFiles/webpdsp.dir/src/dsp/yuv_sse41.c.o
[ 46%] Building C object CMakeFiles/webpdsp.dir/src/dsp/alpha_processing_sse2.c.o
[ 47%] Building C object CMakeFiles/webpdsp.dir/src/dsp/dec_sse2.c.o
[ 47%] Building C object CMakeFiles/webpdsp.dir/src/dsp/filters_sse2.c.o
[ 48%] Building C object CMakeFiles/webpdsp.dir/src/dsp/lossless_sse2.c.o
[ 49%] Building C object CMakeFiles/webputils.dir/src/utils/rescaler_utils.c.o
[ 49%] Building C object CMakeFiles/webpdsp.dir/src/dsp/rescaler_sse2.c.o
[ 50%] Building C object CMakeFiles/webpdsp.dir/src/dsp/upsampling_sse2.c.o
[ 51%] Building C object CMakeFiles/webpdsp.dir/src/dsp/yuv_sse2.c.o
[ 51%] Building C object CMakeFiles/webputils.dir/src/utils/random_utils.c.o
[ 52%] Building C object CMakeFiles/webputils.dir/src/utils/thread_utils.c.o
[ 52%] Building C object CMakeFiles/webpdsp.dir/src/dsp/alpha_processing_neon.c.o
[ 52%] Building C object CMakeFiles/webputils.dir/src/utils/utils.c.o
[ 53%] Building C object CMakeFiles/webputils.dir/src/utils/bit_writer_utils.c.o
[ 53%] Building C object CMakeFiles/webputils.dir/src/utils/huffman_encode_utils.c.o
[ 54%] Building C object CMakeFiles/webpencode.dir/src/enc/iterator_enc.c.o
[ 55%] Building C object CMakeFiles/webpdspdecode.dir/src/dsp/filters_neon.c.o
[ 56%] Building C object CMakeFiles/webputils.dir/src/utils/quant_levels_utils.c.o
[ 57%] Building C object CMakeFiles/webpdsp.dir/src/dsp/dec_neon.c.o
[ 57%] Built target webputils
[ 57%] Building C object CMakeFiles/webpencode.dir/src/enc/near_lossless_enc.c.o
[ 57%] Building C object CMakeFiles/webpdspdecode.dir/src/dsp/lossless_neon.c.o
[ 58%] Building C object CMakeFiles/webpencode.dir/src/enc/picture_enc.c.o
[ 58%] Building C object CMakeFiles/webpencode.dir/src/enc/picture_csp_enc.c.o
[ 59%] Building C object CMakeFiles/webpdspdecode.dir/src/dsp/rescaler_neon.c.o
[ 59%] Building C object CMakeFiles/webpdspdecode.dir/src/dsp/upsampling_neon.c.o
[ 59%] Building C object CMakeFiles/webpdsp.dir/src/dsp/filters_neon.c.o
[ 60%] Building C object CMakeFiles/webpencode.dir/src/enc/picture_psnr_enc.c.o
[ 60%] Building C object CMakeFiles/webpencode.dir/src/enc/picture_rescale_enc.c.o
[ 61%] Building C object CMakeFiles/webpdspdecode.dir/src/dsp/yuv_neon.c.o
[ 62%] Building C object CMakeFiles/webpencode.dir/src/enc/picture_tools_enc.c.o
[ 63%] Building C object CMakeFiles/webpdsp.dir/src/dsp/lossless_neon.c.o
[ 63%] Building C object CMakeFiles/webpdspdecode.dir/src/dsp/dec_msa.c.o
[ 64%] Building C object CMakeFiles/webpdspdecode.dir/src/dsp/filters_msa.c.o
[ 64%] Building C object CMakeFiles/webpdspdecode.dir/src/dsp/lossless_msa.c.o
[ 65%] Building C object CMakeFiles/webpdspdecode.dir/src/dsp/rescaler_msa.c.o
[ 66%] Building C object CMakeFiles/webpdspdecode.dir/src/dsp/upsampling_msa.c.o
[ 66%] Building C object CMakeFiles/webpdspdecode.dir/src/dsp/dec_mips32.c.o
[ 67%] Building C object CMakeFiles/webpdspdecode.dir/src/dsp/rescaler_mips32.c.o
[ 67%] Building C object CMakeFiles/webpdspdecode.dir/src/dsp/yuv_mips32.c.o
[ 68%] Building C object CMakeFiles/webpdspdecode.dir/src/dsp/alpha_processing_mips_dsp_r2.c.o
[ 68%] Building C object CMakeFiles/webpdspdecode.dir/src/dsp/dec_mips_dsp_r2.c.o
[ 69%] Building C object CMakeFiles/webpdspdecode.dir/src/dsp/filters_mips_dsp_r2.c.o
[ 69%] Building C object CMakeFiles/webpdspdecode.dir/src/dsp/lossless_mips_dsp_r2.c.o
[ 70%] Building C object CMakeFiles/webpdspdecode.dir/src/dsp/rescaler_mips_dsp_r2.c.o
[ 71%] Building C object CMakeFiles/webpdspdecode.dir/src/dsp/upsampling_mips_dsp_r2.c.o
[ 71%] Building C object CMakeFiles/webpdspdecode.dir/src/dsp/yuv_mips_dsp_r2.c.o
[ 71%] Building C object CMakeFiles/webpencode.dir/src/enc/predictor_enc.c.o
[ 71%] Building C object CMakeFiles/webpdsp.dir/src/dsp/rescaler_neon.c.o
[ 72%] Building C object CMakeFiles/webpencode.dir/src/enc/quant_enc.c.o
[ 72%] Built target webpdspdecode
[ 72%] Linking C static library libwebpdecoder.a
[ 72%] Built target webpdecoder
[ 73%] Building C object CMakeFiles/webpdsp.dir/src/dsp/upsampling_neon.c.o
[ 73%] Building C object CMakeFiles/webpdsp.dir/src/dsp/yuv_neon.c.o
[ 74%] Building C object CMakeFiles/webpencode.dir/src/enc/syntax_enc.c.o
[ 74%] Building C object CMakeFiles/webpencode.dir/src/enc/token_enc.c.o
[ 75%] Building C object CMakeFiles/webpdsp.dir/src/dsp/dec_msa.c.o
[ 76%] Building C object CMakeFiles/webpencode.dir/src/enc/tree_enc.c.o
[ 77%] Building C object CMakeFiles/webpdsp.dir/src/dsp/filters_msa.c.o
[ 77%] Building C object CMakeFiles/webpdsp.dir/src/dsp/lossless_msa.c.o
[ 78%] Building C object CMakeFiles/webpdsp.dir/src/dsp/rescaler_msa.c.o
[ 78%] Building C object CMakeFiles/webpdsp.dir/src/dsp/upsampling_msa.c.o
[ 79%] Building C object CMakeFiles/webpdsp.dir/src/dsp/dec_mips32.c.o
[ 79%] Building C object CMakeFiles/webpdsp.dir/src/dsp/rescaler_mips32.c.o
[ 79%] Building C object CMakeFiles/webpencode.dir/src/enc/vp8l_enc.c.o
[ 80%] Building C object CMakeFiles/webpencode.dir/src/enc/webp_enc.c.o
[ 81%] Building C object CMakeFiles/webpdsp.dir/src/dsp/yuv_mips32.c.o
[ 81%] Building C object CMakeFiles/webpdsp.dir/src/dsp/alpha_processing_mips_dsp_r2.c.o
[ 82%] Building C object CMakeFiles/webpdsp.dir/src/dsp/dec_mips_dsp_r2.c.o
[ 83%] Building C object CMakeFiles/webpdsp.dir/src/dsp/filters_mips_dsp_r2.c.o
[ 83%] Building C object CMakeFiles/webpdsp.dir/src/dsp/lossless_mips_dsp_r2.c.o
[ 84%] Building C object CMakeFiles/webpdsp.dir/src/dsp/rescaler_mips_dsp_r2.c.o
[ 84%] Building C object CMakeFiles/webpdsp.dir/src/dsp/upsampling_mips_dsp_r2.c.o
[ 85%] Building C object CMakeFiles/webpdsp.dir/src/dsp/yuv_mips_dsp_r2.c.o
[ 85%] Building C object CMakeFiles/webpdsp.dir/src/dsp/cost.c.o
[ 86%] Building C object CMakeFiles/webpdsp.dir/src/dsp/enc.c.o
[ 86%] Building C object CMakeFiles/webpdsp.dir/src/dsp/lossless_enc.c.o
[ 87%] Building C object CMakeFiles/webpdsp.dir/src/dsp/ssim.c.o
[ 87%] Building C object CMakeFiles/webpdsp.dir/src/dsp/cost_sse2.c.o
[ 88%] Building C object CMakeFiles/webpdsp.dir/src/dsp/enc_sse2.c.o
[ 89%] Building C object CMakeFiles/webpdsp.dir/src/dsp/lossless_enc_sse2.c.o
[ 89%] Building C object CMakeFiles/webpdsp.dir/src/dsp/ssim_sse2.c.o
[ 90%] Building C object CMakeFiles/webpdsp.dir/src/dsp/enc_sse41.c.o
[ 90%] Building C object CMakeFiles/webpdsp.dir/src/dsp/lossless_enc_sse41.c.o
[ 91%] Building C object CMakeFiles/webpdsp.dir/src/dsp/cost_neon.c.o
[ 91%] Building C object CMakeFiles/webpdsp.dir/src/dsp/enc_neon.c.o
[ 92%] Building C object CMakeFiles/webpdsp.dir/src/dsp/lossless_enc_neon.c.o
[ 92%] Building C object CMakeFiles/webpdsp.dir/src/dsp/enc_msa.c.o
[ 93%] Building C object CMakeFiles/webpdsp.dir/src/dsp/lossless_enc_msa.c.o
[ 94%] Building C object CMakeFiles/webpdsp.dir/src/dsp/cost_mips32.c.o
[ 94%] Building C object CMakeFiles/webpdsp.dir/src/dsp/enc_mips32.c.o
[ 95%] Building C object CMakeFiles/webpdsp.dir/src/dsp/lossless_enc_mips32.c.o
[ 95%] Built target webpencode
[ 95%] Building C object CMakeFiles/webpdsp.dir/src/dsp/cost_mips_dsp_r2.c.o
[ 96%] Building C object CMakeFiles/webpdsp.dir/src/dsp/enc_mips_dsp_r2.c.o
[ 96%] Building C object CMakeFiles/webpdsp.dir/src/dsp/lossless_enc_mips_dsp_r2.c.o
[ 96%] Built target webpdsp
[ 96%] Linking C static library libwebp.a
[ 96%] Built target webp
[ 98%] Building C object CMakeFiles/webpdemux.dir/src/demux/anim_decode.c.o
[ 98%] Building C object CMakeFiles/libwebpmux.dir/src/mux/muxedit.c.o
[ 98%] Building C object CMakeFiles/webpdemux.dir/src/demux/demux.c.o
[ 98%] Building C object CMakeFiles/libwebpmux.dir/src/mux/anim_encode.c.o
[ 98%] Building C object CMakeFiles/libwebpmux.dir/src/mux/muxinternal.c.o
[ 99%] Building C object CMakeFiles/libwebpmux.dir/src/mux/muxread.c.o
[100%] Linking C static library libwebpdemux.a
[100%] Built target webpdemux
[100%] Linking C static library libwebpmux.a
[100%] Built target libwebpmux
-- Install configuration: "Release"
-- Installing: /Users/runner/work/orbit/orbit/build/WebP-arm64-install/lib/pkgconfig/libsharpyuv.pc
-- Installing: /Users/runner/work/orbit/orbit/build/WebP-arm64-install/lib/libsharpyuv.a
-- Installing: /Users/runner/work/orbit/orbit/build/WebP-arm64-install/include/webp/sharpyuv/sharpyuv.h
-- Installing: /Users/runner/work/orbit/orbit/build/WebP-arm64-install/include/webp/sharpyuv/sharpyuv_csp.h
-- Installing: /Users/runner/work/orbit/orbit/build/WebP-arm64-install/lib/pkgconfig/libwebpdecoder.pc
-- Installing: /Users/runner/work/orbit/orbit/build/WebP-arm64-install/lib/pkgconfig/libwebp.pc
-- Installing: /Users/runner/work/orbit/orbit/build/WebP-arm64-install/lib/pkgconfig/libwebpdemux.pc
-- Installing: /Users/runner/work/orbit/orbit/build/WebP-arm64-install/lib/pkgconfig/libwebpmux.pc
-- Installing: /Users/runner/work/orbit/orbit/build/WebP-arm64-install/lib/libwebpdecoder.a
-- Installing: /Users/runner/work/orbit/orbit/build/WebP-arm64-install/include/webp/decode.h
-- Installing: /Users/runner/work/orbit/orbit/build/WebP-arm64-install/include/webp/types.h
-- Installing: /Users/runner/work/orbit/orbit/build/WebP-arm64-install/lib/libwebp.a
-- Up-to-date: /Users/runner/work/orbit/orbit/build/WebP-arm64-install/include/webp/decode.h
-- Installing: /Users/runner/work/orbit/orbit/build/WebP-arm64-install/include/webp/encode.h
-- Up-to-date: /Users/runner/work/orbit/orbit/build/WebP-arm64-install/include/webp/types.h
-- Installing: /Users/runner/work/orbit/orbit/build/WebP-arm64-install/lib/libwebpdemux.a
-- Up-to-date: /Users/runner/work/orbit/orbit/build/WebP-arm64-install/include/webp/decode.h
-- Installing: /Users/runner/work/orbit/orbit/build/WebP-arm64-install/include/webp/demux.h
-- Installing: /Users/runner/work/orbit/orbit/build/WebP-arm64-install/include/webp/mux_types.h
-- Up-to-date: /Users/runner/work/orbit/orbit/build/WebP-arm64-install/include/webp/types.h
-- Installing: /Users/runner/work/orbit/orbit/build/WebP-arm64-install/lib/libwebpmux.a
-- Installing: /Users/runner/work/orbit/orbit/build/WebP-arm64-install/include/webp/mux.h
-- Up-to-date: /Users/runner/work/orbit/orbit/build/WebP-arm64-install/include/webp/mux_types.h
-- Up-to-date: /Users/runner/work/orbit/orbit/build/WebP-arm64-install/include/webp/types.h
-- Installing: /Users/runner/work/orbit/orbit/build/WebP-arm64-install/share/WebP/cmake/WebPTargets.cmake
-- Installing: /Users/runner/work/orbit/orbit/build/WebP-arm64-install/share/WebP/cmake/WebPTargets-release.cmake
-- Installing: /Users/runner/work/orbit/orbit/build/WebP-arm64-install/share/WebP/cmake/WebPConfigVersion.cmake
-- Installing: /Users/runner/work/orbit/orbit/build/WebP-arm64-install/share/WebP/cmake/WebPConfig.cmake
-- The C compiler identification is AppleClang 21.0.0.21000101
-- Detecting C compiler ABI info
-- Detecting C compiler ABI info - done
-- Check for working C compiler: /Applications/Xcode_26.6.app/Contents/Developer/Toolchains/XcodeDefault.xctoolchain/usr/bin/clang - skipped
-- Detecting C compile features
-- Detecting C compile features - done
-- Performing Test HAVE_BUILTIN_BSWAP16
-- Performing Test HAVE_BUILTIN_BSWAP16 - Success
-- Performing Test HAVE_BUILTIN_BSWAP32
-- Performing Test HAVE_BUILTIN_BSWAP32 - Success
-- Performing Test HAVE_BUILTIN_BSWAP64
-- Performing Test HAVE_BUILTIN_BSWAP64 - Success
-- Performing Test CMAKE_HAVE_LIBC_PTHREAD
-- Performing Test CMAKE_HAVE_LIBC_PTHREAD - Success
-- Found Threads: TRUE
-- Found OpenGL: /Applications/Xcode_26.6.app/Contents/Developer/Platforms/MacOSX.platform/Developer/SDKs/MacOSX.sdk/System/Library/Frameworks/OpenGL.framework
-- Performing Test HAVE_MATH_LIBRARY
-- Performing Test HAVE_MATH_LIBRARY - Success
-- Looking for include file GLUT/glut.h
-- Looking for include file GLUT/glut.h - found
-- Looking for include file GL/glut.h
-- Looking for include file GL/glut.h - not found
-- Looking for include file OpenGL/glut.h
-- Looking for include file OpenGL/glut.h - not found
-- Looking for include file shlwapi.h
-- Looking for include file shlwapi.h - not found
-- Looking for include file unistd.h
-- Looking for include file unistd.h - found
-- Looking for include file wincodec.h
-- Looking for include file wincodec.h - not found
-- Looking for include file windows.h
-- Looking for include file windows.h - not found
-- Performing Test WEBP_HAVE_FLAG_SSE41
-- Performing Test WEBP_HAVE_FLAG_SSE41 - Success
-- Performing Test WEBP_HAVE_FLAG_SSE2
-- Performing Test WEBP_HAVE_FLAG_SSE2 - Success
-- Performing Test WEBP_HAVE_FLAG_MIPS32
-- Performing Test WEBP_HAVE_FLAG_MIPS32 - Failed
-- Performing Test WEBP_HAVE_FLAG_MIPS32
-- Performing Test WEBP_HAVE_FLAG_MIPS32 - Failed
-- Performing Test WEBP_HAVE_FLAG_MIPS_DSP_R2
-- Performing Test WEBP_HAVE_FLAG_MIPS_DSP_R2 - Failed
-- Performing Test WEBP_HAVE_FLAG_MIPS_DSP_R2
-- Performing Test WEBP_HAVE_FLAG_MIPS_DSP_R2 - Failed
-- Performing Test HAS_COMPILE_FLAG
-- Performing Test HAS_COMPILE_FLAG - Failed
-- Performing Test WEBP_HAVE_FLAG_NEON
-- Performing Test WEBP_HAVE_FLAG_NEON - Failed
-- Performing Test WEBP_HAVE_FLAG_NEON
-- Performing Test WEBP_HAVE_FLAG_NEON - Failed
-- Performing Test WEBP_HAVE_FLAG_MSA
-- Performing Test WEBP_HAVE_FLAG_MSA - Failed
-- Performing Test WEBP_HAVE_FLAG_MSA
-- Performing Test WEBP_HAVE_FLAG_MSA - Failed
-- Performing Test HAS_COMPILE_FLAG
-- Performing Test HAS_COMPILE_FLAG - Failed
-- Configuring done (5.3s)
-- Generating done (0.1s)
-- Build files have been written to: /Users/runner/work/orbit/orbit/build/WebP-x86_64-build
[  1%] Building C object CMakeFiles/sharpyuv.dir/sharpyuv/sharpyuv_sse2.c.o
[  2%] Building C object CMakeFiles/webpdecode.dir/src/dec/alpha_dec.c.o
[  3%] Building C object CMakeFiles/webpdspdecode.dir/src/dsp/alpha_processing.c.o
[  4%] Building C object CMakeFiles/webputilsdecode.dir/src/utils/bit_reader_utils.c.o
[  4%] Building C object CMakeFiles/webpdecode.dir/src/dec/buffer_dec.c.o
[  4%] Building C object CMakeFiles/webputilsdecode.dir/src/utils/color_cache_utils.c.o
[  4%] Building C object CMakeFiles/sharpyuv.dir/sharpyuv/sharpyuv_neon.c.o
[  4%] Building C object CMakeFiles/webpdspdecode.dir/src/dsp/cpu.c.o
[  5%] Building C object CMakeFiles/webputilsdecode.dir/src/utils/filters_utils.c.o
[  6%] Building C object CMakeFiles/webpdecode.dir/src/dec/frame_dec.c.o
[  7%] Building C object CMakeFiles/sharpyuv.dir/sharpyuv/sharpyuv_cpu.c.o
[  8%] Building C object CMakeFiles/webpdspdecode.dir/src/dsp/dec.c.o
[  8%] Building C object CMakeFiles/webputilsdecode.dir/src/utils/huffman_utils.c.o
[  8%] Building C object CMakeFiles/sharpyuv.dir/sharpyuv/sharpyuv_csp.c.o
[  9%] Building C object CMakeFiles/sharpyuv.dir/sharpyuv/sharpyuv_dsp.c.o
[ 10%] Building C object CMakeFiles/webputilsdecode.dir/src/utils/palette.c.o
[ 11%] Building C object CMakeFiles/sharpyuv.dir/sharpyuv/sharpyuv_gamma.c.o
[ 11%] Building C object CMakeFiles/webpdecode.dir/src/dec/idec_dec.c.o
[ 11%] Building C object CMakeFiles/sharpyuv.dir/sharpyuv/sharpyuv.c.o
[ 11%] Building C object CMakeFiles/webputilsdecode.dir/src/utils/quant_levels_dec_utils.c.o
[ 12%] Building C object CMakeFiles/webpdecode.dir/src/dec/io_dec.c.o
[ 13%] Building C object CMakeFiles/webputilsdecode.dir/src/utils/rescaler_utils.c.o
[ 14%] Building C object CMakeFiles/webpdspdecode.dir/src/dsp/dec_clip_tables.c.o
[ 15%] Linking C static library libsharpyuv.a
[ 15%] Building C object CMakeFiles/webpdspdecode.dir/src/dsp/filters.c.o
[ 16%] Building C object CMakeFiles/webpdecode.dir/src/dec/quant_dec.c.o
[ 16%] Building C object CMakeFiles/webputilsdecode.dir/src/utils/random_utils.c.o
[ 17%] Building C object CMakeFiles/webputilsdecode.dir/src/utils/thread_utils.c.o
[ 17%] Built target sharpyuv
[ 17%] Building C object CMakeFiles/webpdecode.dir/src/dec/tree_dec.c.o
[ 18%] Building C object CMakeFiles/webpencode.dir/src/enc/alpha_enc.c.o
[ 19%] Building C object CMakeFiles/webputilsdecode.dir/src/utils/utils.c.o
[ 20%] Building C object CMakeFiles/webpdspdecode.dir/src/dsp/lossless.c.o
[ 20%] Built target webputilsdecode
[ 21%] Building C object CMakeFiles/webpdecode.dir/src/dec/vp8_dec.c.o
[ 21%] Building C object CMakeFiles/webpdecode.dir/src/dec/vp8l_dec.c.o
[ 21%] Building C object CMakeFiles/webpencode.dir/src/enc/analysis_enc.c.o
[ 22%] Building C object CMakeFiles/webpencode.dir/src/enc/backward_references_cost_enc.c.o
[ 23%] Building C object CMakeFiles/webpdsp.dir/src/dsp/alpha_processing.c.o
[ 23%] Building C object CMakeFiles/webpdspdecode.dir/src/dsp/rescaler.c.o
[ 24%] Building C object CMakeFiles/webpdspdecode.dir/src/dsp/upsampling.c.o
[ 24%] Building C object CMakeFiles/webpencode.dir/src/enc/backward_references_enc.c.o
[ 24%] Building C object CMakeFiles/webpdsp.dir/src/dsp/cpu.c.o
[ 25%] Building C object CMakeFiles/webpdsp.dir/src/dsp/dec.c.o
[ 26%] Building C object CMakeFiles/webpdecode.dir/src/dec/webp_dec.c.o
[ 26%] Built target webpdecode
[ 26%] Building C object CMakeFiles/webpdsp.dir/src/dsp/dec_clip_tables.c.o
[ 26%] Building C object CMakeFiles/webputils.dir/src/utils/bit_reader_utils.c.o
[ 27%] Building C object CMakeFiles/webpdsp.dir/src/dsp/filters.c.o
[ 28%] Building C object CMakeFiles/webputils.dir/src/utils/color_cache_utils.c.o
[ 29%] Building C object CMakeFiles/webpencode.dir/src/enc/config_enc.c.o
[ 29%] Building C object CMakeFiles/webputils.dir/src/utils/filters_utils.c.o
[ 29%] Building C object CMakeFiles/webpdsp.dir/src/dsp/lossless.c.o
[ 29%] Building C object CMakeFiles/webpdspdecode.dir/src/dsp/yuv.c.o
[ 29%] Building C object CMakeFiles/webpencode.dir/src/enc/cost_enc.c.o
[ 30%] Building C object CMakeFiles/webputils.dir/src/utils/huffman_utils.c.o
[ 31%] Building C object CMakeFiles/webpencode.dir/src/enc/filter_enc.c.o
[ 32%] Building C object CMakeFiles/webputils.dir/src/utils/palette.c.o
[ 33%] Building C object CMakeFiles/webpencode.dir/src/enc/frame_enc.c.o
[ 33%] Building C object CMakeFiles/webputils.dir/src/utils/quant_levels_dec_utils.c.o
[ 34%] Building C object CMakeFiles/webpdsp.dir/src/dsp/rescaler.c.o
[ 35%] Building C object CMakeFiles/webputils.dir/src/utils/rescaler_utils.c.o
[ 35%] Building C object CMakeFiles/webpdsp.dir/src/dsp/upsampling.c.o
[ 35%] Building C object CMakeFiles/webpencode.dir/src/enc/histogram_enc.c.o
[ 35%] Building C object CMakeFiles/webputils.dir/src/utils/random_utils.c.o
[ 36%] Building C object CMakeFiles/webputils.dir/src/utils/thread_utils.c.o
[ 36%] Building C object CMakeFiles/webputils.dir/src/utils/utils.c.o
[ 37%] Building C object CMakeFiles/webpdspdecode.dir/src/dsp/alpha_processing_sse41.c.o
[ 38%] Building C object CMakeFiles/webputils.dir/src/utils/bit_writer_utils.c.o
[ 38%] Building C object CMakeFiles/webpdspdecode.dir/src/dsp/dec_sse41.c.o
[ 38%] Building C object CMakeFiles/webputils.dir/src/utils/huffman_encode_utils.c.o
[ 39%] Building C object CMakeFiles/webpencode.dir/src/enc/iterator_enc.c.o
[ 40%] Building C object CMakeFiles/webpdspdecode.dir/src/dsp/lossless_sse41.c.o
[ 41%] Building C object CMakeFiles/webputils.dir/src/utils/quant_levels_utils.c.o
[ 42%] Building C object CMakeFiles/webpdspdecode.dir/src/dsp/upsampling_sse41.c.o
[ 42%] Building C object CMakeFiles/webpencode.dir/src/enc/near_lossless_enc.c.o
[ 42%] Built target webputils
[ 43%] Building C object CMakeFiles/webpdsp.dir/src/dsp/yuv.c.o
[ 43%] Building C object CMakeFiles/webpdspdecode.dir/src/dsp/yuv_sse41.c.o
[ 44%] Building C object CMakeFiles/webpencode.dir/src/enc/picture_enc.c.o
[ 45%] Building C object CMakeFiles/webpdspdecode.dir/src/dsp/alpha_processing_sse2.c.o
[ 45%] Building C object CMakeFiles/webpencode.dir/src/enc/picture_csp_enc.c.o
[ 45%] Building C object CMakeFiles/webpdsp.dir/src/dsp/alpha_processing_sse41.c.o
[ 45%] Building C object CMakeFiles/webpdspdecode.dir/src/dsp/dec_sse2.c.o
[ 46%] Building C object CMakeFiles/webpencode.dir/src/enc/picture_psnr_enc.c.o
[ 46%] Building C object CMakeFiles/webpencode.dir/src/enc/picture_rescale_enc.c.o
[ 47%] Building C object CMakeFiles/webpdsp.dir/src/dsp/dec_sse41.c.o
[ 48%] Building C object CMakeFiles/webpencode.dir/src/enc/picture_tools_enc.c.o
[ 48%] Building C object CMakeFiles/webpencode.dir/src/enc/predictor_enc.c.o
[ 49%] Building C object CMakeFiles/webpdsp.dir/src/dsp/lossless_sse41.c.o
[ 49%] Building C object CMakeFiles/webpdsp.dir/src/dsp/upsampling_sse41.c.o
[ 50%] Building C object CMakeFiles/webpdspdecode.dir/src/dsp/filters_sse2.c.o
[ 51%] Building C object CMakeFiles/webpdsp.dir/src/dsp/yuv_sse41.c.o
[ 52%] Building C object CMakeFiles/webpencode.dir/src/enc/quant_enc.c.o
[ 52%] Building C object CMakeFiles/webpdspdecode.dir/src/dsp/lossless_sse2.c.o
[ 52%] Building C object CMakeFiles/webpdsp.dir/src/dsp/alpha_processing_sse2.c.o
[ 53%] Building C object CMakeFiles/webpdspdecode.dir/src/dsp/rescaler_sse2.c.o
[ 54%] Building C object CMakeFiles/webpdsp.dir/src/dsp/dec_sse2.c.o
[ 54%] Building C object CMakeFiles/webpdspdecode.dir/src/dsp/upsampling_sse2.c.o
[ 55%] Building C object CMakeFiles/webpencode.dir/src/enc/syntax_enc.c.o
[ 55%] Building C object CMakeFiles/webpencode.dir/src/enc/token_enc.c.o
[ 56%] Building C object CMakeFiles/webpencode.dir/src/enc/tree_enc.c.o
[ 56%] Building C object CMakeFiles/webpdsp.dir/src/dsp/filters_sse2.c.o
[ 56%] Building C object CMakeFiles/webpencode.dir/src/enc/vp8l_enc.c.o
[ 57%] Building C object CMakeFiles/webpencode.dir/src/enc/webp_enc.c.o
[ 58%] Building C object CMakeFiles/webpdspdecode.dir/src/dsp/yuv_sse2.c.o
[ 59%] Building C object CMakeFiles/webpdsp.dir/src/dsp/lossless_sse2.c.o
[ 59%] Building C object CMakeFiles/webpdsp.dir/src/dsp/rescaler_sse2.c.o
[ 60%] Building C object CMakeFiles/webpdsp.dir/src/dsp/upsampling_sse2.c.o
[ 60%] Building C object CMakeFiles/webpdspdecode.dir/src/dsp/alpha_processing_neon.c.o
[ 61%] Building C object CMakeFiles/webpdspdecode.dir/src/dsp/dec_neon.c.o
[ 63%] Building C object CMakeFiles/webpdsp.dir/src/dsp/yuv_sse2.c.o
[ 63%] Building C object CMakeFiles/webpdspdecode.dir/src/dsp/filters_neon.c.o
[ 63%] Building C object CMakeFiles/webpdspdecode.dir/src/dsp/lossless_neon.c.o
[ 64%] Building C object CMakeFiles/webpdspdecode.dir/src/dsp/rescaler_neon.c.o
[ 64%] Building C object CMakeFiles/webpdspdecode.dir/src/dsp/upsampling_neon.c.o
[ 64%] Built target webpencode
[ 64%] Building C object CMakeFiles/webpdsp.dir/src/dsp/alpha_processing_neon.c.o
[ 65%] Building C object CMakeFiles/webpdspdecode.dir/src/dsp/yuv_neon.c.o
[ 66%] Building C object CMakeFiles/webpdsp.dir/src/dsp/dec_neon.c.o
[ 66%] Building C object CMakeFiles/webpdsp.dir/src/dsp/filters_neon.c.o
[ 66%] Building C object CMakeFiles/webpdspdecode.dir/src/dsp/dec_msa.c.o
[ 67%] Building C object CMakeFiles/webpdsp.dir/src/dsp/lossless_neon.c.o
[ 67%] Building C object CMakeFiles/webpdsp.dir/src/dsp/rescaler_neon.c.o
[ 69%] Building C object CMakeFiles/webpdspdecode.dir/src/dsp/filters_msa.c.o
[ 69%] Building C object CMakeFiles/webpdsp.dir/src/dsp/upsampling_neon.c.o
[ 69%] Building C object CMakeFiles/webpdsp.dir/src/dsp/yuv_neon.c.o
[ 70%] Building C object CMakeFiles/webpdsp.dir/src/dsp/dec_msa.c.o
[ 71%] Building C object CMakeFiles/webpdsp.dir/src/dsp/filters_msa.c.o
[ 71%] Building C object CMakeFiles/webpdspdecode.dir/src/dsp/lossless_msa.c.o
[ 71%] Building C object CMakeFiles/webpdsp.dir/src/dsp/lossless_msa.c.o
[ 72%] Building C object CMakeFiles/webpdsp.dir/src/dsp/rescaler_msa.c.o
[ 72%] Building C object CMakeFiles/webpdsp.dir/src/dsp/upsampling_msa.c.o
[ 73%] Building C object CMakeFiles/webpdsp.dir/src/dsp/dec_mips32.c.o
[ 74%] Building C object CMakeFiles/webpdspdecode.dir/src/dsp/rescaler_msa.c.o
[ 74%] Building C object CMakeFiles/webpdsp.dir/src/dsp/rescaler_mips32.c.o
[ 74%] Building C object CMakeFiles/webpdsp.dir/src/dsp/alpha_processing_mips_dsp_r2.c.o
[ 75%] Building C object CMakeFiles/webpdsp.dir/src/dsp/yuv_mips32.c.o
[ 76%] Building C object CMakeFiles/webpdspdecode.dir/src/dsp/upsampling_msa.c.o
[ 77%] Building C object CMakeFiles/webpdsp.dir/src/dsp/dec_mips_dsp_r2.c.o
[ 78%] Building C object CMakeFiles/webpdsp.dir/src/dsp/filters_mips_dsp_r2.c.o
[ 78%] Building C object CMakeFiles/webpdsp.dir/src/dsp/lossless_mips_dsp_r2.c.o
[ 78%] Building C object CMakeFiles/webpdspdecode.dir/src/dsp/dec_mips32.c.o
[ 79%] Building C object CMakeFiles/webpdsp.dir/src/dsp/rescaler_mips_dsp_r2.c.o
[ 79%] Building C object CMakeFiles/webpdsp.dir/src/dsp/upsampling_mips_dsp_r2.c.o
[ 80%] Building C object CMakeFiles/webpdsp.dir/src/dsp/yuv_mips_dsp_r2.c.o
[ 81%] Building C object CMakeFiles/webpdspdecode.dir/src/dsp/rescaler_mips32.c.o
[ 81%] Building C object CMakeFiles/webpdsp.dir/src/dsp/cost.c.o
[ 82%] Building C object CMakeFiles/webpdsp.dir/src/dsp/enc.c.o
[ 82%] Building C object CMakeFiles/webpdspdecode.dir/src/dsp/yuv_mips32.c.o
[ 83%] Building C object CMakeFiles/webpdspdecode.dir/src/dsp/alpha_processing_mips_dsp_r2.c.o
[ 83%] Building C object CMakeFiles/webpdspdecode.dir/src/dsp/dec_mips_dsp_r2.c.o
[ 83%] Building C object CMakeFiles/webpdsp.dir/src/dsp/lossless_enc.c.o
[ 84%] Building C object CMakeFiles/webpdspdecode.dir/src/dsp/filters_mips_dsp_r2.c.o
[ 85%] Building C object CMakeFiles/webpdsp.dir/src/dsp/ssim.c.o
[ 85%] Building C object CMakeFiles/webpdspdecode.dir/src/dsp/lossless_mips_dsp_r2.c.o
[ 85%] Building C object CMakeFiles/webpdsp.dir/src/dsp/cost_sse2.c.o
[ 86%] Building C object CMakeFiles/webpdspdecode.dir/src/dsp/rescaler_mips_dsp_r2.c.o
[ 87%] Building C object CMakeFiles/webpdsp.dir/src/dsp/enc_sse2.c.o
[ 88%] Building C object CMakeFiles/webpdspdecode.dir/src/dsp/upsampling_mips_dsp_r2.c.o
[ 89%] Building C object CMakeFiles/webpdsp.dir/src/dsp/lossless_enc_sse2.c.o
[ 89%] Building C object CMakeFiles/webpdsp.dir/src/dsp/ssim_sse2.c.o
[ 89%] Building C object CMakeFiles/webpdspdecode.dir/src/dsp/yuv_mips_dsp_r2.c.o
[ 89%] Built target webpdspdecode
[ 90%] Building C object CMakeFiles/webpdsp.dir/src/dsp/enc_sse41.c.o
[ 90%] Linking C static library libwebpdecoder.a
[ 90%] Building C object CMakeFiles/webpdsp.dir/src/dsp/lossless_enc_sse41.c.o
[ 91%] Building C object CMakeFiles/webpdsp.dir/src/dsp/cost_neon.c.o
[ 91%] Built target webpdecoder
[ 91%] Building C object CMakeFiles/webpdsp.dir/src/dsp/enc_neon.c.o
[ 92%] Building C object CMakeFiles/webpdsp.dir/src/dsp/lossless_enc_neon.c.o
[ 92%] Building C object CMakeFiles/webpdsp.dir/src/dsp/enc_msa.c.o
[ 93%] Building C object CMakeFiles/webpdsp.dir/src/dsp/lossless_enc_msa.c.o
[ 94%] Building C object CMakeFiles/webpdsp.dir/src/dsp/cost_mips32.c.o
[ 94%] Building C object CMakeFiles/webpdsp.dir/src/dsp/enc_mips32.c.o
[ 95%] Building C object CMakeFiles/webpdsp.dir/src/dsp/lossless_enc_mips32.c.o
[ 95%] Building C object CMakeFiles/webpdsp.dir/src/dsp/cost_mips_dsp_r2.c.o
[ 96%] Building C object CMakeFiles/webpdsp.dir/src/dsp/enc_mips_dsp_r2.c.o
[ 96%] Building C object CMakeFiles/webpdsp.dir/src/dsp/lossless_enc_mips_dsp_r2.c.o
[ 96%] Built target webpdsp
[ 96%] Linking C static library libwebp.a
[ 96%] Built target webp
[ 96%] Building C object CMakeFiles/libwebpmux.dir/src/mux/anim_encode.c.o
[ 97%] Building C object CMakeFiles/libwebpmux.dir/src/mux/muxedit.c.o
[ 98%] Building C object CMakeFiles/webpdemux.dir/src/demux/anim_decode.c.o
[ 98%] Building C object CMakeFiles/webpdemux.dir/src/demux/demux.c.o
[ 98%] Building C object CMakeFiles/libwebpmux.dir/src/mux/muxinternal.c.o
[ 99%] Building C object CMakeFiles/libwebpmux.dir/src/mux/muxread.c.o
[100%] Linking C static library libwebpdemux.a
[100%] Built target webpdemux
[100%] Linking C static library libwebpmux.a
[100%] Built target libwebpmux
-- Install configuration: "Release"
-- Installing: /Users/runner/work/orbit/orbit/build/WebP-x86_64-install/lib/pkgconfig/libsharpyuv.pc
-- Installing: /Users/runner/work/orbit/orbit/build/WebP-x86_64-install/lib/libsharpyuv.a
-- Installing: /Users/runner/work/orbit/orbit/build/WebP-x86_64-install/include/webp/sharpyuv/sharpyuv.h
-- Installing: /Users/runner/work/orbit/orbit/build/WebP-x86_64-install/include/webp/sharpyuv/sharpyuv_csp.h
-- Installing: /Users/runner/work/orbit/orbit/build/WebP-x86_64-install/lib/pkgconfig/libwebpdecoder.pc
-- Installing: /Users/runner/work/orbit/orbit/build/WebP-x86_64-install/lib/pkgconfig/libwebp.pc
-- Installing: /Users/runner/work/orbit/orbit/build/WebP-x86_64-install/lib/pkgconfig/libwebpdemux.pc
-- Installing: /Users/runner/work/orbit/orbit/build/WebP-x86_64-install/lib/pkgconfig/libwebpmux.pc
-- Installing: /Users/runner/work/orbit/orbit/build/WebP-x86_64-install/lib/libwebpdecoder.a
-- Installing: /Users/runner/work/orbit/orbit/build/WebP-x86_64-install/include/webp/decode.h
-- Installing: /Users/runner/work/orbit/orbit/build/WebP-x86_64-install/include/webp/types.h
-- Installing: /Users/runner/work/orbit/orbit/build/WebP-x86_64-install/lib/libwebp.a
-- Up-to-date: /Users/runner/work/orbit/orbit/build/WebP-x86_64-install/include/webp/decode.h
-- Installing: /Users/runner/work/orbit/orbit/build/WebP-x86_64-install/include/webp/encode.h
-- Up-to-date: /Users/runner/work/orbit/orbit/build/WebP-x86_64-install/include/webp/types.h
-- Installing: /Users/runner/work/orbit/orbit/build/WebP-x86_64-install/lib/libwebpdemux.a
-- Up-to-date: /Users/runner/work/orbit/orbit/build/WebP-x86_64-install/include/webp/decode.h
-- Installing: /Users/runner/work/orbit/orbit/build/WebP-x86_64-install/include/webp/demux.h
-- Installing: /Users/runner/work/orbit/orbit/build/WebP-x86_64-install/include/webp/mux_types.h
-- Up-to-date: /Users/runner/work/orbit/orbit/build/WebP-x86_64-install/include/webp/types.h
-- Installing: /Users/runner/work/orbit/orbit/build/WebP-x86_64-install/lib/libwebpmux.a
-- Installing: /Users/runner/work/orbit/orbit/build/WebP-x86_64-install/include/webp/mux.h
-- Up-to-date: /Users/runner/work/orbit/orbit/build/WebP-x86_64-install/include/webp/mux_types.h
-- Up-to-date: /Users/runner/work/orbit/orbit/build/WebP-x86_64-install/include/webp/types.h
-- Installing: /Users/runner/work/orbit/orbit/build/WebP-x86_64-install/share/WebP/cmake/WebPTargets.cmake
-- Installing: /Users/runner/work/orbit/orbit/build/WebP-x86_64-install/share/WebP/cmake/WebPTargets-release.cmake
-- Installing: /Users/runner/work/orbit/orbit/build/WebP-x86_64-install/share/WebP/cmake/WebPConfigVersion.cmake
-- Installing: /Users/runner/work/orbit/orbit/build/WebP-x86_64-install/share/WebP/cmake/WebPConfig.cmake
Architectures in the fat file: build/WebP/lib/libwebp.a are: x86_64 arm64 
Architectures in the fat file: build/WebP/lib/libsharpyuv.a are: x86_64 arm64 
Verified /Users/runner/work/orbit/orbit/NotchOrbitPlus/NotchOrbitPlus.xcodeproj (212 source files, 4 targets)
Building for debugging...
[0/7] /Users/runner/work/orbit/orbit/NotchOrbitPlus/.build/arm64-apple-macosx/debug/NotchCorePackageTests.derived/runner.swift
[1/7] Write sources
[4/7] Write swift-version-7974D3F7F03D5E95.txt
[6/42] Compiling NotchCore CurrencyConversion.swift
[7/42] Compiling NotchCore DashboardBehavior.swift
[8/42] Compiling NotchCore DownloadActivities.swift
[9/42] Compiling NotchCore FocusAppPolicy.swift
[10/42] Compiling NotchCore FocusHistory.swift
[11/42] Compiling NotchCore FocusTimer.swift
[12/42] Compiling NotchCore GithubActionsData.swift
[13/42] Compiling NotchCore HabitLibrary.swift
[14/42] Compiling NotchCore LiveNotchStatus.swift
[15/42] Compiling NotchCore MeetingPlanner.swift
[16/42] Compiling NotchCore NotchActivation.swift
[17/42] Compiling NotchCore NotchGeometry.swift
[18/42] Compiling NotchCore OnlineCodexQuota.swift
[19/42] Compiling NotchCore OnlineFXRates.swift
[20/42] Compiling NotchCore OnlineServiceData.swift
[21/42] Compiling NotchCore OnlineWeatherStocks.swift
[22/42] Compiling NotchCore OrbitNativeParsers.swift
[23/58] Emitting module NotchCore
[24/58] Compiling NotchCore CommandActivities.swift
[25/58] Compiling NotchCore ContextRules.swift
[26/58] Compiling NotchCore CoreAppearancePreferences.swift
[27/58] Compiling NotchCore CoreAssistantFiles.swift
[28/58] Compiling NotchCore CoreCapture.swift
[29/58] Compiling NotchCore CoreClipboardTransform.swift
[30/58] Compiling NotchCore CoreColorPalette.swift
[31/58] Compiling NotchCore CoreDictation.swift
[32/58] Compiling NotchCore CoreGlobalSearch.swift
[33/58] Compiling NotchCore CoreLRCLyrics.swift
[34/58] Compiling NotchCore CoreLauncherPins.swift
[35/58] Compiling NotchCore CorePlugins.swift
[36/58] Compiling NotchCore CoreQR.swift
[37/58] Compiling NotchCore CoreSystemMedia.swift
[38/58] Compiling NotchCore CoreTranslation.swift
[39/58] Compiling NotchCore CoreUpdate.swift
[40/58] Compiling NotchCore CoreVerificationCode.swift
[41/58] Compiling NotchCore OrbitSystemDeltas.swift
[42/58] Compiling NotchCore PlusIntentValidation.swift
[43/58] Compiling NotchCore PlusTool.swift
[44/58] Compiling NotchCore ProviderSportsData.swift
[45/58] Compiling NotchCore ProviderTrackingData.swift
[46/58] Compiling NotchCore ProviderTravelData.swift
[47/58] Compiling NotchCore ShelfAutomation.swift
[48/58] Compiling NotchCore ShelfLibraryMetadata.swift
[49/58] Compiling NotchCore SnippetLibrary.swift
[50/58] Compiling NotchCore SyncModels.swift
[51/58] Compiling NotchCore SyncPortableLibrary.swift
[52/58] Compiling NotchCore SystemControlsModels.swift
[53/58] Compiling NotchCore SystemDeviceModels.swift
[54/58] Compiling NotchCore WeatherForecastNotices.swift
[55/58] Compiling NotchCore WorkflowPreset.swift
[56/58] Compiling NotchCore WorldClockConversion.swift
[57/83] Compiling NotchCoreTests AppearancePriorityTests.swift
[58/83] Compiling NotchCoreTests ContextActivityTests.swift
[59/83] Compiling NotchCoreTests CoreAssistantFilesTests.swift
[60/83] Compiling NotchCoreTests CoreCaptureTests.swift
[61/83] Compiling NotchCoreTests CoreColorPaletteTests.swift
[62/83] Compiling NotchCoreTests CoreDictationTests.swift
[63/83] Compiling NotchCoreTests CoreLRCLyricsTests.swift
[64/83] Compiling NotchCoreTests CoreLauncherPinsTests.swift
[65/83] Compiling NotchCoreTests CoreQRTests.swift
[66/83] Compiling NotchCoreTests CoreSystemMediaTests.swift
[67/83] Compiling NotchCoreTests CoreTranslationTests.swift
[68/83] Compiling NotchCoreTests CoreUpdateTests.swift
[69/83] Emitting module NotchCoreTests
[70/83] Compiling NotchCoreTests DashboardBehaviorTests.swift
[71/83] Compiling NotchCoreTests DeviceNetworkModelsTests.swift
[72/83] Compiling NotchCoreTests FocusTimerTests.swift
[73/83] Compiling NotchCoreTests MeetingLiveStatusTests.swift
[74/83] Compiling NotchCoreTests NewLocalToolsCoreTests.swift
[75/83] Compiling NotchCoreTests NotchActivationTests.swift
[76/83] Compiling NotchCoreTests NotchDragPayloadTests.swift
[77/83] Compiling NotchCoreTests NotchGeometryTests.swift
[78/83] Compiling NotchCoreTests NotchLayoutTests.swift
[79/83] Compiling NotchCoreTests OnlineCodexQuotaTests.swift
[80/83] Compiling NotchCoreTests OnlineServiceDataTests.swift
[81/83] Compiling NotchCoreTests OrbitNativeParsersTests.swift
[82/95] Compiling NotchCoreTests OrbitSystemDeltasTests.swift
[83/95] Compiling NotchCoreTests PersonalLibraryTests.swift
[84/95] Compiling NotchCoreTests Phase2PlanningDataTests.swift
[85/95] Compiling NotchCoreTests PlatformBehaviorTests.swift
[86/95] Compiling NotchCoreTests PlusIntentValidationTests.swift
[87/95] Compiling NotchCoreTests PlusLocalModelsTests.swift
[88/95] Compiling NotchCoreTests ProviderStatusDataTests.swift
[89/95] Compiling NotchCoreTests ShelfLibraryEvaluationTests.swift
[90/95] Compiling NotchCoreTests SyncModelsTests.swift
[91/95] Compiling NotchCoreTests SyncPortableLibraryTests.swift
[92/95] Compiling NotchCoreTests SystemControlsTests.swift
[93/95] Compiling NotchCoreTests WorkflowPresetTests.swift
[94/97] Emitting module NotchCorePackageTests
[95/97] Compiling NotchCorePackageTests runner.swift
[95/97] Write Objects.LinkFileList
[96/97] Linking NotchCorePackageTests
Build complete! (24.23s)
[1/173] Testing NotchCoreTests.AppearancePriorityTests/testCustomPriorityChangesActualSelectionWhileDefaultRetainsExistingRelativeOrder
[2/173] Testing NotchCoreTests.AppearancePriorityTests/testAppearanceRoundTripDefaultsSilentAndRejectsUnknownOrOversizedData
[3/173] Testing NotchCoreTests.AppearancePriorityTests/testPortableSettingsValidateZonesAndPriorityAndExcludeMacConfiguration
[4/173] Testing NotchCoreTests.ContextActivityTests/testCommandFinishMustMatchObservedStartAndPauseDoesNotInventExit
[5/173] Testing NotchCoreTests.ContextActivityTests/testCommandMetadataRejectsOversizeUnknownKeysControlTextAndInvalidResults
[6/173] Testing NotchCoreTests.ContextActivityTests/testContextUsesStablePriorityAndIgnoresDisabledOrHiddenTools
[7/173] Testing NotchCoreTests.ContextActivityTests/testExplicitDownloadTotalProducesMeasuredProgressAndETAButRejectsInvalidEstimates
[8/173] Testing NotchCoreTests.ContextActivityTests/testDirectoryPartialHasUnknownBytesAndExistingFinishedFilesDoNotBecomeActivities
[9/173] Testing NotchCoreTests.ContextActivityTests/testFinderRuleNeedsActualInjectedDragAndRuleValidationRejectsUnsafeIdentifiers
[10/173] Testing NotchCoreTests.ContextActivityTests/testUnchangedPreexistingFinalAndRemovedPartialDoNotClaimCompletion
[11/173] Testing NotchCoreTests.ContextActivityTests/testObservedPartialRenameRetainsRealFinalButNeverInventsTotalOrETA
[12/173] Testing NotchCoreTests.CoreAssistantFilesTests/testCSVQuotedFieldsRoundTripAndMalformedRowsAreRejected
[13/173] Testing NotchCoreTests.CoreCaptureTests/testAreaClipsToOneDisplayAndRejectsSmallNonfiniteSelections
[14/173] Testing NotchCoreTests.CoreAssistantFilesTests/testFilenameAndBoundedTextPlanningPreservesMeaningAndRejectsPaths
[15/173] Testing NotchCoreTests.CoreCaptureTests/testDurationLimitsAndCaptureIndexRejectTamperedRecords
[16/173] Testing NotchCoreTests.CoreCaptureTests/testRecordingFitsH264EvenDimensionsAndKeepsAspect
[17/173] Testing NotchCoreTests.CoreCaptureTests/testReversedRetinaAreaUsesTopLeftDisplayCoordinates
[18/173] Testing NotchCoreTests.CoreColorPaletteTests/testComponentsRejectNonfiniteAndOutOfRangeValuesIncludingDecodedInput
[19/173] Testing NotchCoreTests.CoreColorPaletteTests/testNamesAndCollectionBoundsPreventUnboundedPayloads
[20/173] Testing NotchCoreTests.CoreColorPaletteTests/testHSLHueSectorsAndAchromaticEndpoints
[21/173] Testing NotchCoreTests.CoreColorPaletteTests/testPaletteExportRoundTripsAndRejectsUnsupportedOrOversizedData
[22/173] Testing NotchCoreTests.CoreDictationTests/testMeasuredRMSAndWaveformKeepRealLevelsAndBoundMemory
[23/173] Testing NotchCoreTests.CoreDictationTests/testTranscriptAndShortcutValidationPreserveRecognizedWords
[24/173] Testing NotchCoreTests.CoreColorPaletteTests/testPrimaryColorsAndTransparencyFormatDeterministically
[25/173] Testing NotchCoreTests.CoreLRCLyricsTests/testPlainInstrumentalAndMissingLyricsNeverInventSynchronization
[26/173] Testing NotchCoreTests.CoreLRCLyricsTests/testQueryUsesFixedEndpointAndEscapesMetadataWithoutAdditionalParameters
[27/173] Testing NotchCoreTests.CoreLRCLyricsTests/testSynchronizedResultPreservesActualTimestampsAndRequiresMatchingMetadata
[28/173] Testing NotchCoreTests.CoreQRTests/testDecodedOptionsAndRequestsRejectTamperedInput
[29/173] Testing NotchCoreTests.CoreLauncherPinsTests/testMalformedShortcutCannotInjectCLIFlagsAndDuplicatesAreRejected
[30/173] Testing NotchCoreTests.CoreLauncherPinsTests/testPersistenceReorderingAndSearchKeepOpaqueBookmarksAndIdentities
[31/173] Testing NotchCoreTests.CoreQRTests/testPayloadPreservesUnicodeWhitespaceAndCountsActualUTF8Bytes
[32/173] Testing NotchCoreTests.CoreSystemMediaTests/testAbsentAndMalformedMetadataCannotInventTrackOrProgress
[33/173] Testing NotchCoreTests.CoreQRTests/testEveryCorrectionAndIntegerScaleRoundTripsWithFourModuleQuietZone
[34/173] Testing NotchCoreTests.CoreTranslationTests/testTranslationRequestValidatesLanguagePairAndPreservesTypedText
[35/173] Testing NotchCoreTests.CoreUpdateTests/testAdhocCannotClaimNotarizationOrSigningTeam
[36/173] Testing NotchCoreTests.CoreSystemMediaTests/testRealTimestampRatePositionAndPauseClamp
[37/173] Testing NotchCoreTests.CoreUpdateTests/testChecksumRejectsModifiedDataAndWrongLength
[38/173] Testing NotchCoreTests.CoreUpdateTests/testStableVersionsCompareNumericallyAndRejectAmbiguity
[39/173] Testing NotchCoreTests.CoreUpdateTests/testFeedRejectsChangedOriginsPathsProductAndProvenance
[40/173] Testing NotchCoreTests.DashboardBehaviorTests/testFullscreenPolicyRequiresPermissionAndTheSameDisplay
[41/173] Testing NotchCoreTests.DashboardBehaviorTests/testDisplayRulesRejectNonfiniteWidthsAndInvalidDisplayIdentities
[42/173] Testing NotchCoreTests.CoreUpdateTests/testValidPublishedFeedHasVersionAndPlatformBoundaries
[43/173] Testing NotchCoreTests.DeviceNetworkModelsTests/testOnlyReportedValidBatteryValuesBecomePercentages
[44/173] Testing NotchCoreTests.DashboardBehaviorTests/testKeyboardNavigationWrapsOnlyThroughVisibleTools
[45/173] Testing NotchCoreTests.DeviceNetworkModelsTests/testFocusRequiresAuthorizationAndPreservesUnknownSharedState
[46/173] Testing NotchCoreTests.DeviceNetworkModelsTests/testPerInterfaceRateHandlesResetNewInactiveAndVPNWithoutCombining
[47/173] Testing NotchCoreTests.FocusTimerTests/testDeadlineSurvivesPersistenceAndSleepWithoutTickCounting
[48/173] Testing NotchCoreTests.DeviceNetworkModelsTests/testTunnelClassificationDoesNotClaimInternetReachability
[49/173] Testing NotchCoreTests.MeetingLiveStatusTests/testCountdownRecoversAcrossSleepAndMeetingEnd
[50/173] Testing NotchCoreTests.FocusTimerTests/testRestDoesNotCountAsFocusAndCancelNeverCompletes
[51/173] Testing NotchCoreTests.FocusTimerTests/testPauseResumePreservesRemainingAcrossLongHiddenInterval
[52/173] Testing NotchCoreTests.MeetingLiveStatusTests/testJoinURLCanComeFromCalendarLocationOrNotes
[53/173] Testing NotchCoreTests.MeetingLiveStatusTests/testLiveStatusDiscardsDuplicateBlankInvalidProgressAndRetainsSimultaneousJobs
[54/173] Testing NotchCoreTests.MeetingLiveStatusTests/testJoinLinksRejectUnsafeSchemesCredentialsLookalikeHostsAndPorts
[55/173] Testing NotchCoreTests.MeetingLiveStatusTests/testLiveStatusShowsJobThenMeetingThenFocusThenMusicAndReturnsAfterCompletion
[56/173] Testing NotchCoreTests.MeetingLiveStatusTests/testUpcomingPrioritizesOngoingAndFiltersExpiredAllDayAndInvalidRanges
[57/173] Testing NotchCoreTests.NewLocalToolsCoreTests/testPluginV1RejectsTraversalPermissionsAndUndeclaredButtons
[58/173] Testing NotchCoreTests.NewLocalToolsCoreTests/testURLBase64TextAndTrackingTransformationsHaveActualResults
[59/173] Testing NotchCoreTests.NewLocalToolsCoreTests/testTransformersPreserveJSONNumbersAndEscapesAndRejectMalformedInput
[60/173] Testing NotchCoreTests.NewLocalToolsCoreTests/testSearchRanksTitlesRequiresAllTokensAndMovesSelection
[61/173] Testing NotchCoreTests.NotchActivationTests/testFreshFileDragNeedsNoModifierAndActivatesOnlyOnce
[62/173] Testing NotchCoreTests.NotchActivationTests/testEscapeOrFullCancellationCannotReactivateWithoutAnotherMouseDown
[63/173] Testing NotchCoreTests.NewLocalToolsCoreTests/testVerificationCodesRequireContextAndExpireAtOneMinute
[64/173] Testing NotchCoreTests.NotchActivationTests/testLeavingAndReenteringRequiresNewPresentationGeneration
[65/173] Testing NotchCoreTests.NotchActivationTests/testHoverWithoutMouseDownAndStaleDragPasteboardCannotActivate
[66/173] Testing NotchCoreTests.NotchActivationTests/testFreshTextDragCannotActivateFileActions
[67/173] Testing NotchCoreTests.NotchActivationTests/testNegativeOriginScreenIsChosenFromPointerRatherThanPrimaryScreen
[68/173] Testing NotchCoreTests.NotchActivationTests/testOutsideEveryScreenAndZeroSizePanelCannotActivate
[69/173] Testing NotchCoreTests.NotchActivationTests/testMouseUpOnlyKeepsExistingDestinationPendingAndCannotAuthorizeLateInspection
[70/173] Testing NotchCoreTests.NotchActivationTests/testScreenRemovalAndScreenLayoutChangeInvalidateOldGeneration
[71/173] Testing NotchCoreTests.NotchActivationTests/testSecondPasteboardWriterInvalidatesWholeMouseDown
[72/173] Testing NotchCoreTests.NotchActivationTests/testTransportTowardLowerOptionsDoesNotCancelPresentation
[73/173] Testing NotchCoreTests.NotchDragPayloadTests/testEquivalentBatchMayArriveInDifferentOrder
[74/173] Testing NotchCoreTests.NotchDragPayloadTests/testChangedCountChangedFileDuplicatesAndEmptyPayloadAreRejected
[75/173] Testing NotchCoreTests.NotchDragPayloadTests/testLocalhostFileHostIsEquivalentToLocalFilePath
[76/173] Testing NotchCoreTests.NotchDragPayloadTests/testRemoteURLsForeignFileHostsAndURLDecorationsAreRejected
[77/173] Testing NotchCoreTests.NotchGeometryTests/testAboveAnchorEndpointsCenterAndInterRingGapAreNotActions
[78/173] Testing NotchCoreTests.NotchGeometryTests/testAngularSeparatorsCannotAccidentallyChooseAnAdjacentAction
[79/173] Testing NotchCoreTests.NotchGeometryTests/testNonfinitePointsAndInvalidBandsNeverSelect
[80/173] Testing NotchCoreTests.NotchGeometryTests/testOuterRingUsesItsActualOptionCount
[81/173] Testing NotchCoreTests.NotchGeometryTests/testFourSixEightAndTenWedgeCentersRunFromLeftToRightBelowAnchor
[82/173] Testing NotchCoreTests.NotchLayoutTests/testNegativeOriginsAndVerticallyStackedDisplaysFitTheirOwnVisibleFrame
[83/173] Testing NotchCoreTests.NotchLayoutTests/testEveryOptionCenterFitsPanelAndAvoidsPhysicalNotch
[84/173] Testing NotchCoreTests.NotchGeometryTests/testPrimaryRadialBoundsAreInclusiveAndTheirNeighborsAreInactive
[85/173] Testing NotchCoreTests.NotchLayoutTests/testPhysicalNotchAndMenuBarAreOutsideThePanel
[86/173] Testing NotchCoreTests.NotchLayoutTests/testSmallVisibleScreenScalesBothRenderedAndHitTestBands
[87/173] Testing NotchCoreTests.NotchLayoutTests/testNotchlessScreenHasTopCenterFallbackAndSafeMenuGap
[88/173] Testing NotchCoreTests.NotchLayoutTests/testTransportRegionConnectsActivationTargetToLowestVisibleOption
[89/173] Testing NotchCoreTests.OnlineCodexQuotaTests/testHistoricalFallbackKeepsUnknownDurationHonest
[90/173] Testing NotchCoreTests.OnlineCodexQuotaTests/testMissingOrInvalidQuotaNeverProducesInventedRemaining
[91/173] Testing NotchCoreTests.OnlineServiceDataTests/testFXUsesDatedRealBaseDirectionAndExcludesMissingCurrency
[92/173] Testing NotchCoreTests.OnlineCodexQuotaTests/testPublicProtocolSelectsCodexKeyAndIgnoresSensitiveExtras
[93/173] Testing NotchCoreTests.OnlineServiceDataTests/testEverySalesProviderNormalizesItsDocumentedEnvelope
[94/173] Testing NotchCoreTests.OnlineServiceDataTests/testSalesRejectsErrorsDuplicateIdentitiesAndInvalidMoney
[95/173] Testing NotchCoreTests.OnlineServiceDataTests/testStockQuoteDoesNotInventRateLimitedOrMissingData
[96/173] Testing NotchCoreTests.OnlineServiceDataTests/testStripeUTCFilteringCaptureMinorUnitsAndRefunds
[97/173] Testing NotchCoreTests.OnlineServiceDataTests/testUsageImportsExplicitLimitsMissingQuotaAndStaleness
[98/173] Testing NotchCoreTests.OnlineServiceDataTests/testUsageRejectsFutureTimestampsNegativeLimitsAndDuplicateScopes
[99/173] Testing NotchCoreTests.OnlineServiceDataTests/testWeatherRequiresSevenCompleteFiniteDays
[100/173] Testing NotchCoreTests.OrbitNativeParsersTests/testShortcutNamesCannotBecomeCLIOptions
[101/173] Testing NotchCoreTests.OrbitNativeParsersTests/testLyricsMultipleTagsFractionsOffsetAndSelection
[102/173] Testing NotchCoreTests.OrbitSystemDeltasTests/testCPUDeltaAndCounterRollover
[103/173] Testing NotchCoreTests.PersonalLibraryTests/testCleanupPlanProtectsOwnSiblingCrossShelfDescendantsAndDirectoryAncestors
[104/173] Testing NotchCoreTests.OrbitSystemDeltasTests/testNetworkIgnoresResetAndNewInterfaces
[105/173] Testing NotchCoreTests.PersonalLibraryTests/testCleanupPlanUsesCanonicalPathsAndRejectsUnknownChildrenAndDirectoryCopies
[106/173] Testing NotchCoreTests.PersonalLibraryTests/testHabitGregorianDatesRejectRolloverAndCountLeapDayAcrossMonthBoundary
[107/173] Testing NotchCoreTests.PersonalLibraryTests/testHabitLocalDayTimezoneAndTogglePersistenceDoNotCountDuplicateCheckoffs
[108/173] Testing NotchCoreTests.PersonalLibraryTests/testIncomingSnippetChangesRetainLocalOnlyDataAndRejectIdentityCollision
[109/173] Testing NotchCoreTests.PersonalLibraryTests/testOwnedCleanupPlanExcludesReferencesOriginalAliasesAndForeignPaths
[110/173] Testing NotchCoreTests.PersonalLibraryTests/testPortableShelfRulesRoundTripWithoutFilesystemOrEnablementAndBoundTargets
[111/173] Testing NotchCoreTests.PersonalLibraryTests/testSnippetBoundsAndMalformedFolderReferencesRejectOriginalPayload
[112/173] Testing NotchCoreTests.PersonalLibraryTests/testSnippetSearchFoldsAccentsAndSyncOmitsLocalSecretsAndPrivateFolders
[113/173] Testing NotchCoreTests.PersonalLibraryTests/testSyncMigratesVersionTwoAndRetainsConcurrentHabitAndSnippetVariants
[114/173] Testing NotchCoreTests.Phase2PlanningDataTests/testCrossCurrencyConversionUsesDatedDecimalRatesAndRejectsMissingCurrencies
[115/173] Testing NotchCoreTests.Phase2PlanningDataTests/testDSTGapIsRejectedAndFallBackSelectsFirstOccurrence
[116/173] Testing NotchCoreTests.Phase2PlanningDataTests/testFocusWeekUsesLocalCalendarDaysAcrossSpringDSTAndExcludesNextWeek
[117/173] Testing NotchCoreTests.Phase2PlanningDataTests/testFocusHistoryRecordsDeadlineAndFocusDurationOnceWithoutPausedTime
[118/173] Testing NotchCoreTests.Phase2PlanningDataTests/testGithubParserRejectsMalformedPagesUnsafeLinksAndTraversal
[119/173] Testing NotchCoreTests.Phase2PlanningDataTests/testLegacyFocusMigrationRetainsCountWithoutInventingOldDatesOrDurations
[120/173] Testing NotchCoreTests.Phase2PlanningDataTests/testMeetingInstantConvertsAcrossDateBoundariesAndFractionalOffsets
[121/173] Testing NotchCoreTests.Phase2PlanningDataTests/testZonePreferencesNormalizeForDisplayButStrictSyncValidationDoesNotDiscardInput
[122/173] Testing NotchCoreTests.PlatformBehaviorTests/testFocusPreviewExcludesSelfHiddenUnchosenAndDuplicateProcesses
[123/173] Testing NotchCoreTests.PlatformBehaviorTests/testFocusRestoreOnlyOwnsSameProcessAndBundleStillHidden
[124/173] Testing NotchCoreTests.PlatformBehaviorTests/testFocusSettingsBoundAndValidateIdentifiers
[125/173] Testing NotchCoreTests.PlatformBehaviorTests/testLauncherDropRejectsNonAppsRemoteURLsAndDuplicateInput
[126/173] Testing NotchCoreTests.PlatformBehaviorTests/testLegacyPriorityMigratesWithoutChangingExistingRelativeOrder
[127/173] Testing NotchCoreTests.PlatformBehaviorTests/testNewActivitiesRespectCustomPriorityAndBoundActualWaveform
[128/173] Testing NotchCoreTests.PlusIntentValidationTests/testFocusBoundsRejectOverflowAndZero
[129/173] Testing NotchCoreTests.PlusIntentValidationTests/testShortcutFilenameCannotTraverseOrHideItsTemporaryFile
[130/173] Testing NotchCoreTests.PlusIntentValidationTests/testWorkflowIdentityMustBeCanonicalAndCannotContainArguments
[131/173] Testing NotchCoreTests.PlusLocalModelsTests/testAffineTemperatureConversionAndAbsoluteZero
[132/173] Testing NotchCoreTests.PlusLocalModelsTests/testCatalogHasAllReferenceToolsAndRetainedFileActionsExactlyOnce
[133/173] Testing NotchCoreTests.PlusLocalModelsTests/testInvalidNumberCrossFamilyAndMalformedUnitAreRejected
[134/173] Testing NotchCoreTests.PlusLocalModelsTests/testKnownImperialAndMetricLengthAndMass
[135/173] Testing NotchCoreTests.PlusLocalModelsTests/testRoundTripsForEveryUnitFamily
[136/173] Testing NotchCoreTests.PlusLocalModelsTests/testShelfPersistencePreservesManagedAndOriginalLocationsAndExpirySelection
[137/173] Testing NotchCoreTests.PlusLocalModelsTests/testShelfRetentionInclusiveBoundaryAndFutureEntries
[138/173] Testing NotchCoreTests.PlusLocalModelsTests/testTaskPersistenceRetainsIdentityCompletionStarAndUnicodeTitle
[139/173] Testing NotchCoreTests.PlusLocalModelsTests/testUSAndImperialVolumesAreDistinctAndNauticalSpeedIsExact
[140/173] Testing NotchCoreTests.ProviderStatusDataTests/testAfterShipCurrentSchemaPreservesReportedStatusAndOptionalRecipientLocalETA
[141/173] Testing NotchCoreTests.ProviderStatusDataTests/testCalendarTravelCandidatesUseRealEventDepartureAndExcludeAllDayOrUnrelatedText
[142/173] Testing NotchCoreTests.ProviderStatusDataTests/testAQIAndUVAreActualBoundedProviderFieldsAndNullIsAnError
[143/173] Testing NotchCoreTests.ProviderStatusDataTests/testRainForecastUsesConsecutiveQuarterHoursAndActualNearTermPrecipitation
[144/173] Testing NotchCoreTests.ProviderStatusDataTests/testFallbackURLsAndPackageReferencesRejectCredentialsSchemesAndLocalHosts
[145/173] Testing NotchCoreTests.ProviderStatusDataTests/testFlightParserKeepsProviderOffsetsAndMissingGateWithoutInventingStatus
[146/173] Testing NotchCoreTests.ShelfLibraryEvaluationTests/testLegacyShelfIndexMigratesWithoutLosingIdentityBookmarkOrManagedLocation
[147/173] Testing NotchCoreTests.ShelfLibraryEvaluationTests/testMetadataRoundTripKeepsTheLegacyStateReadable
[148/173] Testing NotchCoreTests.ProviderStatusDataTests/testSportsNullScoresStayUnknownAndOnlyInProgressStatusesAreLive
[149/173] Testing NotchCoreTests.ShelfLibraryEvaluationTests/testSearchUsesAllFilenameAndTagTokensWithFavouriteFilteringAndStableOrder
[150/173] Testing NotchCoreTests.SyncModelsTests/testConcurrentNotesPreserveBothUnsavedEditsAndExplicitResolutionConverges
[151/173] Testing NotchCoreTests.ShelfLibraryEvaluationTests/testTagNormalizationPreservesReadableOrderAndBoundsDecodedInput
[152/173] Testing NotchCoreTests.SyncModelsTests/testConcurrentSettingsPreserveVariantsAndNeverIncludeDeviceConfiguration
[153/173] Testing NotchCoreTests.SyncModelsTests/testEqualConcurrentValuesMergeIdempotentlyWithoutCreatingSpuriousConflicts
[154/173] Testing NotchCoreTests.SyncModelsTests/testDeletionTombstoneSurvivesStaleSnapshotsAndConcurrentTaskEdit
[155/173] Testing NotchCoreTests.SyncPortableLibraryTests/testConcurrentLauncherVariantsRemainUntilExplicitResolution
[156/173] Testing NotchCoreTests.SyncModelsTests/testOversizedCorruptAndUnsupportedSnapshotsLeaveOriginalUntouched
[157/173] Testing NotchCoreTests.SyncModelsTests/testRoundTripAndDistinctDevicesMergeIndependentTaskFields
[158/173] Testing NotchCoreTests.SyncPortableLibraryTests/testIndependentWorkflowAndPaletteEditsMergeAcrossDevicesWithoutConflict
[159/173] Testing NotchCoreTests.SyncPortableLibraryTests/testInvalidWorkflowOrExcessivePinsCannotMutateExistingSnapshot
[160/173] Testing NotchCoreTests.SyncPortableLibraryTests/testPaletteDeletionSurvivesStalePeerAndDoesNotIncludeSamplingHistory
[161/173] Testing NotchCoreTests.SyncPortableLibraryTests/testVersionOneSnapshotMigratesWithoutResettingMissingNewPreferences
[162/173] Testing NotchCoreTests.SyncPortableLibraryTests/testPortableTargetsContainOnlyLogicalIdentifiersAndRejectPaths
[163/173] Testing NotchCoreTests.SystemControlsTests/testHUDDoesNotInventMuteForBrightness
[164/173] Testing NotchCoreTests.SystemControlsTests/testOnlyRecognizedAuxiliaryKeysAndPhasesDecode
[165/173] Testing NotchCoreTests.SystemControlsTests/testLevelsClampStepsAndRejectInvalidHardwareReadings
[166/173] Testing NotchCoreTests.WorkflowPresetTests/testCompressionQualityRejectsNonfiniteAndOutOfRangePersistence
[167/173] Testing NotchCoreTests.WorkflowPresetTests/testDimensionLimitsAcceptEndpointsAndRejectInvalidImageBudgets
[168/173] Testing NotchCoreTests.WorkflowPresetTests/testLosslessPNGDoesNotAdvertiseAnEffectiveQualityCompressionStep
[169/173] Testing NotchCoreTests.WorkflowPresetTests/testOutputNamesRejectSeparatorsControlCharactersAndOversizedUTF8
[170/173] Testing NotchCoreTests.WorkflowPresetTests/testRepeatedReorderedOrNonfinalArchiveStepsCannotRun
[171/173] Testing NotchCoreTests.WorkflowPresetTests/testSavedFourStagePresetRoundTripsWithoutChangingItsIdentityOrParameters
[172/173] Testing NotchCoreTests.WorkflowPresetTests/testValidationTrimsANameWithoutMutatingTheSavedValue
[173/173] Testing NotchCoreTests.WorkflowPresetTests/testVideoPresetRoundTripsAndOnlyAllowsCompressionThenOptionalZIP
◇ Test run started.
↳ Testing Library Version: 1902
↳ Target Platform: arm64e-apple-macos14.0
✔ Test run with 0 tests in 0 suites passed after 0.001 seconds.
Command line invocation:
    /Applications/Xcode_26.6.app/Contents/Developer/usr/bin/xcodebuild -project NotchOrbitPlus.xcodeproj -scheme NotchOrbitPlus -configuration Debug -destination platform=macOS,arch=arm64 -derivedDataPath build/DerivedData CODE_SIGNING_ALLOWED=NO test

Build settings from command line:
    CODE_SIGNING_ALLOWED = NO

ComputePackagePrebuildTargetDependencyGraph

Prepare packages

CreateBuildRequest

SendProjectDescription

CreateBuildOperation

ComputeTargetDependencyGraph
note: Building targets in dependency order
note: Target dependency graph (4 targets)
    Target 'NotchOrbitPlusTests' in project 'NotchOrbitPlus'
        ➜ Explicit dependency on target 'OrbitCore' in project 'NotchOrbitPlus'
        ➜ Explicit dependency on target 'NotchCore' in project 'NotchOrbitPlus'
        ➜ Explicit dependency on target 'NotchOrbitPlus' in project 'NotchOrbitPlus'
    Target 'NotchOrbitPlus' in project 'NotchOrbitPlus'
        ➜ Explicit dependency on target 'OrbitCore' in project 'NotchOrbitPlus'
        ➜ Explicit dependency on target 'NotchCore' in project 'NotchOrbitPlus'
    Target 'NotchCore' in project 'NotchOrbitPlus' (no dependencies)
    Target 'OrbitCore' in project 'NotchOrbitPlus' (no dependencies)

GatherProvisioningInputs

CreateBuildDescription

ExecuteExternalTool /Applications/Xcode_26.6.app/Contents/Developer/Toolchains/XcodeDefault.xctoolchain/usr/bin/swiftc --version

ExecuteExternalTool /Applications/Xcode_26.6.app/Contents/Developer/Toolchains/XcodeDefault.xctoolchain/usr/bin/clang -v -E -dM -isysroot /Applications/Xcode_26.6.app/Contents/Developer/Platforms/MacOSX.platform/Developer/SDKs/MacOSX26.5.sdk -x c -c /dev/null

ExecuteExternalTool /Applications/Xcode_26.6.app/Contents/Developer/Toolchains/XcodeDefault.xctoolchain/usr/bin/libtool -V

ExecuteExternalTool /Applications/Xcode_26.6.app/Contents/Developer/Toolchains/XcodeDefault.xctoolchain/usr/bin/ld -version_details

Build description signature: 742dabc72757b58731286fb7867fd4cc
Build description path: /Users/runner/work/orbit/orbit/NotchOrbitPlus/build/DerivedData/Build/Intermediates.noindex/XCBuildData/742dabc72757b58731286fb7867fd4cc.xcbuilddata
ClangStatCache /Applications/Xcode_26.6.app/Contents/Developer/Toolchains/XcodeDefault.xctoolchain/usr/bin/clang-stat-cache /Applications/Xcode_26.6.app/Contents/Developer/Platforms/MacOSX.platform/Developer/SDKs/MacOSX26.5.sdk /Users/runner/work/orbit/orbit/NotchOrbitPlus/build/DerivedData/SDKStatCaches.noindex/macosx26.5-25F70-688ef53f1462e2c8f657fdc38a81448fee0e6409aa6676c5e6c013d148225433.sdkstatcache
    cd /Users/runner/work/orbit/orbit/NotchOrbitPlus/NotchOrbitPlus.xcodeproj
    /Applications/Xcode_26.6.app/Contents/Developer/Toolchains/XcodeDefault.xctoolchain/usr/bin/clang-stat-cache /Applications/Xcode_26.6.app/Contents/Developer/Platforms/MacOSX.platform/Developer/SDKs/MacOSX26.5.sdk -o /Users/runner/work/orbit/orbit/NotchOrbitPlus/build/DerivedData/SDKStatCaches.noindex/macosx26.5-25F70-688ef53f1462e2c8f657fdc38a81448fee0e6409aa6676c5e6c013d148225433.sdkstatcache

CreateBuildDirectory /Users/runner/work/orbit/orbit/NotchOrbitPlus/build/DerivedData/Build/Products
    cd /Users/runner/work/orbit/orbit/NotchOrbitPlus/NotchOrbitPlus.xcodeproj
    builtin-create-build-directory /Users/runner/work/orbit/orbit/NotchOrbitPlus/build/DerivedData/Build/Products

CreateBuildDirectory /Users/runner/work/orbit/orbit/NotchOrbitPlus/build/DerivedData/Build/Intermediates.noindex
    cd /Users/runner/work/orbit/orbit/NotchOrbitPlus/NotchOrbitPlus.xcodeproj
    builtin-create-build-directory /Users/runner/work/orbit/orbit/NotchOrbitPlus/build/DerivedData/Build/Intermediates.noindex

WriteAuxiliaryFile /Users/runner/work/orbit/orbit/NotchOrbitPlus/build/DerivedData/Build/Intermediates.noindex/NotchOrbitPlus.build/Debug/NotchOrbitPlus-f72668d2e0dd56b95fac80a5a9a4b360-VFS/all-product-headers.yaml
    cd /Users/runner/work/orbit/orbit/NotchOrbitPlus/NotchOrbitPlus.xcodeproj
    write-file /Users/runner/work/orbit/orbit/NotchOrbitPlus/build/DerivedData/Build/Intermediates.noindex/NotchOrbitPlus.build/Debug/NotchOrbitPlus-f72668d2e0dd56b95fac80a5a9a4b360-VFS/all-product-headers.yaml

CreateBuildDirectory /Users/runner/work/orbit/orbit/NotchOrbitPlus/build/DerivedData/Build/Products/Debug
    cd /Users/runner/work/orbit/orbit/NotchOrbitPlus/NotchOrbitPlus.xcodeproj
    builtin-create-build-directory /Users/runner/work/orbit/orbit/NotchOrbitPlus/build/DerivedData/Build/Products/Debug

CreateBuildDirectory /Users/runner/work/orbit/orbit/NotchOrbitPlus/build/DerivedData/Build/Intermediates.noindex/SwiftExplicitPrecompiledModules
    cd /Users/runner/work/orbit/orbit/NotchOrbitPlus/NotchOrbitPlus.xcodeproj
    builtin-create-build-directory /Users/runner/work/orbit/orbit/NotchOrbitPlus/build/DerivedData/Build/Intermediates.noindex/SwiftExplicitPrecompiledModules

CreateBuildDirectory /Users/runner/work/orbit/orbit/NotchOrbitPlus/build/DerivedData/Build/Intermediates.noindex/ExplicitPrecompiledModules
    cd /Users/runner/work/orbit/orbit/NotchOrbitPlus/NotchOrbitPlus.xcodeproj
    builtin-create-build-directory /Users/runner/work/orbit/orbit/NotchOrbitPlus/build/DerivedData/Build/Intermediates.noindex/ExplicitPrecompiledModules

CreateBuildDirectory /Users/runner/work/orbit/orbit/NotchOrbitPlus/build/DerivedData/Build/Intermediates.noindex/EagerLinkingTBDs/Debug
    cd /Users/runner/work/orbit/orbit/NotchOrbitPlus/NotchOrbitPlus.xcodeproj
    builtin-create-build-directory /Users/runner/work/orbit/orbit/NotchOrbitPlus/build/DerivedData/Build/Intermediates.noindex/EagerLinkingTBDs/Debug

WriteAuxiliaryFile /Users/runner/work/orbit/orbit/NotchOrbitPlus/build/DerivedData/Build/Intermediates.noindex/NotchOrbitPlus.build/Debug/NotchOrbitPlus.build/Objects-normal/arm64/NotchOrbitPlus-OutputFileMap.json (in target 'NotchOrbitPlus' from project 'NotchOrbitPlus')
    cd /Users/runner/work/orbit/orbit/NotchOrbitPlus
    write-file /Users/runner/work/orbit/orbit/NotchOrbitPlus/build/DerivedData/Build/Intermediates.noindex/NotchOrbitPlus.build/Debug/NotchOrbitPlus.build/Objects-normal/arm64/NotchOrbitPlus-OutputFileMap.json

WriteAuxiliaryFile /Users/runner/work/orbit/orbit/NotchOrbitPlus/build/DerivedData/Build/Intermediates.noindex/NotchOrbitPlus.build/Debug/NotchOrbitPlus.build/Objects-normal/arm64/NotchOrbitPlus_const_extract_protocols.json (in target 'NotchOrbitPlus' from project 'NotchOrbitPlus')
    cd /Users/runner/work/orbit/orbit/NotchOrbitPlus
    write-file /Users/runner/work/orbit/orbit/NotchOrbitPlus/build/DerivedData/Build/Intermediates.noindex/NotchOrbitPlus.build/Debug/NotchOrbitPlus.build/Objects-normal/arm64/NotchOrbitPlus_const_extract_protocols.json

WriteAuxiliaryFile /Users/runner/work/orbit/orbit/NotchOrbitPlus/build/DerivedData/Build/Intermediates.noindex/NotchOrbitPlus.build/Debug/OrbitCore.build/OrbitCore.hmap (in target 'OrbitCore' from project 'NotchOrbitPlus')
    cd /Users/runner/work/orbit/orbit/NotchOrbitPlus
    write-file /Users/runner/work/orbit/orbit/NotchOrbitPlus/build/DerivedData/Build/Intermediates.noindex/NotchOrbitPlus.build/Debug/OrbitCore.build/OrbitCore.hmap

WriteAuxiliaryFile /Users/runner/work/orbit/orbit/NotchOrbitPlus/build/DerivedData/Build/Intermediates.noindex/NotchOrbitPlus.build/Debug/OrbitCore.build/OrbitCore.DependencyStaticMetadataFileList (in target 'OrbitCore' from project 'NotchOrbitPlus')
    cd /Users/runner/work/orbit/orbit/NotchOrbitPlus
    write-file /Users/runner/work/orbit/orbit/NotchOrbitPlus/build/DerivedData/Build/Intermediates.noindex/NotchOrbitPlus.build/Debug/OrbitCore.build/OrbitCore.DependencyStaticMetadataFileList

WriteAuxiliaryFile /Users/runner/work/orbit/orbit/NotchOrbitPlus/build/DerivedData/Build/Intermediates.noindex/NotchOrbitPlus.build/Debug/OrbitCore.build/OrbitCore.DependencyMetadataFileList (in target 'OrbitCore' from project 'NotchOrbitPlus')
    cd /Users/runner/work/orbit/orbit/NotchOrbitPlus
    write-file /Users/runner/work/orbit/orbit/NotchOrbitPlus/build/DerivedData/Build/Intermediates.noindex/NotchOrbitPlus.build/Debug/OrbitCore.build/OrbitCore.DependencyMetadataFileList

WriteAuxiliaryFile /Users/runner/work/orbit/orbit/NotchOrbitPlus/build/DerivedData/Build/Intermediates.noindex/NotchOrbitPlus.build/Debug/OrbitCore.build/OrbitCore-project-headers.hmap (in target 'OrbitCore' from project 'NotchOrbitPlus')
    cd /Users/runner/work/orbit/orbit/NotchOrbitPlus
    write-file /Users/runner/work/orbit/orbit/NotchOrbitPlus/build/DerivedData/Build/Intermediates.noindex/NotchOrbitPlus.build/Debug/OrbitCore.build/OrbitCore-project-headers.hmap

WriteAuxiliaryFile /Users/runner/work/orbit/orbit/NotchOrbitPlus/build/DerivedData/Build/Intermediates.noindex/NotchOrbitPlus.build/Debug/OrbitCore.build/OrbitCore-own-target-headers.hmap (in target 'OrbitCore' from project 'NotchOrbitPlus')
    cd /Users/runner/work/orbit/orbit/NotchOrbitPlus
    write-file /Users/runner/work/orbit/orbit/NotchOrbitPlus/build/DerivedData/Build/Intermediates.noindex/NotchOrbitPlus.build/Debug/OrbitCore.build/OrbitCore-own-target-headers.hmap

WriteAuxiliaryFile /Users/runner/work/orbit/orbit/NotchOrbitPlus/build/DerivedData/Build/Intermediates.noindex/NotchOrbitPlus.build/Debug/OrbitCore.build/OrbitCore-generated-files.hmap (in target 'OrbitCore' from project 'NotchOrbitPlus')
    cd /Users/runner/work/orbit/orbit/NotchOrbitPlus
    write-file /Users/runner/work/orbit/orbit/NotchOrbitPlus/build/DerivedData/Build/Intermediates.noindex/NotchOrbitPlus.build/Debug/OrbitCore.build/OrbitCore-generated-files.hmap

WriteAuxiliaryFile /Users/runner/work/orbit/orbit/NotchOrbitPlus/build/DerivedData/Build/Intermediates.noindex/NotchOrbitPlus.build/Debug/OrbitCore.build/OrbitCore-all-target-headers.hmap (in target 'OrbitCore' from project 'NotchOrbitPlus')
    cd /Users/runner/work/orbit/orbit/NotchOrbitPlus
    write-file /Users/runner/work/orbit/orbit/NotchOrbitPlus/build/DerivedData/Build/Intermediates.noindex/NotchOrbitPlus.build/Debug/OrbitCore.build/OrbitCore-all-target-headers.hmap

WriteAuxiliaryFile /Users/runner/work/orbit/orbit/NotchOrbitPlus/build/DerivedData/Build/Intermediates.noindex/NotchOrbitPlus.build/Debug/OrbitCore.build/OrbitCore-all-non-framework-target-headers.hmap (in target 'OrbitCore' from project 'NotchOrbitPlus')
    cd /Users/runner/work/orbit/orbit/NotchOrbitPlus
    write-file /Users/runner/work/orbit/orbit/NotchOrbitPlus/build/DerivedData/Build/Intermediates.noindex/NotchOrbitPlus.build/Debug/OrbitCore.build/OrbitCore-all-non-framework-target-headers.hmap

WriteAuxiliaryFile /Users/runner/work/orbit/orbit/NotchOrbitPlus/build/DerivedData/Build/Intermediates.noindex/NotchOrbitPlus.build/Debug/OrbitCore.build/Objects-normal/arm64/OrbitCore_const_extract_protocols.json (in target 'OrbitCore' from project 'NotchOrbitPlus')
    cd /Users/runner/work/orbit/orbit/NotchOrbitPlus
    write-file /Users/runner/work/orbit/orbit/NotchOrbitPlus/build/DerivedData/Build/Intermediates.noindex/NotchOrbitPlus.build/Debug/OrbitCore.build/Objects-normal/arm64/OrbitCore_const_extract_protocols.json

WriteAuxiliaryFile /Users/runner/work/orbit/orbit/NotchOrbitPlus/build/DerivedData/Build/Intermediates.noindex/NotchOrbitPlus.build/Debug/OrbitCore.build/Objects-normal/arm64/OrbitCore.SwiftFileList (in target 'OrbitCore' from project 'NotchOrbitPlus')
    cd /Users/runner/work/orbit/orbit/NotchOrbitPlus
    write-file /Users/runner/work/orbit/orbit/NotchOrbitPlus/build/DerivedData/Build/Intermediates.noindex/NotchOrbitPlus.build/Debug/OrbitCore.build/Objects-normal/arm64/OrbitCore.SwiftFileList

WriteAuxiliaryFile /Users/runner/work/orbit/orbit/NotchOrbitPlus/build/DerivedData/Build/Intermediates.noindex/NotchOrbitPlus.build/Debug/OrbitCore.build/Objects-normal/arm64/OrbitCore.SwiftConstValuesFileList (in target 'OrbitCore' from project 'NotchOrbitPlus')
    cd /Users/runner/work/orbit/orbit/NotchOrbitPlus
    write-file /Users/runner/work/orbit/orbit/NotchOrbitPlus/build/DerivedData/Build/Intermediates.noindex/NotchOrbitPlus.build/Debug/OrbitCore.build/Objects-normal/arm64/OrbitCore.SwiftConstValuesFileList

WriteAuxiliaryFile /Users/runner/work/orbit/orbit/NotchOrbitPlus/build/DerivedData/Build/Intermediates.noindex/NotchOrbitPlus.build/Debug/OrbitCore.build/Objects-normal/arm64/OrbitCore.LinkFileList (in target 'OrbitCore' from project 'NotchOrbitPlus')
    cd /Users/runner/work/orbit/orbit/NotchOrbitPlus
    write-file /Users/runner/work/orbit/orbit/NotchOrbitPlus/build/DerivedData/Build/Intermediates.noindex/NotchOrbitPlus.build/Debug/OrbitCore.build/Objects-normal/arm64/OrbitCore.LinkFileList

WriteAuxiliaryFile /Users/runner/work/orbit/orbit/NotchOrbitPlus/build/DerivedData/Build/Intermediates.noindex/NotchOrbitPlus.build/Debug/OrbitCore.build/Objects-normal/arm64/OrbitCore-OutputFileMap.json (in target 'OrbitCore' from project 'NotchOrbitPlus')
    cd /Users/runner/work/orbit/orbit/NotchOrbitPlus
    write-file /Users/runner/work/orbit/orbit/NotchOrbitPlus/build/DerivedData/Build/Intermediates.noindex/NotchOrbitPlus.build/Debug/OrbitCore.build/Objects-normal/arm64/OrbitCore-OutputFileMap.json

WriteAuxiliaryFile /Users/runner/work/orbit/orbit/NotchOrbitPlus/build/DerivedData/Build/Intermediates.noindex/NotchOrbitPlus.build/Debug/NotchOrbitPlusTests.build/empty-NotchOrbitPlusTests.plist (in target 'NotchOrbitPlusTests' from project 'NotchOrbitPlus')
    cd /Users/runner/work/orbit/orbit/NotchOrbitPlus
    write-file /Users/runner/work/orbit/orbit/NotchOrbitPlus/build/DerivedData/Build/Intermediates.noindex/NotchOrbitPlus.build/Debug/NotchOrbitPlusTests.build/empty-NotchOrbitPlusTests.plist

WriteAuxiliaryFile /Users/runner/work/orbit/orbit/NotchOrbitPlus/build/DerivedData/Build/Intermediates.noindex/NotchOrbitPlus.build/Debug/NotchOrbitPlusTests.build/Objects-normal/arm64/NotchOrbitPlusTests_const_extract_protocols.json (in target 'NotchOrbitPlusTests' from project 'NotchOrbitPlus')
    cd /Users/runner/work/orbit/orbit/NotchOrbitPlus
    write-file /Users/runner/work/orbit/orbit/NotchOrbitPlus/build/DerivedData/Build/Intermediates.noindex/NotchOrbitPlus.build/Debug/NotchOrbitPlusTests.build/Objects-normal/arm64/NotchOrbitPlusTests_const_extract_protocols.json

WriteAuxiliaryFile /Users/runner/work/orbit/orbit/NotchOrbitPlus/build/DerivedData/Build/Intermediates.noindex/NotchOrbitPlus.build/Debug/NotchOrbitPlusTests.build/Objects-normal/arm64/NotchOrbitPlusTests.SwiftFileList (in target 'NotchOrbitPlusTests' from project 'NotchOrbitPlus')
    cd /Users/runner/work/orbit/orbit/NotchOrbitPlus
    write-file /Users/runner/work/orbit/orbit/NotchOrbitPlus/build/DerivedData/Build/Intermediates.noindex/NotchOrbitPlus.build/Debug/NotchOrbitPlusTests.build/Objects-normal/arm64/NotchOrbitPlusTests.SwiftFileList

WriteAuxiliaryFile /Users/runner/work/orbit/orbit/NotchOrbitPlus/build/DerivedData/Build/Intermediates.noindex/NotchOrbitPlus.build/Debug/NotchOrbitPlusTests.build/Objects-normal/arm64/NotchOrbitPlusTests.SwiftConstValuesFileList (in target 'NotchOrbitPlusTests' from project 'NotchOrbitPlus')
    cd /Users/runner/work/orbit/orbit/NotchOrbitPlus
    write-file /Users/runner/work/orbit/orbit/NotchOrbitPlus/build/DerivedData/Build/Intermediates.noindex/NotchOrbitPlus.build/Debug/NotchOrbitPlusTests.build/Objects-normal/arm64/NotchOrbitPlusTests.SwiftConstValuesFileList

WriteAuxiliaryFile /Users/runner/work/orbit/orbit/NotchOrbitPlus/build/DerivedData/Build/Intermediates.noindex/NotchOrbitPlus.build/Debug/NotchOrbitPlusTests.build/Objects-normal/arm64/NotchOrbitPlusTests.LinkFileList (in target 'NotchOrbitPlusTests' from project 'NotchOrbitPlus')
    cd /Users/runner/work/orbit/orbit/NotchOrbitPlus
    write-file /Users/runner/work/orbit/orbit/NotchOrbitPlus/build/DerivedData/Build/Intermediates.noindex/NotchOrbitPlus.build/Debug/NotchOrbitPlusTests.build/Objects-normal/arm64/NotchOrbitPlusTests.LinkFileList

WriteAuxiliaryFile /Users/runner/work/orbit/orbit/NotchOrbitPlus/build/DerivedData/Build/Intermediates.noindex/NotchOrbitPlus.build/Debug/NotchOrbitPlusTests.build/Objects-normal/arm64/NotchOrbitPlusTests-OutputFileMap.json (in target 'NotchOrbitPlusTests' from project 'NotchOrbitPlus')
    cd /Users/runner/work/orbit/orbit/NotchOrbitPlus
    write-file /Users/runner/work/orbit/orbit/NotchOrbitPlus/build/DerivedData/Build/Intermediates.noindex/NotchOrbitPlus.build/Debug/NotchOrbitPlusTests.build/Objects-normal/arm64/NotchOrbitPlusTests-OutputFileMap.json

WriteAuxiliaryFile /Users/runner/work/orbit/orbit/NotchOrbitPlus/build/DerivedData/Build/Intermediates.noindex/NotchOrbitPlus.build/Debug/NotchOrbitPlusTests.build/NotchOrbitPlusTests.hmap (in target 'NotchOrbitPlusTests' from project 'NotchOrbitPlus')
    cd /Users/runner/work/orbit/orbit/NotchOrbitPlus
    write-file /Users/runner/work/orbit/orbit/NotchOrbitPlus/build/DerivedData/Build/Intermediates.noindex/NotchOrbitPlus.build/Debug/NotchOrbitPlusTests.build/NotchOrbitPlusTests.hmap

WriteAuxiliaryFile /Users/runner/work/orbit/orbit/NotchOrbitPlus/build/DerivedData/Build/Intermediates.noindex/NotchOrbitPlus.build/Debug/NotchOrbitPlusTests.build/NotchOrbitPlusTests.DependencyStaticMetadataFileList (in target 'NotchOrbitPlusTests' from project 'NotchOrbitPlus')
    cd /Users/runner/work/orbit/orbit/NotchOrbitPlus
    write-file /Users/runner/work/orbit/orbit/NotchOrbitPlus/build/DerivedData/Build/Intermediates.noindex/NotchOrbitPlus.build/Debug/NotchOrbitPlusTests.build/NotchOrbitPlusTests.DependencyStaticMetadataFileList

WriteAuxiliaryFile /Users/runner/work/orbit/orbit/NotchOrbitPlus/build/DerivedData/Build/Intermediates.noindex/NotchOrbitPlus.build/Debug/NotchOrbitPlusTests.build/NotchOrbitPlusTests.DependencyMetadataFileList (in target 'NotchOrbitPlusTests' from project 'NotchOrbitPlus')
    cd /Users/runner/work/orbit/orbit/NotchOrbitPlus
    write-file /Users/runner/work/orbit/orbit/NotchOrbitPlus/build/DerivedData/Build/Intermediates.noindex/NotchOrbitPlus.build/Debug/NotchOrbitPlusTests.build/NotchOrbitPlusTests.DependencyMetadataFileList

WriteAuxiliaryFile /Users/runner/work/orbit/orbit/NotchOrbitPlus/build/DerivedData/Build/Intermediates.noindex/NotchOrbitPlus.build/Debug/NotchOrbitPlusTests.build/NotchOrbitPlusTests-project-headers.hmap (in target 'NotchOrbitPlusTests' from project 'NotchOrbitPlus')
    cd /Users/runner/work/orbit/orbit/NotchOrbitPlus
    write-file /Users/runner/work/orbit/orbit/NotchOrbitPlus/build/DerivedData/Build/Intermediates.noindex/NotchOrbitPlus.build/Debug/NotchOrbitPlusTests.build/NotchOrbitPlusTests-project-headers.hmap

WriteAuxiliaryFile /Users/runner/work/orbit/orbit/NotchOrbitPlus/build/DerivedData/Build/Intermediates.noindex/NotchOrbitPlus.build/Debug/NotchOrbitPlusTests.build/NotchOrbitPlusTests-own-target-headers.hmap (in target 'NotchOrbitPlusTests' from project 'NotchOrbitPlus')
    cd /Users/runner/work/orbit/orbit/NotchOrbitPlus
    write-file /Users/runner/work/orbit/orbit/NotchOrbitPlus/build/DerivedData/Build/Intermediates.noindex/NotchOrbitPlus.build/Debug/NotchOrbitPlusTests.build/NotchOrbitPlusTests-own-target-headers.hmap

WriteAuxiliaryFile /Users/runner/work/orbit/orbit/NotchOrbitPlus/build/DerivedData/Build/Intermediates.noindex/NotchOrbitPlus.build/Debug/NotchOrbitPlusTests.build/NotchOrbitPlusTests-generated-files.hmap (in target 'NotchOrbitPlusTests' from project 'NotchOrbitPlus')
    cd /Users/runner/work/orbit/orbit/NotchOrbitPlus
    write-file /Users/runner/work/orbit/orbit/NotchOrbitPlus/build/DerivedData/Build/Intermediates.noindex/NotchOrbitPlus.build/Debug/NotchOrbitPlusTests.build/NotchOrbitPlusTests-generated-files.hmap

WriteAuxiliaryFile /Users/runner/work/orbit/orbit/NotchOrbitPlus/build/DerivedData/Build/Intermediates.noindex/NotchOrbitPlus.build/Debug/NotchOrbitPlusTests.build/NotchOrbitPlusTests-all-target-headers.hmap (in target 'NotchOrbitPlusTests' from project 'NotchOrbitPlus')
    cd /Users/runner/work/orbit/orbit/NotchOrbitPlus
    write-file /Users/runner/work/orbit/orbit/NotchOrbitPlus/build/DerivedData/Build/Intermediates.noindex/NotchOrbitPlus.build/Debug/NotchOrbitPlusTests.build/NotchOrbitPlusTests-all-target-headers.hmap

WriteAuxiliaryFile /Users/runner/work/orbit/orbit/NotchOrbitPlus/build/DerivedData/Build/Intermediates.noindex/NotchOrbitPlus.build/Debug/NotchOrbitPlusTests.build/NotchOrbitPlusTests-all-non-framework-target-headers.hmap (in target 'NotchOrbitPlusTests' from project 'NotchOrbitPlus')
    cd /Users/runner/work/orbit/orbit/NotchOrbitPlus
    write-file /Users/runner/work/orbit/orbit/NotchOrbitPlus/build/DerivedData/Build/Intermediates.noindex/NotchOrbitPlus.build/Debug/NotchOrbitPlusTests.build/NotchOrbitPlusTests-all-non-framework-target-headers.hmap

WriteAuxiliaryFile /Users/runner/work/orbit/orbit/NotchOrbitPlus/build/DerivedData/Build/Intermediates.noindex/NotchOrbitPlus.build/Debug/NotchOrbitPlus.build/Objects-normal/arm64/NotchOrbitPlus.SwiftFileList (in target 'NotchOrbitPlus' from project 'NotchOrbitPlus')
    cd /Users/runner/work/orbit/orbit/NotchOrbitPlus
    write-file /Users/runner/work/orbit/orbit/NotchOrbitPlus/build/DerivedData/Build/Intermediates.noindex/NotchOrbitPlus.build/Debug/NotchOrbitPlus.build/Objects-normal/arm64/NotchOrbitPlus.SwiftFileList

WriteAuxiliaryFile /Users/runner/work/orbit/orbit/NotchOrbitPlus/build/DerivedData/Build/Intermediates.noindex/NotchOrbitPlus.build/Debug/NotchOrbitPlus.build/Objects-normal/arm64/NotchOrbitPlus.SwiftConstValuesFileList (in target 'NotchOrbitPlus' from project 'NotchOrbitPlus')
    cd /Users/runner/work/orbit/orbit/NotchOrbitPlus
    write-file /Users/runner/work/orbit/orbit/NotchOrbitPlus/build/DerivedData/Build/Intermediates.noindex/NotchOrbitPlus.build/Debug/NotchOrbitPlus.build/Objects-normal/arm64/NotchOrbitPlus.SwiftConstValuesFileList

WriteAuxiliaryFile /Users/runner/work/orbit/orbit/NotchOrbitPlus/build/DerivedData/Build/Intermediates.noindex/NotchOrbitPlus.build/Debug/NotchOrbitPlus.build/Objects-normal/arm64/NotchOrbitPlus.LinkFileList (in target 'NotchOrbitPlus' from project 'NotchOrbitPlus')
    cd /Users/runner/work/orbit/orbit/NotchOrbitPlus
    write-file /Users/runner/work/orbit/orbit/NotchOrbitPlus/build/DerivedData/Build/Intermediates.noindex/NotchOrbitPlus.build/Debug/NotchOrbitPlus.build/Objects-normal/arm64/NotchOrbitPlus.LinkFileList

WriteAuxiliaryFile /Users/runner/work/orbit/orbit/NotchOrbitPlus/build/DerivedData/Build/Intermediates.noindex/NotchOrbitPlus.build/Debug/NotchOrbitPlus.build/NotchOrbitPlus.hmap (in target 'NotchOrbitPlus' from project 'NotchOrbitPlus')
    cd /Users/runner/work/orbit/orbit/NotchOrbitPlus
    write-file /Users/runner/work/orbit/orbit/NotchOrbitPlus/build/DerivedData/Build/Intermediates.noindex/NotchOrbitPlus.build/Debug/NotchOrbitPlus.build/NotchOrbitPlus.hmap

WriteAuxiliaryFile /Users/runner/work/orbit/orbit/NotchOrbitPlus/build/DerivedData/Build/Intermediates.noindex/NotchOrbitPlus.build/Debug/NotchOrbitPlus.build/NotchOrbitPlus.DependencyStaticMetadataFileList (in target 'NotchOrbitPlus' from project 'NotchOrbitPlus')
    cd /Users/runner/work/orbit/orbit/NotchOrbitPlus
    write-file /Users/runner/work/orbit/orbit/NotchOrbitPlus/build/DerivedData/Build/Intermediates.noindex/NotchOrbitPlus.build/Debug/NotchOrbitPlus.build/NotchOrbitPlus.DependencyStaticMetadataFileList

WriteAuxiliaryFile /Users/runner/work/orbit/orbit/NotchOrbitPlus/build/DerivedData/Build/Intermediates.noindex/NotchOrbitPlus.build/Debug/NotchOrbitPlus.build/NotchOrbitPlus.DependencyMetadataFileList (in target 'NotchOrbitPlus' from project 'NotchOrbitPlus')
    cd /Users/runner/work/orbit/orbit/NotchOrbitPlus
    write-file /Users/runner/work/orbit/orbit/NotchOrbitPlus/build/DerivedData/Build/Intermediates.noindex/NotchOrbitPlus.build/Debug/NotchOrbitPlus.build/NotchOrbitPlus.DependencyMetadataFileList

WriteAuxiliaryFile /Users/runner/work/orbit/orbit/NotchOrbitPlus/build/DerivedData/Build/Intermediates.noindex/NotchOrbitPlus.build/Debug/NotchOrbitPlus.build/NotchOrbitPlus-project-headers.hmap (in target 'NotchOrbitPlus' from project 'NotchOrbitPlus')
    cd /Users/runner/work/orbit/orbit/NotchOrbitPlus
    write-file /Users/runner/work/orbit/orbit/NotchOrbitPlus/build/DerivedData/Build/Intermediates.noindex/NotchOrbitPlus.build/Debug/NotchOrbitPlus.build/NotchOrbitPlus-project-headers.hmap

WriteAuxiliaryFile /Users/runner/work/orbit/orbit/NotchOrbitPlus/build/DerivedData/Build/Intermediates.noindex/NotchOrbitPlus.build/Debug/NotchOrbitPlus.build/NotchOrbitPlus-own-target-headers.hmap (in target 'NotchOrbitPlus' from project 'NotchOrbitPlus')
    cd /Users/runner/work/orbit/orbit/NotchOrbitPlus
    write-file /Users/runner/work/orbit/orbit/NotchOrbitPlus/build/DerivedData/Build/Intermediates.noindex/NotchOrbitPlus.build/Debug/NotchOrbitPlus.build/NotchOrbitPlus-own-target-headers.hmap

WriteAuxiliaryFile /Users/runner/work/orbit/orbit/NotchOrbitPlus/build/DerivedData/Build/Intermediates.noindex/NotchOrbitPlus.build/Debug/NotchOrbitPlus.build/NotchOrbitPlus-generated-files.hmap (in target 'NotchOrbitPlus' from project 'NotchOrbitPlus')
    cd /Users/runner/work/orbit/orbit/NotchOrbitPlus
    write-file /Users/runner/work/orbit/orbit/NotchOrbitPlus/build/DerivedData/Build/Intermediates.noindex/NotchOrbitPlus.build/Debug/NotchOrbitPlus.build/NotchOrbitPlus-generated-files.hmap

WriteAuxiliaryFile /Users/runner/work/orbit/orbit/NotchOrbitPlus/build/DerivedData/Build/Intermediates.noindex/NotchOrbitPlus.build/Debug/NotchOrbitPlus.build/NotchOrbitPlus-all-target-headers.hmap (in target 'NotchOrbitPlus' from project 'NotchOrbitPlus')
    cd /Users/runner/work/orbit/orbit/NotchOrbitPlus
    write-file /Users/runner/work/orbit/orbit/NotchOrbitPlus/build/DerivedData/Build/Intermediates.noindex/NotchOrbitPlus.build/Debug/NotchOrbitPlus.build/NotchOrbitPlus-all-target-headers.hmap

WriteAuxiliaryFile /Users/runner/work/orbit/orbit/NotchOrbitPlus/build/DerivedData/Build/Intermediates.noindex/NotchOrbitPlus.build/Debug/NotchOrbitPlus.build/NotchOrbitPlus-all-non-framework-target-headers.hmap (in target 'NotchOrbitPlus' from project 'NotchOrbitPlus')
    cd /Users/runner/work/orbit/orbit/NotchOrbitPlus
    write-file /Users/runner/work/orbit/orbit/NotchOrbitPlus/build/DerivedData/Build/Intermediates.noindex/NotchOrbitPlus.build/Debug/NotchOrbitPlus.build/NotchOrbitPlus-all-non-framework-target-headers.hmap

WriteAuxiliaryFile /Users/runner/work/orbit/orbit/NotchOrbitPlus/build/DerivedData/Build/Intermediates.noindex/NotchOrbitPlus.build/Debug/NotchOrbitPlus.build/NotchOrbitPlus-DebugDylibPath-normal-arm64.txt (in target 'NotchOrbitPlus' from project 'NotchOrbitPlus')
    cd /Users/runner/work/orbit/orbit/NotchOrbitPlus
    write-file /Users/runner/work/orbit/orbit/NotchOrbitPlus/build/DerivedData/Build/Intermediates.noindex/NotchOrbitPlus.build/Debug/NotchOrbitPlus.build/NotchOrbitPlus-DebugDylibPath-normal-arm64.txt

WriteAuxiliaryFile /Users/runner/work/orbit/orbit/NotchOrbitPlus/build/DerivedData/Build/Intermediates.noindex/NotchOrbitPlus.build/Debug/NotchOrbitPlus.build/NotchOrbitPlus-DebugDylibInstallName-normal-arm64.txt (in target 'NotchOrbitPlus' from project 'NotchOrbitPlus')
    cd /Users/runner/work/orbit/orbit/NotchOrbitPlus
    write-file /Users/runner/work/orbit/orbit/NotchOrbitPlus/build/DerivedData/Build/Intermediates.noindex/NotchOrbitPlus.build/Debug/NotchOrbitPlus.build/NotchOrbitPlus-DebugDylibInstallName-normal-arm64.txt

WriteAuxiliaryFile /Users/runner/work/orbit/orbit/NotchOrbitPlus/build/DerivedData/Build/Intermediates.noindex/NotchOrbitPlus.build/Debug/NotchCore.build/Objects-normal/arm64/NotchCore_const_extract_protocols.json (in target 'NotchCore' from project 'NotchOrbitPlus')
    cd /Users/runner/work/orbit/orbit/NotchOrbitPlus
    write-file /Users/runner/work/orbit/orbit/NotchOrbitPlus/build/DerivedData/Build/Intermediates.noindex/NotchOrbitPlus.build/Debug/NotchCore.build/Objects-normal/arm64/NotchCore_const_extract_protocols.json

WriteAuxiliaryFile /Users/runner/work/orbit/orbit/NotchOrbitPlus/build/DerivedData/Build/Intermediates.noindex/NotchOrbitPlus.build/Debug/NotchCore.build/Objects-normal/arm64/NotchCore.SwiftFileList (in target 'NotchCore' from project 'NotchOrbitPlus')
    cd /Users/runner/work/orbit/orbit/NotchOrbitPlus
    write-file /Users/runner/work/orbit/orbit/NotchOrbitPlus/build/DerivedData/Build/Intermediates.noindex/NotchOrbitPlus.build/Debug/NotchCore.build/Objects-normal/arm64/NotchCore.SwiftFileList

WriteAuxiliaryFile /Users/runner/work/orbit/orbit/NotchOrbitPlus/build/DerivedData/Build/Intermediates.noindex/NotchOrbitPlus.build/Debug/NotchCore.build/Objects-normal/arm64/NotchCore.SwiftConstValuesFileList (in target 'NotchCore' from project 'NotchOrbitPlus')
    cd /Users/runner/work/orbit/orbit/NotchOrbitPlus
    write-file /Users/runner/work/orbit/orbit/NotchOrbitPlus/build/DerivedData/Build/Intermediates.noindex/NotchOrbitPlus.build/Debug/NotchCore.build/Objects-normal/arm64/NotchCore.SwiftConstValuesFileList

WriteAuxiliaryFile /Users/runner/work/orbit/orbit/NotchOrbitPlus/build/DerivedData/Build/Intermediates.noindex/NotchOrbitPlus.build/Debug/NotchCore.build/Objects-normal/arm64/NotchCore.LinkFileList (in target 'NotchCore' from project 'NotchOrbitPlus')
    cd /Users/runner/work/orbit/orbit/NotchOrbitPlus
    write-file /Users/runner/work/orbit/orbit/NotchOrbitPlus/build/DerivedData/Build/Intermediates.noindex/NotchOrbitPlus.build/Debug/NotchCore.build/Objects-normal/arm64/NotchCore.LinkFileList

WriteAuxiliaryFile /Users/runner/work/orbit/orbit/NotchOrbitPlus/build/DerivedData/Build/Intermediates.noindex/NotchOrbitPlus.build/Debug/NotchCore.build/Objects-normal/arm64/NotchCore-OutputFileMap.json (in target 'NotchCore' from project 'NotchOrbitPlus')
    cd /Users/runner/work/orbit/orbit/NotchOrbitPlus
    write-file /Users/runner/work/orbit/orbit/NotchOrbitPlus/build/DerivedData/Build/Intermediates.noindex/NotchOrbitPlus.build/Debug/NotchCore.build/Objects-normal/arm64/NotchCore-OutputFileMap.json

WriteAuxiliaryFile /Users/runner/work/orbit/orbit/NotchOrbitPlus/build/DerivedData/Build/Intermediates.noindex/NotchOrbitPlus.build/Debug/NotchCore.build/NotchCore.hmap (in target 'NotchCore' from project 'NotchOrbitPlus')
    cd /Users/runner/work/orbit/orbit/NotchOrbitPlus
    write-file /Users/runner/work/orbit/orbit/NotchOrbitPlus/build/DerivedData/Build/Intermediates.noindex/NotchOrbitPlus.build/Debug/NotchCore.build/NotchCore.hmap

WriteAuxiliaryFile /Users/runner/work/orbit/orbit/NotchOrbitPlus/build/DerivedData/Build/Intermediates.noindex/NotchOrbitPlus.build/Debug/NotchCore.build/NotchCore.DependencyStaticMetadataFileList (in target 'NotchCore' from project 'NotchOrbitPlus')
    cd /Users/runner/work/orbit/orbit/NotchOrbitPlus
    write-file /Users/runner/work/orbit/orbit/NotchOrbitPlus/build/DerivedData/Build/Intermediates.noindex/NotchOrbitPlus.build/Debug/NotchCore.build/NotchCore.DependencyStaticMetadataFileList

WriteAuxiliaryFile /Users/runner/work/orbit/orbit/NotchOrbitPlus/build/DerivedData/Build/Intermediates.noindex/NotchOrbitPlus.build/Debug/NotchCore.build/NotchCore.DependencyMetadataFileList (in target 'NotchCore' from project 'NotchOrbitPlus')
    cd /Users/runner/work/orbit/orbit/NotchOrbitPlus
    write-file /Users/runner/work/orbit/orbit/NotchOrbitPlus/build/DerivedData/Build/Intermediates.noindex/NotchOrbitPlus.build/Debug/NotchCore.build/NotchCore.DependencyMetadataFileList

WriteAuxiliaryFile /Users/runner/work/orbit/orbit/NotchOrbitPlus/build/DerivedData/Build/Intermediates.noindex/NotchOrbitPlus.build/Debug/NotchCore.build/NotchCore-project-headers.hmap (in target 'NotchCore' from project 'NotchOrbitPlus')
    cd /Users/runner/work/orbit/orbit/NotchOrbitPlus
    write-file /Users/runner/work/orbit/orbit/NotchOrbitPlus/build/DerivedData/Build/Intermediates.noindex/NotchOrbitPlus.build/Debug/NotchCore.build/NotchCore-project-headers.hmap

WriteAuxiliaryFile /Users/runner/work/orbit/orbit/NotchOrbitPlus/build/DerivedData/Build/Intermediates.noindex/NotchOrbitPlus.build/Debug/NotchCore.build/NotchCore-own-target-headers.hmap (in target 'NotchCore' from project 'NotchOrbitPlus')
    cd /Users/runner/work/orbit/orbit/NotchOrbitPlus
    write-file /Users/runner/work/orbit/orbit/NotchOrbitPlus/build/DerivedData/Build/Intermediates.noindex/NotchOrbitPlus.build/Debug/NotchCore.build/NotchCore-own-target-headers.hmap

WriteAuxiliaryFile /Users/runner/work/orbit/orbit/NotchOrbitPlus/build/DerivedData/Build/Intermediates.noindex/NotchOrbitPlus.build/Debug/NotchCore.build/NotchCore-generated-files.hmap (in target 'NotchCore' from project 'NotchOrbitPlus')
    cd /Users/runner/work/orbit/orbit/NotchOrbitPlus
    write-file /Users/runner/work/orbit/orbit/NotchOrbitPlus/build/DerivedData/Build/Intermediates.noindex/NotchOrbitPlus.build/Debug/NotchCore.build/NotchCore-generated-files.hmap

WriteAuxiliaryFile /Users/runner/work/orbit/orbit/NotchOrbitPlus/build/DerivedData/Build/Intermediates.noindex/NotchOrbitPlus.build/Debug/NotchCore.build/NotchCore-all-target-headers.hmap (in target 'NotchCore' from project 'NotchOrbitPlus')
    cd /Users/runner/work/orbit/orbit/NotchOrbitPlus
    write-file /Users/runner/work/orbit/orbit/NotchOrbitPlus/build/DerivedData/Build/Intermediates.noindex/NotchOrbitPlus.build/Debug/NotchCore.build/NotchCore-all-target-headers.hmap

WriteAuxiliaryFile /Users/runner/work/orbit/orbit/NotchOrbitPlus/build/DerivedData/Build/Intermediates.noindex/NotchOrbitPlus.build/Debug/NotchCore.build/NotchCore-all-non-framework-target-headers.hmap (in target 'NotchCore' from project 'NotchOrbitPlus')
    cd /Users/runner/work/orbit/orbit/NotchOrbitPlus
    write-file /Users/runner/work/orbit/orbit/NotchOrbitPlus/build/DerivedData/Build/Intermediates.noindex/NotchOrbitPlus.build/Debug/NotchCore.build/NotchCore-all-non-framework-target-headers.hmap

MkDir /Users/runner/work/orbit/orbit/NotchOrbitPlus/build/DerivedData/Build/Products/Debug/NotchOrbitPlus.app/Contents/PlugIns/NotchOrbitPlusTests.xctest/Contents (in target 'NotchOrbitPlusTests' from project 'NotchOrbitPlus')
    cd /Users/runner/work/orbit/orbit/NotchOrbitPlus
    /bin/mkdir -p /Users/runner/work/orbit/orbit/NotchOrbitPlus/build/DerivedData/Build/Products/Debug/NotchOrbitPlus.app/Contents/PlugIns/NotchOrbitPlusTests.xctest/Contents

MkDir /Users/runner/work/orbit/orbit/NotchOrbitPlus/build/DerivedData/Build/Products/Debug/NotchOrbitPlus.app/Contents/PlugIns/NotchOrbitPlusTests.xctest/Contents/MacOS (in target 'NotchOrbitPlusTests' from project 'NotchOrbitPlus')
    cd /Users/runner/work/orbit/orbit/NotchOrbitPlus
    /bin/mkdir -p /Users/runner/work/orbit/orbit/NotchOrbitPlus/build/DerivedData/Build/Products/Debug/NotchOrbitPlus.app/Contents/PlugIns/NotchOrbitPlusTests.xctest/Contents/MacOS

MkDir /Users/runner/work/orbit/orbit/NotchOrbitPlus/build/DerivedData/Build/Products/Debug/NotchOrbitPlus.app/Contents/PlugIns/NotchOrbitPlusTests.xctest (in target 'NotchOrbitPlusTests' from project 'NotchOrbitPlus')
    cd /Users/runner/work/orbit/orbit/NotchOrbitPlus
    /bin/mkdir -p /Users/runner/work/orbit/orbit/NotchOrbitPlus/build/DerivedData/Build/Products/Debug/NotchOrbitPlus.app/Contents/PlugIns/NotchOrbitPlusTests.xctest

MkDir /Users/runner/work/orbit/orbit/NotchOrbitPlus/build/DerivedData/Build/Products/Debug/NotchOrbitPlus.app/Contents/Resources (in target 'NotchOrbitPlus' from project 'NotchOrbitPlus')
    cd /Users/runner/work/orbit/orbit/NotchOrbitPlus
    /bin/mkdir -p /Users/runner/work/orbit/orbit/NotchOrbitPlus/build/DerivedData/Build/Products/Debug/NotchOrbitPlus.app/Contents/Resources

MkDir /Users/runner/work/orbit/orbit/NotchOrbitPlus/build/DerivedData/Build/Products/Debug/NotchOrbitPlus.app/Contents/PlugIns (in target 'NotchOrbitPlus' from project 'NotchOrbitPlus')
    cd /Users/runner/work/orbit/orbit/NotchOrbitPlus
    /bin/mkdir -p /Users/runner/work/orbit/orbit/NotchOrbitPlus/build/DerivedData/Build/Products/Debug/NotchOrbitPlus.app/Contents/PlugIns

MkDir /Users/runner/work/orbit/orbit/NotchOrbitPlus/build/DerivedData/Build/Products/Debug/NotchOrbitPlus.app/Contents/MacOS (in target 'NotchOrbitPlus' from project 'NotchOrbitPlus')
    cd /Users/runner/work/orbit/orbit/NotchOrbitPlus
    /bin/mkdir -p /Users/runner/work/orbit/orbit/NotchOrbitPlus/build/DerivedData/Build/Products/Debug/NotchOrbitPlus.app/Contents/MacOS

MkDir /Users/runner/work/orbit/orbit/NotchOrbitPlus/build/DerivedData/Build/Products/Debug/NotchOrbitPlus.app/Contents/Frameworks (in target 'NotchOrbitPlus' from project 'NotchOrbitPlus')
    cd /Users/runner/work/orbit/orbit/NotchOrbitPlus
    /bin/mkdir -p /Users/runner/work/orbit/orbit/NotchOrbitPlus/build/DerivedData/Build/Products/Debug/NotchOrbitPlus.app/Contents/Frameworks

MkDir /Users/runner/work/orbit/orbit/NotchOrbitPlus/build/DerivedData/Build/Products/Debug/NotchOrbitPlus.app/Contents (in target 'NotchOrbitPlus' from project 'NotchOrbitPlus')
    cd /Users/runner/work/orbit/orbit/NotchOrbitPlus
    /bin/mkdir -p /Users/runner/work/orbit/orbit/NotchOrbitPlus/build/DerivedData/Build/Products/Debug/NotchOrbitPlus.app/Contents

MkDir /Users/runner/work/orbit/orbit/NotchOrbitPlus/build/DerivedData/Build/Products/Debug/NotchOrbitPlus.app (in target 'NotchOrbitPlus' from project 'NotchOrbitPlus')
    cd /Users/runner/work/orbit/orbit/NotchOrbitPlus
    /bin/mkdir -p /Users/runner/work/orbit/orbit/NotchOrbitPlus/build/DerivedData/Build/Products/Debug/NotchOrbitPlus.app

SwiftDriver OrbitCore normal arm64 com.apple.xcode.tools.swift.compiler (in target 'OrbitCore' from project 'NotchOrbitPlus')
    cd /Users/runner/work/orbit/orbit/NotchOrbitPlus
    builtin-SwiftDriver -- /Applications/Xcode_26.6.app/Contents/Developer/Toolchains/XcodeDefault.xctoolchain/usr/bin/swiftc -module-name OrbitCore -Onone @/Users/runner/work/orbit/orbit/NotchOrbitPlus/build/DerivedData/Build/Intermediates.noindex/NotchOrbitPlus.build/Debug/OrbitCore.build/Objects-normal/arm64/OrbitCore.SwiftFileList -DDEBUG -enable-experimental-feature DebugDescriptionMacro -sdk /Applications/Xcode_26.6.app/Contents/Developer/Platforms/MacOSX.platform/Developer/SDKs/MacOSX26.5.sdk -target arm64-apple-macos14.0 -g -module-cache-path /Users/runner/work/orbit/orbit/NotchOrbitPlus/build/DerivedData/ModuleCache.noindex -Xfrontend -serialize-debugging-options -enable-testing -index-store-path /Users/runner/work/orbit/orbit/NotchOrbitPlus/build/DerivedData/Index.noindex/DataStore -swift-version 6 -I /Users/runner/work/orbit/orbit/NotchOrbitPlus/build/DerivedData/Build/Products/Debug -I /Users/runner/work/orbit/orbit/NotchOrbitPlus/build/DerivedData/Build/Products/Debug -F /Users/runner/work/orbit/orbit/NotchOrbitPlus/build/DerivedData/Build/Products/Debug -c -j3 -enable-batch-mode -incremental -Xcc -ivfsstatcache -Xcc /Users/runner/work/orbit/orbit/NotchOrbitPlus/build/DerivedData/SDKStatCaches.noindex/macosx26.5-25F70-688ef53f1462e2c8f657fdc38a81448fee0e6409aa6676c5e6c013d148225433.sdkstatcache -output-file-map /Users/runner/work/orbit/orbit/NotchOrbitPlus/build/DerivedData/Build/Intermediates.noindex/NotchOrbitPlus.build/Debug/OrbitCore.build/Objects-normal/arm64/OrbitCore-OutputFileMap.json -use-frontend-parseable-output -save-temps -no-color-diagnostics -explicit-module-build -module-cache-path /Users/runner/work/orbit/orbit/NotchOrbitPlus/build/DerivedData/Build/Intermediates.noindex/SwiftExplicitPrecompiledModules -clang-scanner-module-cache-path /Users/runner/work/orbit/orbit/NotchOrbitPlus/build/DerivedData/ModuleCache.noindex -sdk-module-cache-path /Users/runner/work/orbit/orbit/NotchOrbitPlus/build/DerivedData/ModuleCache.noindex -serialize-diagnostics -emit-dependencies -emit-module -emit-module-path /Users/runner/work/orbit/orbit/NotchOrbitPlus/build/DerivedData/Build/Intermediates.noindex/NotchOrbitPlus.build/Debug/OrbitCore.build/Objects-normal/arm64/OrbitCore.swiftmodule -validate-clang-modules-once -clang-build-session-file /Users/runner/work/orbit/orbit/NotchOrbitPlus/build/DerivedData/ModuleCache.noindex/Session.modulevalidation -Xcc -I/Users/runner/work/orbit/orbit/NotchOrbitPlus/build/DerivedData/Build/Intermediates.noindex/NotchOrbitPlus.build/Debug/OrbitCore.build/swift-overrides.hmap -emit-const-values -Xfrontend -const-gather-protocols-file -Xfrontend /Users/runner/work/orbit/orbit/NotchOrbitPlus/build/DerivedData/Build/Intermediates.noindex/NotchOrbitPlus.build/Debug/OrbitCore.build/Objects-normal/arm64/OrbitCore_const_extract_protocols.json -Xcc -iquote -Xcc /Users/runner/work/orbit/orbit/NotchOrbitPlus/build/DerivedData/Build/Intermediates.noindex/NotchOrbitPlus.build/Debug/OrbitCore.build/OrbitCore-generated-files.hmap -Xcc -I/Users/runner/work/orbit/orbit/NotchOrbitPlus/build/DerivedData/Build/Intermediates.noindex/NotchOrbitPlus.build/Debug/OrbitCore.build/OrbitCore-own-target-headers.hmap -Xcc -I/Users/runner/work/orbit/orbit/NotchOrbitPlus/build/DerivedData/Build/Intermediates.noindex/NotchOrbitPlus.build/Debug/OrbitCore.build/OrbitCore-all-non-framework-target-headers.hmap -Xcc -ivfsoverlay -Xcc /Users/runner/work/orbit/orbit/NotchOrbitPlus/build/DerivedData/Build/Intermediates.noindex/NotchOrbitPlus.build/Debug/NotchOrbitPlus-f72668d2e0dd56b95fac80a5a9a4b360-VFS/all-product-headers.yaml -Xcc -iquote -Xcc /Users/runner/work/orbit/orbit/NotchOrbitPlus/build/DerivedData/Build/Intermediates.noindex/NotchOrbitPlus.build/Debug/OrbitCore.build/OrbitCore-project-headers.hmap -Xcc -I/Users/runner/work/orbit/orbit/NotchOrbitPlus/build/DerivedData/Build/Products/Debug/include -Xcc -I/Users/runner/work/orbit/orbit/NotchOrbitPlus/build/DerivedData/Build/Intermediates.noindex/NotchOrbitPlus.build/Debug/OrbitCore.build/DerivedSources-normal/arm64 -Xcc -I/Users/runner/work/orbit/orbit/NotchOrbitPlus/build/DerivedData/Build/Intermediates.noindex/NotchOrbitPlus.build/Debug/OrbitCore.build/DerivedSources/arm64 -Xcc -I/Users/runner/work/orbit/orbit/NotchOrbitPlus/build/DerivedData/Build/Intermediates.noindex/NotchOrbitPlus.build/Debug/OrbitCore.build/DerivedSources -emit-objc-header -emit-objc-header-path /Users/runner/work/orbit/orbit/NotchOrbitPlus/build/DerivedData/Build/Intermediates.noindex/NotchOrbitPlus.build/Debug/OrbitCore.build/Objects-normal/arm64/OrbitCore-Swift.h -working-directory /Users/runner/work/orbit/orbit/NotchOrbitPlus -experimental-emit-module-separately -disable-cmo

SwiftDriver NotchCore normal arm64 com.apple.xcode.tools.swift.compiler (in target 'NotchCore' from project 'NotchOrbitPlus')
    cd /Users/runner/work/orbit/orbit/NotchOrbitPlus
    builtin-SwiftDriver -- /Applications/Xcode_26.6.app/Contents/Developer/Toolchains/XcodeDefault.xctoolchain/usr/bin/swiftc -module-name NotchCore -Onone @/Users/runner/work/orbit/orbit/NotchOrbitPlus/build/DerivedData/Build/Intermediates.noindex/NotchOrbitPlus.build/Debug/NotchCore.build/Objects-normal/arm64/NotchCore.SwiftFileList -DDEBUG -enable-experimental-feature DebugDescriptionMacro -sdk /Applications/Xcode_26.6.app/Contents/Developer/Platforms/MacOSX.platform/Developer/SDKs/MacOSX26.5.sdk -target arm64-apple-macos14.0 -g -module-cache-path /Users/runner/work/orbit/orbit/NotchOrbitPlus/build/DerivedData/ModuleCache.noindex -Xfrontend -serialize-debugging-options -enable-testing -index-store-path /Users/runner/work/orbit/orbit/NotchOrbitPlus/build/DerivedData/Index.noindex/DataStore -swift-version 6 -I /Users/runner/work/orbit/orbit/NotchOrbitPlus/build/DerivedData/Build/Products/Debug -I /Users/runner/work/orbit/orbit/NotchOrbitPlus/build/DerivedData/Build/Products/Debug -F /Users/runner/work/orbit/orbit/NotchOrbitPlus/build/DerivedData/Build/Products/Debug -c -j3 -enable-batch-mode -incremental -Xcc -ivfsstatcache -Xcc /Users/runner/work/orbit/orbit/NotchOrbitPlus/build/DerivedData/SDKStatCaches.noindex/macosx26.5-25F70-688ef53f1462e2c8f657fdc38a81448fee0e6409aa6676c5e6c013d148225433.sdkstatcache -output-file-map /Users/runner/work/orbit/orbit/NotchOrbitPlus/build/DerivedData/Build/Intermediates.noindex/NotchOrbitPlus.build/Debug/NotchCore.build/Objects-normal/arm64/NotchCore-OutputFileMap.json -use-frontend-parseable-output -save-temps -no-color-diagnostics -explicit-module-build -module-cache-path /Users/runner/work/orbit/orbit/NotchOrbitPlus/build/DerivedData/Build/Intermediates.noindex/SwiftExplicitPrecompiledModules -clang-scanner-module-cache-path /Users/runner/work/orbit/orbit/NotchOrbitPlus/build/DerivedData/ModuleCache.noindex -sdk-module-cache-path /Users/runner/work/orbit/orbit/NotchOrbitPlus/build/DerivedData/ModuleCache.noindex -serialize-diagnostics -emit-dependencies -emit-module -emit-module-path /Users/runner/work/orbit/orbit/NotchOrbitPlus/build/DerivedData/Build/Intermediates.noindex/NotchOrbitPlus.build/Debug/NotchCore.build/Objects-normal/arm64/NotchCore.swiftmodule -validate-clang-modules-once -clang-build-session-file /Users/runner/work/orbit/orbit/NotchOrbitPlus/build/DerivedData/ModuleCache.noindex/Session.modulevalidation -Xcc -I/Users/runner/work/orbit/orbit/NotchOrbitPlus/build/DerivedData/Build/Intermediates.noindex/NotchOrbitPlus.build/Debug/NotchCore.build/swift-overrides.hmap -emit-const-values -Xfrontend -const-gather-protocols-file -Xfrontend /Users/runner/work/orbit/orbit/NotchOrbitPlus/build/DerivedData/Build/Intermediates.noindex/NotchOrbitPlus.build/Debug/NotchCore.build/Objects-normal/arm64/NotchCore_const_extract_protocols.json -Xcc -iquote -Xcc /Users/runner/work/orbit/orbit/NotchOrbitPlus/build/DerivedData/Build/Intermediates.noindex/NotchOrbitPlus.build/Debug/NotchCore.build/NotchCore-generated-files.hmap -Xcc -I/Users/runner/work/orbit/orbit/NotchOrbitPlus/build/DerivedData/Build/Intermediates.noindex/NotchOrbitPlus.build/Debug/NotchCore.build/NotchCore-own-target-headers.hmap -Xcc -I/Users/runner/work/orbit/orbit/NotchOrbitPlus/build/DerivedData/Build/Intermediates.noindex/NotchOrbitPlus.build/Debug/NotchCore.build/NotchCore-all-non-framework-target-headers.hmap -Xcc -ivfsoverlay -Xcc /Users/runner/work/orbit/orbit/NotchOrbitPlus/build/DerivedData/Build/Intermediates.noindex/NotchOrbitPlus.build/Debug/NotchOrbitPlus-f72668d2e0dd56b95fac80a5a9a4b360-VFS/all-product-headers.yaml -Xcc -iquote -Xcc /Users/runner/work/orbit/orbit/NotchOrbitPlus/build/DerivedData/Build/Intermediates.noindex/NotchOrbitPlus.build/Debug/NotchCore.build/NotchCore-project-headers.hmap -Xcc -I/Users/runner/work/orbit/orbit/NotchOrbitPlus/build/DerivedData/Build/Products/Debug/include -Xcc -I/Users/runner/work/orbit/orbit/NotchOrbitPlus/build/DerivedData/Build/Intermediates.noindex/NotchOrbitPlus.build/Debug/NotchCore.build/DerivedSources-normal/arm64 -Xcc -I/Users/runner/work/orbit/orbit/NotchOrbitPlus/build/DerivedData/Build/Intermediates.noindex/NotchOrbitPlus.build/Debug/NotchCore.build/DerivedSources/arm64 -Xcc -I/Users/runner/work/orbit/orbit/NotchOrbitPlus/build/DerivedData/Build/Intermediates.noindex/NotchOrbitPlus.build/Debug/NotchCore.build/DerivedSources -emit-objc-header -emit-objc-header-path /Users/runner/work/orbit/orbit/NotchOrbitPlus/build/DerivedData/Build/Intermediates.noindex/NotchOrbitPlus.build/Debug/NotchCore.build/Objects-normal/arm64/NotchCore-Swift.h -working-directory /Users/runner/work/orbit/orbit/NotchOrbitPlus -experimental-emit-module-separately -disable-cmo

SwiftExplicitDependencyGeneratePcm arm64 /Users/runner/work/orbit/orbit/NotchOrbitPlus/build/DerivedData/ModuleCache.noindex/_Builtin_stdarg-7A32GSGJMEF0JX3T0QZCJRATO.pcm

SwiftExplicitDependencyGeneratePcm arm64 /Users/runner/work/orbit/orbit/NotchOrbitPlus/build/DerivedData/ModuleCache.noindex/SwiftShims-9DANZWKPLDTCX9RDO0ACDZARH.pcm

SwiftExplicitDependencyGeneratePcm arm64 /Users/runner/work/orbit/orbit/NotchOrbitPlus/build/DerivedData/ModuleCache.noindex/_Builtin_stddef-3YN5P66KC1471HBS1CRS2QAFN.pcm

SwiftExplicitDependencyGeneratePcm arm64 /Users/runner/work/orbit/orbit/NotchOrbitPlus/build/DerivedData/ModuleCache.noindex/_SwiftConcurrencyShims-4Y3G9N8VW12EREOFKLIBQ4PBL.pcm

SwiftExplicitDependencyGeneratePcm arm64 /Users/runner/work/orbit/orbit/NotchOrbitPlus/build/DerivedData/ModuleCache.noindex/ptrauth-2H8KGQZA5Z1RTEZLTUOF6ZQ1Q.pcm

SwiftExplicitDependencyGeneratePcm arm64 /Users/runner/work/orbit/orbit/NotchOrbitPlus/build/DerivedData/ModuleCache.noindex/_AvailabilityInternal-45WQSDY07R67Z83CZ1KF3JRW0.pcm

SwiftExplicitDependencyGeneratePcm arm64 /Users/runner/work/orbit/orbit/NotchOrbitPlus/build/DerivedData/ModuleCache.noindex/_Builtin_stdbool-85HDPNHRSDRMD9WS9ZP35NOGS.pcm

SwiftExplicitDependencyGeneratePcm arm64 /Users/runner/work/orbit/orbit/NotchOrbitPlus/build/DerivedData/ModuleCache.noindex/_Builtin_float-ESOP10HJJ9P82QMH4V50SE1UL.pcm

SwiftExplicitDependencyGeneratePcm arm64 /Users/runner/work/orbit/orbit/NotchOrbitPlus/build/DerivedData/ModuleCache.noindex/ptrcheck-6PFSKYSQLDYB6CF46L3LIGGSO.pcm

SwiftExplicitDependencyGeneratePcm arm64 /Users/runner/work/orbit/orbit/NotchOrbitPlus/build/DerivedData/ModuleCache.noindex/_DarwinFoundation1-MVLT9E952979NNU1ICHOXKYA.pcm

SwiftExplicitDependencyGeneratePcm arm64 /Users/runner/work/orbit/orbit/NotchOrbitPlus/build/DerivedData/ModuleCache.noindex/_DarwinFoundation2-97A0ADMCIR7H5ZE9EGXRKZYVV.pcm

SwiftExplicitDependencyGeneratePcm arm64 /Users/runner/work/orbit/orbit/NotchOrbitPlus/build/DerivedData/ModuleCache.noindex/_Builtin_limits-1PZ5MXBA8QX9FB0MEQLLU95GA.pcm

SwiftExplicitDependencyGeneratePcm arm64 /Users/runner/work/orbit/orbit/NotchOrbitPlus/build/DerivedData/ModuleCache.noindex/_Builtin_stdint-94WRGS0LAUMNOJJSTDTDHAITV.pcm

SwiftExplicitDependencyGeneratePcm arm64 /Users/runner/work/orbit/orbit/NotchOrbitPlus/build/DerivedData/ModuleCache.noindex/sys_types-7E51M0M2COKUOSY01NIWT0K3G.pcm

SwiftExplicitDependencyGeneratePcm arm64 /Users/runner/work/orbit/orbit/NotchOrbitPlus/build/DerivedData/ModuleCache.noindex/_DarwinFoundation3-469382AJHTL51F8KP2YAX771G.pcm

SwiftExplicitDependencyGeneratePcm arm64 /Users/runner/work/orbit/orbit/NotchOrbitPlus/build/DerivedData/ModuleCache.noindex/libDER-AE3RKXB5PVDEUC7QLC1D7CJBF.pcm

SwiftExplicitDependencyGeneratePcm arm64 /Users/runner/work/orbit/orbit/NotchOrbitPlus/build/DerivedData/ModuleCache.noindex/_Builtin_inttypes-4R7F7DH1R1AZMO5PQDCNN7L29.pcm

SwiftExplicitDependencyGeneratePcm arm64 /Users/runner/work/orbit/orbit/NotchOrbitPlus/build/DerivedData/ModuleCache.noindex/Darwin-41KCEBI6RLN27L5IDKSBKYD0V.pcm

SwiftExplicitDependencyGeneratePcm arm64 /Users/runner/work/orbit/orbit/NotchOrbitPlus/build/DerivedData/ModuleCache.noindex/libkern-3K5J6D47KNGUVRMBZM9LHN3U1.pcm

SwiftExplicitDependencyGeneratePcm arm64 /Users/runner/work/orbit/orbit/NotchOrbitPlus/build/DerivedData/ModuleCache.noindex/MachO-AQ5TFOATSBKQWHOE5LMBFKI6J.pcm

SwiftExplicitDependencyGeneratePcm arm64 /Users/runner/work/orbit/orbit/NotchOrbitPlus/build/DerivedData/ModuleCache.noindex/launch-1MTMD1QIZ9NJAG20P6IDFY3JA.pcm

SwiftExplicitDependencyGeneratePcm arm64 /Users/runner/work/orbit/orbit/NotchOrbitPlus/build/DerivedData/ModuleCache.noindex/ObjectiveC-KM7QXWGBZHMLVT6N2CUXQ3MS.pcm

SwiftExplicitDependencyGeneratePcm arm64 /Users/runner/work/orbit/orbit/NotchOrbitPlus/build/DerivedData/ModuleCache.noindex/os_object-5VG8LMVC9EIH04V72T1LWZ5JQ.pcm

SwiftExplicitDependencyGeneratePcm arm64 /Users/runner/work/orbit/orbit/NotchOrbitPlus/build/DerivedData/ModuleCache.noindex/os_workgroup-3Y0NIZFSKB5QZB76LKZIM4Z7N.pcm

SwiftExplicitDependencyGeneratePcm arm64 /Users/runner/work/orbit/orbit/NotchOrbitPlus/build/DerivedData/ModuleCache.noindex/Dispatch-183YVVYIBGV1P964TRHMEZZ02.pcm

SwiftExplicitDependencyGeneratePcm arm64 /Users/runner/work/orbit/orbit/NotchOrbitPlus/build/DerivedData/ModuleCache.noindex/CoreFoundation-2BE08M8I47DKKYVRJ2A3FSN0.pcm

SwiftExplicitDependencyGeneratePcm arm64 /Users/runner/work/orbit/orbit/NotchOrbitPlus/build/DerivedData/ModuleCache.noindex/XPC-EA5DKXT3I6YI2R4RZCU2OXWQ6.pcm

SwiftExplicitDependencyGeneratePcm arm64 /Users/runner/work/orbit/orbit/NotchOrbitPlus/build/DerivedData/ModuleCache.noindex/Security-DSFB1YE1DTTPFKCTDR58GSSZ8.pcm

SwiftExplicitDependencyGeneratePcm arm64 /Users/runner/work/orbit/orbit/NotchOrbitPlus/build/DerivedData/ModuleCache.noindex/IOKit-D6KM9Q7UQPZZX01X6F7B8HDO8.pcm

SwiftExplicitDependencyGeneratePcm arm64 /Users/runner/work/orbit/orbit/NotchOrbitPlus/build/DerivedData/ModuleCache.noindex/CFNetwork-4360J8STETMJPMS0ZOMYFEJ4X.pcm

SwiftExplicitDependencyGeneratePcm arm64 /Users/runner/work/orbit/orbit/NotchOrbitPlus/build/DerivedData/ModuleCache.noindex/DiskArbitration-E2HCSXC5Y802CUQFX3BVP0OCW.pcm

SwiftExplicitDependencyGeneratePcm arm64 /Users/runner/work/orbit/orbit/NotchOrbitPlus/build/DerivedData/ModuleCache.noindex/CoreServices-59K08J6QFOOGV7DZ70DM25LE.pcm

SwiftExplicitDependencyGeneratePcm arm64 /Users/runner/work/orbit/orbit/NotchOrbitPlus/build/DerivedData/ModuleCache.noindex/Foundation-6BL1CQYO1XKRZF9WY14X3KD9W.pcm

SwiftEmitModule normal arm64 Emitting\ module\ for\ OrbitCore (in target 'OrbitCore' from project 'NotchOrbitPlus')

EmitSwiftModule normal arm64 (in target 'OrbitCore' from project 'NotchOrbitPlus')
    cd /Users/runner/work/orbit/orbit/NotchOrbitPlus
    

SwiftEmitModule normal arm64 Emitting\ module\ for\ NotchCore (in target 'NotchCore' from project 'NotchOrbitPlus')
EmitSwiftModule normal arm64 (in target 'NotchCore' from project 'NotchOrbitPlus')
    cd /Users/runner/work/orbit/orbit/NotchOrbitPlus
    

SwiftCompile normal arm64 Compiling\ ActionResolver.swift,\ DropPayloadValidator.swift /Users/runner/work/orbit/orbit/Sources/OrbitCore/ActionResolver.swift /Users/runner/work/orbit/orbit/Sources/OrbitCore/DropPayloadValidator.swift (in target 'OrbitCore' from project 'NotchOrbitPlus')
SwiftCompile normal arm64 /Users/runner/work/orbit/orbit/Sources/OrbitCore/ActionResolver.swift (in target 'OrbitCore' from project 'NotchOrbitPlus')
    cd /Users/runner/work/orbit/orbit/NotchOrbitPlus
    

SwiftCompile normal arm64 /Users/runner/work/orbit/orbit/Sources/OrbitCore/DropPayloadValidator.swift (in target 'OrbitCore' from project 'NotchOrbitPlus')
    cd /Users/runner/work/orbit/orbit/NotchOrbitPlus
    

SwiftCompile normal arm64 Compiling\ Models.swift,\ RadialGeometry.swift /Users/runner/work/orbit/orbit/Sources/OrbitCore/Models.swift /Users/runner/work/orbit/orbit/Sources/OrbitCore/RadialGeometry.swift (in target 'OrbitCore' from project 'NotchOrbitPlus')

SwiftCompile normal arm64 /Users/runner/work/orbit/orbit/Sources/OrbitCore/Models.swift (in target 'OrbitCore' from project 'NotchOrbitPlus')
    cd /Users/runner/work/orbit/orbit/NotchOrbitPlus
    

SwiftCompile normal arm64 /Users/runner/work/orbit/orbit/Sources/OrbitCore/RadialGeometry.swift (in target 'OrbitCore' from project 'NotchOrbitPlus')
    cd /Users/runner/work/orbit/orbit/NotchOrbitPlus
    

SwiftDriverJobDiscovery normal arm64 Emitting module for OrbitCore (in target 'OrbitCore' from project 'NotchOrbitPlus')

SwiftDriver\ Compilation\ Requirements OrbitCore normal arm64 com.apple.xcode.tools.swift.compiler (in target 'OrbitCore' from project 'NotchOrbitPlus')
    cd /Users/runner/work/orbit/orbit/NotchOrbitPlus
    builtin-Swift-Compilation-Requirements -- /Applications/Xcode_26.6.app/Contents/Developer/Toolchains/XcodeDefault.xctoolchain/usr/bin/swiftc -module-name OrbitCore -Onone @/Users/runner/work/orbit/orbit/NotchOrbitPlus/build/DerivedData/Build/Intermediates.noindex/NotchOrbitPlus.build/Debug/OrbitCore.build/Objects-normal/arm64/OrbitCore.SwiftFileList -DDEBUG -enable-experimental-feature DebugDescriptionMacro -sdk /Applications/Xcode_26.6.app/Contents/Developer/Platforms/MacOSX.platform/Developer/SDKs/MacOSX26.5.sdk -target arm64-apple-macos14.0 -g -module-cache-path /Users/runner/work/orbit/orbit/NotchOrbitPlus/build/DerivedData/ModuleCache.noindex -Xfrontend -serialize-debugging-options -enable-testing -index-store-path /Users/runner/work/orbit/orbit/NotchOrbitPlus/build/DerivedData/Index.noindex/DataStore -swift-version 6 -I /Users/runner/work/orbit/orbit/NotchOrbitPlus/build/DerivedData/Build/Products/Debug -I /Users/runner/work/orbit/orbit/NotchOrbitPlus/build/DerivedData/Build/Products/Debug -F /Users/runner/work/orbit/orbit/NotchOrbitPlus/build/DerivedData/Build/Products/Debug -c -j3 -enable-batch-mode -incremental -Xcc -ivfsstatcache -Xcc /Users/runner/work/orbit/orbit/NotchOrbitPlus/build/DerivedData/SDKStatCaches.noindex/macosx26.5-25F70-688ef53f1462e2c8f657fdc38a81448fee0e6409aa6676c5e6c013d148225433.sdkstatcache -output-file-map /Users/runner/work/orbit/orbit/NotchOrbitPlus/build/DerivedData/Build/Intermediates.noindex/NotchOrbitPlus.build/Debug/OrbitCore.build/Objects-normal/arm64/OrbitCore-OutputFileMap.json -use-frontend-parseable-output -save-temps -no-color-diagnostics -explicit-module-build -module-cache-path /Users/runner/work/orbit/orbit/NotchOrbitPlus/build/DerivedData/Build/Intermediates.noindex/SwiftExplicitPrecompiledModules -clang-scanner-module-cache-path /Users/runner/work/orbit/orbit/NotchOrbitPlus/build/DerivedData/ModuleCache.noindex -sdk-module-cache-path /Users/runner/work/orbit/orbit/NotchOrbitPlus/build/DerivedData/ModuleCache.noindex -serialize-diagnostics -emit-dependencies -emit-module -emit-module-path /Users/runner/work/orbit/orbit/NotchOrbitPlus/build/DerivedData/Build/Intermediates.noindex/NotchOrbitPlus.build/Debug/OrbitCore.build/Objects-normal/arm64/OrbitCore.swiftmodule -validate-clang-modules-once -clang-build-session-file /Users/runner/work/orbit/orbit/NotchOrbitPlus/build/DerivedData/ModuleCache.noindex/Session.modulevalidation -Xcc -I/Users/runner/work/orbit/orbit/NotchOrbitPlus/build/DerivedData/Build/Intermediates.noindex/NotchOrbitPlus.build/Debug/OrbitCore.build/swift-overrides.hmap -emit-const-values -Xfrontend -const-gather-protocols-file -Xfrontend /Users/runner/work/orbit/orbit/NotchOrbitPlus/build/DerivedData/Build/Intermediates.noindex/NotchOrbitPlus.build/Debug/OrbitCore.build/Objects-normal/arm64/OrbitCore_const_extract_protocols.json -Xcc -iquote -Xcc /Users/runner/work/orbit/orbit/NotchOrbitPlus/build/DerivedData/Build/Intermediates.noindex/NotchOrbitPlus.build/Debug/OrbitCore.build/OrbitCore-generated-files.hmap -Xcc -I/Users/runner/work/orbit/orbit/NotchOrbitPlus/build/DerivedData/Build/Intermediates.noindex/NotchOrbitPlus.build/Debug/OrbitCore.build/OrbitCore-own-target-headers.hmap -Xcc -I/Users/runner/work/orbit/orbit/NotchOrbitPlus/build/DerivedData/Build/Intermediates.noindex/NotchOrbitPlus.build/Debug/OrbitCore.build/OrbitCore-all-non-framework-target-headers.hmap -Xcc -ivfsoverlay -Xcc /Users/runner/work/orbit/orbit/NotchOrbitPlus/build/DerivedData/Build/Intermediates.noindex/NotchOrbitPlus.build/Debug/NotchOrbitPlus-f72668d2e0dd56b95fac80a5a9a4b360-VFS/all-product-headers.yaml -Xcc -iquote -Xcc /Users/runner/work/orbit/orbit/NotchOrbitPlus/build/DerivedData/Build/Intermediates.noindex/NotchOrbitPlus.build/Debug/OrbitCore.build/OrbitCore-project-headers.hmap -Xcc -I/Users/runner/work/orbit/orbit/NotchOrbitPlus/build/DerivedData/Build/Products/Debug/include -Xcc -I/Users/runner/work/orbit/orbit/NotchOrbitPlus/build/DerivedData/Build/Intermediates.noindex/NotchOrbitPlus.build/Debug/OrbitCore.build/DerivedSources-normal/arm64 -Xcc -I/Users/runner/work/orbit/orbit/NotchOrbitPlus/build/DerivedData/Build/Intermediates.noindex/NotchOrbitPlus.build/Debug/OrbitCore.build/DerivedSources/arm64 -Xcc -I/Users/runner/work/orbit/orbit/NotchOrbitPlus/build/DerivedData/Build/Intermediates.noindex/NotchOrbitPlus.build/Debug/OrbitCore.build/DerivedSources -emit-objc-header -emit-objc-header-path /Users/runner/work/orbit/orbit/NotchOrbitPlus/build/DerivedData/Build/Intermediates.noindex/NotchOrbitPlus.build/Debug/OrbitCore.build/Objects-normal/arm64/OrbitCore-Swift.h -working-directory /Users/runner/work/orbit/orbit/NotchOrbitPlus -experimental-emit-module-separately -disable-cmo

SwiftDriverJobDiscovery normal arm64 Emitting module for NotchCore (in target 'NotchCore' from project 'NotchOrbitPlus')

SwiftDriver\ Compilation\ Requirements NotchCore normal arm64 com.apple.xcode.tools.swift.compiler (in target 'NotchCore' from project 'NotchOrbitPlus')
    cd /Users/runner/work/orbit/orbit/NotchOrbitPlus
    builtin-Swift-Compilation-Requirements -- /Applications/Xcode_26.6.app/Contents/Developer/Toolchains/XcodeDefault.xctoolchain/usr/bin/swiftc -module-name NotchCore -Onone @/Users/runner/work/orbit/orbit/NotchOrbitPlus/build/DerivedData/Build/Intermediates.noindex/NotchOrbitPlus.build/Debug/NotchCore.build/Objects-normal/arm64/NotchCore.SwiftFileList -DDEBUG -enable-experimental-feature DebugDescriptionMacro -sdk /Applications/Xcode_26.6.app/Contents/Developer/Platforms/MacOSX.platform/Developer/SDKs/MacOSX26.5.sdk -target arm64-apple-macos14.0 -g -module-cache-path /Users/runner/work/orbit/orbit/NotchOrbitPlus/build/DerivedData/ModuleCache.noindex -Xfrontend -serialize-debugging-options -enable-testing -index-store-path /Users/runner/work/orbit/orbit/NotchOrbitPlus/build/DerivedData/Index.noindex/DataStore -swift-version 6 -I /Users/runner/work/orbit/orbit/NotchOrbitPlus/build/DerivedData/Build/Products/Debug -I /Users/runner/work/orbit/orbit/NotchOrbitPlus/build/DerivedData/Build/Products/Debug -F /Users/runner/work/orbit/orbit/NotchOrbitPlus/build/DerivedData/Build/Products/Debug -c -j3 -enable-batch-mode -incremental -Xcc -ivfsstatcache -Xcc /Users/runner/work/orbit/orbit/NotchOrbitPlus/build/DerivedData/SDKStatCaches.noindex/macosx26.5-25F70-688ef53f1462e2c8f657fdc38a81448fee0e6409aa6676c5e6c013d148225433.sdkstatcache -output-file-map /Users/runner/work/orbit/orbit/NotchOrbitPlus/build/DerivedData/Build/Intermediates.noindex/NotchOrbitPlus.build/Debug/NotchCore.build/Objects-normal/arm64/NotchCore-OutputFileMap.json -use-frontend-parseable-output -save-temps -no-color-diagnostics -explicit-module-build -module-cache-path /Users/runner/work/orbit/orbit/NotchOrbitPlus/build/DerivedData/Build/Intermediates.noindex/SwiftExplicitPrecompiledModules -clang-scanner-module-cache-path /Users/runner/work/orbit/orbit/NotchOrbitPlus/build/DerivedData/ModuleCache.noindex -sdk-module-cache-path /Users/runner/work/orbit/orbit/NotchOrbitPlus/build/DerivedData/ModuleCache.noindex -serialize-diagnostics -emit-dependencies -emit-module -emit-module-path /Users/runner/work/orbit/orbit/NotchOrbitPlus/build/DerivedData/Build/Intermediates.noindex/NotchOrbitPlus.build/Debug/NotchCore.build/Objects-normal/arm64/NotchCore.swiftmodule -validate-clang-modules-once -clang-build-session-file /Users/runner/work/orbit/orbit/NotchOrbitPlus/build/DerivedData/ModuleCache.noindex/Session.modulevalidation -Xcc -I/Users/runner/work/orbit/orbit/NotchOrbitPlus/build/DerivedData/Build/Intermediates.noindex/NotchOrbitPlus.build/Debug/NotchCore.build/swift-overrides.hmap -emit-const-values -Xfrontend -const-gather-protocols-file -Xfrontend /Users/runner/work/orbit/orbit/NotchOrbitPlus/build/DerivedData/Build/Intermediates.noindex/NotchOrbitPlus.build/Debug/NotchCore.build/Objects-normal/arm64/NotchCore_const_extract_protocols.json -Xcc -iquote -Xcc /Users/runner/work/orbit/orbit/NotchOrbitPlus/build/DerivedData/Build/Intermediates.noindex/NotchOrbitPlus.build/Debug/NotchCore.build/NotchCore-generated-files.hmap -Xcc -I/Users/runner/work/orbit/orbit/NotchOrbitPlus/build/DerivedData/Build/Intermediates.noindex/NotchOrbitPlus.build/Debug/NotchCore.build/NotchCore-own-target-headers.hmap -Xcc -I/Users/runner/work/orbit/orbit/NotchOrbitPlus/build/DerivedData/Build/Intermediates.noindex/NotchOrbitPlus.build/Debug/NotchCore.build/NotchCore-all-non-framework-target-headers.hmap -Xcc -ivfsoverlay -Xcc /Users/runner/work/orbit/orbit/NotchOrbitPlus/build/DerivedData/Build/Intermediates.noindex/NotchOrbitPlus.build/Debug/NotchOrbitPlus-f72668d2e0dd56b95fac80a5a9a4b360-VFS/all-product-headers.yaml -Xcc -iquote -Xcc /Users/runner/work/orbit/orbit/NotchOrbitPlus/build/DerivedData/Build/Intermediates.noindex/NotchOrbitPlus.build/Debug/NotchCore.build/NotchCore-project-headers.hmap -Xcc -I/Users/runner/work/orbit/orbit/NotchOrbitPlus/build/DerivedData/Build/Products/Debug/include -Xcc -I/Users/runner/work/orbit/orbit/NotchOrbitPlus/build/DerivedData/Build/Intermediates.noindex/NotchOrbitPlus.build/Debug/NotchCore.build/DerivedSources-normal/arm64 -Xcc -I/Users/runner/work/orbit/orbit/NotchOrbitPlus/build/DerivedData/Build/Intermediates.noindex/NotchOrbitPlus.build/Debug/NotchCore.build/DerivedSources/arm64 -Xcc -I/Users/runner/work/orbit/orbit/NotchOrbitPlus/build/DerivedData/Build/Intermediates.noindex/NotchOrbitPlus.build/Debug/NotchCore.build/DerivedSources -emit-objc-header -emit-objc-header-path /Users/runner/work/orbit/orbit/NotchOrbitPlus/build/DerivedData/Build/Intermediates.noindex/NotchOrbitPlus.build/Debug/NotchCore.build/Objects-normal/arm64/NotchCore-Swift.h -working-directory /Users/runner/work/orbit/orbit/NotchOrbitPlus -experimental-emit-module-separately -disable-cmo

SwiftMergeGeneratedHeaders /Users/runner/work/orbit/orbit/NotchOrbitPlus/build/DerivedData/Build/Intermediates.noindex/NotchOrbitPlus.build/Debug/OrbitCore.build/DerivedSources/OrbitCore-Swift.h /Users/runner/work/orbit/orbit/NotchOrbitPlus/build/DerivedData/Build/Intermediates.noindex/NotchOrbitPlus.build/Debug/OrbitCore.build/Objects-normal/arm64/OrbitCore-Swift.h (in target 'OrbitCore' from project 'NotchOrbitPlus')
    cd /Users/runner/work/orbit/orbit/NotchOrbitPlus
    builtin-swiftHeaderTool -arch arm64 /Users/runner/work/orbit/orbit/NotchOrbitPlus/build/DerivedData/Build/Intermediates.noindex/NotchOrbitPlus.build/Debug/OrbitCore.build/Objects-normal/arm64/OrbitCore-Swift.h -o /Users/runner/work/orbit/orbit/NotchOrbitPlus/build/DerivedData/Build/Intermediates.noindex/NotchOrbitPlus.build/Debug/OrbitCore.build/DerivedSources/OrbitCore-Swift.h

Copy /Users/runner/work/orbit/orbit/NotchOrbitPlus/build/DerivedData/Build/Products/Debug/OrbitCore.swiftmodule/arm64-apple-macos.swiftmodule /Users/runner/work/orbit/orbit/NotchOrbitPlus/build/DerivedData/Build/Intermediates.noindex/NotchOrbitPlus.build/Debug/OrbitCore.build/Objects-normal/arm64/OrbitCore.swiftmodule (in target 'OrbitCore' from project 'NotchOrbitPlus')
    cd /Users/runner/work/orbit/orbit/NotchOrbitPlus
    builtin-copy -exclude .DS_Store -exclude CVS -exclude .svn -exclude .git -exclude .hg -strip-unsigned-binaries -strip-deterministic -strip-tool /Applications/Xcode_26.6.app/Contents/Developer/Toolchains/XcodeDefault.xctoolchain/usr/bin/strip -resolve-src-symlinks -rename /Users/runner/work/orbit/orbit/NotchOrbitPlus/build/DerivedData/Build/Intermediates.noindex/NotchOrbitPlus.build/Debug/OrbitCore.build/Objects-normal/arm64/OrbitCore.swiftmodule /Users/runner/work/orbit/orbit/NotchOrbitPlus/build/DerivedData/Build/Products/Debug/OrbitCore.swiftmodule/arm64-apple-macos.swiftmodule

Copy /Users/runner/work/orbit/orbit/NotchOrbitPlus/build/DerivedData/Build/Products/Debug/OrbitCore.swiftmodule/arm64-apple-macos.swiftdoc /Users/runner/work/orbit/orbit/NotchOrbitPlus/build/DerivedData/Build/Intermediates.noindex/NotchOrbitPlus.build/Debug/OrbitCore.build/Objects-normal/arm64/OrbitCore.swiftdoc (in target 'OrbitCore' from project 'NotchOrbitPlus')
    cd /Users/runner/work/orbit/orbit/NotchOrbitPlus
    builtin-copy -exclude .DS_Store -exclude CVS -exclude .svn -exclude .git -exclude .hg -strip-unsigned-binaries -strip-deterministic -strip-tool /Applications/Xcode_26.6.app/Contents/Developer/Toolchains/XcodeDefault.xctoolchain/usr/bin/strip -resolve-src-symlinks -rename /Users/runner/work/orbit/orbit/NotchOrbitPlus/build/DerivedData/Build/Intermediates.noindex/NotchOrbitPlus.build/Debug/OrbitCore.build/Objects-normal/arm64/OrbitCore.swiftdoc /Users/runner/work/orbit/orbit/NotchOrbitPlus/build/DerivedData/Build/Products/Debug/OrbitCore.swiftmodule/arm64-apple-macos.swiftdoc

Copy /Users/runner/work/orbit/orbit/NotchOrbitPlus/build/DerivedData/Build/Products/Debug/OrbitCore.swiftmodule/arm64-apple-macos.abi.json /Users/runner/work/orbit/orbit/NotchOrbitPlus/build/DerivedData/Build/Intermediates.noindex/NotchOrbitPlus.build/Debug/OrbitCore.build/Objects-normal/arm64/OrbitCore.abi.json (in target 'OrbitCore' from project 'NotchOrbitPlus')
    cd /Users/runner/work/orbit/orbit/NotchOrbitPlus
    builtin-copy -exclude .DS_Store -exclude CVS -exclude .svn -exclude .git -exclude .hg -strip-unsigned-binaries -strip-deterministic -strip-tool /Applications/Xcode_26.6.app/Contents/Developer/Toolchains/XcodeDefault.xctoolchain/usr/bin/strip -resolve-src-symlinks -rename /Users/runner/work/orbit/orbit/NotchOrbitPlus/build/DerivedData/Build/Intermediates.noindex/NotchOrbitPlus.build/Debug/OrbitCore.build/Objects-normal/arm64/OrbitCore.abi.json /Users/runner/work/orbit/orbit/NotchOrbitPlus/build/DerivedData/Build/Products/Debug/OrbitCore.swiftmodule/arm64-apple-macos.abi.json

Copy /Users/runner/work/orbit/orbit/NotchOrbitPlus/build/DerivedData/Build/Products/Debug/OrbitCore.swiftmodule/Project/arm64-apple-macos.swiftsourceinfo /Users/runner/work/orbit/orbit/NotchOrbitPlus/build/DerivedData/Build/Intermediates.noindex/NotchOrbitPlus.build/Debug/OrbitCore.build/Objects-normal/arm64/OrbitCore.swiftsourceinfo (in target 'OrbitCore' from project 'NotchOrbitPlus')
    cd /Users/runner/work/orbit/orbit/NotchOrbitPlus
    builtin-copy -exclude .DS_Store -exclude CVS -exclude .svn -exclude .git -exclude .hg -strip-unsigned-binaries -strip-deterministic -strip-tool /Applications/Xcode_26.6.app/Contents/Developer/Toolchains/XcodeDefault.xctoolchain/usr/bin/strip -resolve-src-symlinks -rename /Users/runner/work/orbit/orbit/NotchOrbitPlus/build/DerivedData/Build/Intermediates.noindex/NotchOrbitPlus.build/Debug/OrbitCore.build/Objects-normal/arm64/OrbitCore.swiftsourceinfo /Users/runner/work/orbit/orbit/NotchOrbitPlus/build/DerivedData/Build/Products/Debug/OrbitCore.swiftmodule/Project/arm64-apple-macos.swiftsourceinfo

SwiftMergeGeneratedHeaders /Users/runner/work/orbit/orbit/NotchOrbitPlus/build/DerivedData/Build/Intermediates.noindex/NotchOrbitPlus.build/Debug/NotchCore.build/DerivedSources/NotchCore-Swift.h /Users/runner/work/orbit/orbit/NotchOrbitPlus/build/DerivedData/Build/Intermediates.noindex/NotchOrbitPlus.build/Debug/NotchCore.build/Objects-normal/arm64/NotchCore-Swift.h (in target 'NotchCore' from project 'NotchOrbitPlus')
    cd /Users/runner/work/orbit/orbit/NotchOrbitPlus
    builtin-swiftHeaderTool -arch arm64 /Users/runner/work/orbit/orbit/NotchOrbitPlus/build/DerivedData/Build/Intermediates.noindex/NotchOrbitPlus.build/Debug/NotchCore.build/Objects-normal/arm64/NotchCore-Swift.h -o /Users/runner/work/orbit/orbit/NotchOrbitPlus/build/DerivedData/Build/Intermediates.noindex/NotchOrbitPlus.build/Debug/NotchCore.build/DerivedSources/NotchCore-Swift.h

Copy /Users/runner/work/orbit/orbit/NotchOrbitPlus/build/DerivedData/Build/Products/Debug/NotchCore.swiftmodule/arm64-apple-macos.swiftmodule /Users/runner/work/orbit/orbit/NotchOrbitPlus/build/DerivedData/Build/Intermediates.noindex/NotchOrbitPlus.build/Debug/NotchCore.build/Objects-normal/arm64/NotchCore.swiftmodule (in target 'NotchCore' from project 'NotchOrbitPlus')
    cd /Users/runner/work/orbit/orbit/NotchOrbitPlus
    builtin-copy -exclude .DS_Store -exclude CVS -exclude .svn -exclude .git -exclude .hg -strip-unsigned-binaries -strip-deterministic -strip-tool /Applications/Xcode_26.6.app/Contents/Developer/Toolchains/XcodeDefault.xctoolchain/usr/bin/strip -resolve-src-symlinks -rename /Users/runner/work/orbit/orbit/NotchOrbitPlus/build/DerivedData/Build/Intermediates.noindex/NotchOrbitPlus.build/Debug/NotchCore.build/Objects-normal/arm64/NotchCore.swiftmodule /Users/runner/work/orbit/orbit/NotchOrbitPlus/build/DerivedData/Build/Products/Debug/NotchCore.swiftmodule/arm64-apple-macos.swiftmodule

Copy /Users/runner/work/orbit/orbit/NotchOrbitPlus/build/DerivedData/Build/Products/Debug/NotchCore.swiftmodule/arm64-apple-macos.swiftdoc /Users/runner/work/orbit/orbit/NotchOrbitPlus/build/DerivedData/Build/Intermediates.noindex/NotchOrbitPlus.build/Debug/NotchCore.build/Objects-normal/arm64/NotchCore.swiftdoc (in target 'NotchCore' from project 'NotchOrbitPlus')
    cd /Users/runner/work/orbit/orbit/NotchOrbitPlus
    builtin-copy -exclude .DS_Store -exclude CVS -exclude .svn -exclude .git -exclude .hg -strip-unsigned-binaries -strip-deterministic -strip-tool /Applications/Xcode_26.6.app/Contents/Developer/Toolchains/XcodeDefault.xctoolchain/usr/bin/strip -resolve-src-symlinks -rename /Users/runner/work/orbit/orbit/NotchOrbitPlus/build/DerivedData/Build/Intermediates.noindex/NotchOrbitPlus.build/Debug/NotchCore.build/Objects-normal/arm64/NotchCore.swiftdoc /Users/runner/work/orbit/orbit/NotchOrbitPlus/build/DerivedData/Build/Products/Debug/NotchCore.swiftmodule/arm64-apple-macos.swiftdoc

Copy /Users/runner/work/orbit/orbit/NotchOrbitPlus/build/DerivedData/Build/Products/Debug/NotchCore.swiftmodule/arm64-apple-macos.abi.json /Users/runner/work/orbit/orbit/NotchOrbitPlus/build/DerivedData/Build/Intermediates.noindex/NotchOrbitPlus.build/Debug/NotchCore.build/Objects-normal/arm64/NotchCore.abi.json (in target 'NotchCore' from project 'NotchOrbitPlus')
    cd /Users/runner/work/orbit/orbit/NotchOrbitPlus
    builtin-copy -exclude .DS_Store -exclude CVS -exclude .svn -exclude .git -exclude .hg -strip-unsigned-binaries -strip-deterministic -strip-tool /Applications/Xcode_26.6.app/Contents/Developer/Toolchains/XcodeDefault.xctoolchain/usr/bin/strip -resolve-src-symlinks -rename /Users/runner/work/orbit/orbit/NotchOrbitPlus/build/DerivedData/Build/Intermediates.noindex/NotchOrbitPlus.build/Debug/NotchCore.build/Objects-normal/arm64/NotchCore.abi.json /Users/runner/work/orbit/orbit/NotchOrbitPlus/build/DerivedData/Build/Products/Debug/NotchCore.swiftmodule/arm64-apple-macos.abi.json

Copy /Users/runner/work/orbit/orbit/NotchOrbitPlus/build/DerivedData/Build/Products/Debug/NotchCore.swiftmodule/Project/arm64-apple-macos.swiftsourceinfo /Users/runner/work/orbit/orbit/NotchOrbitPlus/build/DerivedData/Build/Intermediates.noindex/NotchOrbitPlus.build/Debug/NotchCore.build/Objects-normal/arm64/NotchCore.swiftsourceinfo (in target 'NotchCore' from project 'NotchOrbitPlus')
    cd /Users/runner/work/orbit/orbit/NotchOrbitPlus
    builtin-copy -exclude .DS_Store -exclude CVS -exclude .svn -exclude .git -exclude .hg -strip-unsigned-binaries -strip-deterministic -strip-tool /Applications/Xcode_26.6.app/Contents/Developer/Toolchains/XcodeDefault.xctoolchain/usr/bin/strip -resolve-src-symlinks -rename /Users/runner/work/orbit/orbit/NotchOrbitPlus/build/DerivedData/Build/Intermediates.noindex/NotchOrbitPlus.build/Debug/NotchCore.build/Objects-normal/arm64/NotchCore.swiftsourceinfo /Users/runner/work/orbit/orbit/NotchOrbitPlus/build/DerivedData/Build/Products/Debug/NotchCore.swiftmodule/Project/arm64-apple-macos.swiftsourceinfo

SwiftCompile normal arm64 Compiling\ ZIPInspector.swift /Users/runner/work/orbit/orbit/Sources/OrbitCore/ZIPInspector.swift (in target 'OrbitCore' from project 'NotchOrbitPlus')
SwiftCompile normal arm64 /Users/runner/work/orbit/orbit/Sources/OrbitCore/ZIPInspector.swift (in target 'OrbitCore' from project 'NotchOrbitPlus')
    cd /Users/runner/work/orbit/orbit/NotchOrbitPlus
    

SwiftCompile normal arm64 Compiling\ CurrencyConversion.swift,\ DashboardBehavior.swift,\ DownloadActivities.swift,\ FocusAppPolicy.swift,\ FocusHistory.swift,\ FocusTimer.swift,\ GithubActionsData.swift,\ HabitLibrary.swift,\ LiveNotchStatus.swift,\ MeetingPlanner.swift,\ NotchActivation.swift,\ NotchGeometry.swift,\ OnlineCodexQuota.swift,\ OnlineFXRates.swift,\ OnlineServiceData.swift,\ OnlineWeatherStocks.swift,\ OrbitNativeParsers.swift /Users/runner/work/orbit/orbit/NotchOrbitPlus/Sources/NotchCore/CurrencyConversion.swift /Users/runner/work/orbit/orbit/NotchOrbitPlus/Sources/NotchCore/DashboardBehavior.swift /Users/runner/work/orbit/orbit/NotchOrbitPlus/Sources/NotchCore/DownloadActivities.swift /Users/runner/work/orbit/orbit/NotchOrbitPlus/Sources/NotchCore/FocusAppPolicy.swift /Users/runner/work/orbit/orbit/NotchOrbitPlus/Sources/NotchCore/FocusHistory.swift /Users/runner/work/orbit/orbit/NotchOrbitPlus/Sources/NotchCore/FocusTimer.swift /Users/runner/work/orbit/orbit/NotchOrbitPlus/Sources/NotchCore/GithubActionsData.swift /Users/runner/work/orbit/orbit/NotchOrbitPlus/Sources/NotchCore/HabitLibrary.swift /Users/runner/work/orbit/orbit/NotchOrbitPlus/Sources/NotchCore/LiveNotchStatus.swift /Users/runner/work/orbit/orbit/NotchOrbitPlus/Sources/NotchCore/MeetingPlanner.swift /Users/runner/work/orbit/orbit/NotchOrbitPlus/Sources/NotchCore/NotchActivation.swift /Users/runner/work/orbit/orbit/NotchOrbitPlus/Sources/NotchCore/NotchGeometry.swift /Users/runner/work/orbit/orbit/NotchOrbitPlus/Sources/NotchCore/OnlineCodexQuota.swift /Users/runner/work/orbit/orbit/NotchOrbitPlus/Sources/NotchCore/OnlineFXRates.swift /Users/runner/work/orbit/orbit/NotchOrbitPlus/Sources/NotchCore/OnlineServiceData.swift /Users/runner/work/orbit/orbit/NotchOrbitPlus/Sources/NotchCore/OnlineWeatherStocks.swift /Users/runner/work/orbit/orbit/NotchOrbitPlus/Sources/NotchCore/OrbitNativeParsers.swift (in target 'NotchCore' from project 'NotchOrbitPlus')
SwiftCompile normal arm64 /Users/runner/work/orbit/orbit/NotchOrbitPlus/Sources/NotchCore/CurrencyConversion.swift (in target 'NotchCore' from project 'NotchOrbitPlus')
    cd /Users/runner/work/orbit/orbit/NotchOrbitPlus
    

SwiftCompile normal arm64 /Users/runner/work/orbit/orbit/NotchOrbitPlus/Sources/NotchCore/DashboardBehavior.swift (in target 'NotchCore' from project 'NotchOrbitPlus')
    cd /Users/runner/work/orbit/orbit/NotchOrbitPlus
    

SwiftCompile normal arm64 /Users/runner/work/orbit/orbit/NotchOrbitPlus/Sources/NotchCore/DownloadActivities.swift (in target 'NotchCore' from project 'NotchOrbitPlus')
    cd /Users/runner/work/orbit/orbit/NotchOrbitPlus
    

SwiftCompile normal arm64 /Users/runner/work/orbit/orbit/NotchOrbitPlus/Sources/NotchCore/FocusAppPolicy.swift (in target 'NotchCore' from project 'NotchOrbitPlus')
    cd /Users/runner/work/orbit/orbit/NotchOrbitPlus
    

SwiftCompile normal arm64 /Users/runner/work/orbit/orbit/NotchOrbitPlus/Sources/NotchCore/FocusHistory.swift (in target 'NotchCore' from project 'NotchOrbitPlus')
    cd /Users/runner/work/orbit/orbit/NotchOrbitPlus
    

SwiftCompile normal arm64 /Users/runner/work/orbit/orbit/NotchOrbitPlus/Sources/NotchCore/FocusTimer.swift (in target 'NotchCore' from project 'NotchOrbitPlus')
    cd /Users/runner/work/orbit/orbit/NotchOrbitPlus
    

SwiftCompile normal arm64 /Users/runner/work/orbit/orbit/NotchOrbitPlus/Sources/NotchCore/GithubActionsData.swift (in target 'NotchCore' from project 'NotchOrbitPlus')
    cd /Users/runner/work/orbit/orbit/NotchOrbitPlus
    

SwiftCompile normal arm64 /Users/runner/work/orbit/orbit/NotchOrbitPlus/Sources/NotchCore/HabitLibrary.swift (in target 'NotchCore' from project 'NotchOrbitPlus')
    cd /Users/runner/work/orbit/orbit/NotchOrbitPlus
    

SwiftCompile normal arm64 /Users/runner/work/orbit/orbit/NotchOrbitPlus/Sources/NotchCore/LiveNotchStatus.swift (in target 'NotchCore' from project 'NotchOrbitPlus')
    cd /Users/runner/work/orbit/orbit/NotchOrbitPlus
    

SwiftCompile normal arm64 /Users/runner/work/orbit/orbit/NotchOrbitPlus/Sources/NotchCore/MeetingPlanner.swift (in target 'NotchCore' from project 'NotchOrbitPlus')
    cd /Users/runner/work/orbit/orbit/NotchOrbitPlus
    

SwiftCompile normal arm64 /Users/runner/work/orbit/orbit/NotchOrbitPlus/Sources/NotchCore/NotchActivation.swift (in target 'NotchCore' from project 'NotchOrbitPlus')
    cd /Users/runner/work/orbit/orbit/NotchOrbitPlus
    

SwiftCompile normal arm64 /Users/runner/work/orbit/orbit/NotchOrbitPlus/Sources/NotchCore/NotchGeometry.swift (in target 'NotchCore' from project 'NotchOrbitPlus')
    cd /Users/runner/work/orbit/orbit/NotchOrbitPlus
    

SwiftCompile normal arm64 /Users/runner/work/orbit/orbit/NotchOrbitPlus/Sources/NotchCore/OnlineCodexQuota.swift (in target 'NotchCore' from project 'NotchOrbitPlus')
    cd /Users/runner/work/orbit/orbit/NotchOrbitPlus
    

SwiftCompile normal arm64 /Users/runner/work/orbit/orbit/NotchOrbitPlus/Sources/NotchCore/OnlineFXRates.swift (in target 'NotchCore' from project 'NotchOrbitPlus')
    cd /Users/runner/work/orbit/orbit/NotchOrbitPlus
    

SwiftCompile normal arm64 /Users/runner/work/orbit/orbit/NotchOrbitPlus/Sources/NotchCore/OnlineServiceData.swift (in target 'NotchCore' from project 'NotchOrbitPlus')
    cd /Users/runner/work/orbit/orbit/NotchOrbitPlus
    

SwiftCompile normal arm64 /Users/runner/work/orbit/orbit/NotchOrbitPlus/Sources/NotchCore/OnlineWeatherStocks.swift (in target 'NotchCore' from project 'NotchOrbitPlus')
    cd /Users/runner/work/orbit/orbit/NotchOrbitPlus
    

SwiftCompile normal arm64 /Users/runner/work/orbit/orbit/NotchOrbitPlus/Sources/NotchCore/OrbitNativeParsers.swift (in target 'NotchCore' from project 'NotchOrbitPlus')
    cd /Users/runner/work/orbit/orbit/NotchOrbitPlus
    

SwiftDriverJobDiscovery normal arm64 Compiling Models.swift, RadialGeometry.swift (in target 'OrbitCore' from project 'NotchOrbitPlus')

SwiftCompile normal arm64 Compiling\ CommandActivities.swift,\ ContextRules.swift,\ CoreAppearancePreferences.swift,\ CoreAssistantFiles.swift,\ CoreCapture.swift,\ CoreClipboardTransform.swift,\ CoreColorPalette.swift,\ CoreDictation.swift,\ CoreGlobalSearch.swift,\ CoreLRCLyrics.swift,\ CoreLauncherPins.swift,\ CorePlugins.swift,\ CoreQR.swift,\ CoreSystemMedia.swift,\ CoreTranslation.swift,\ CoreUpdate.swift,\ CoreVerificationCode.swift /Users/runner/work/orbit/orbit/NotchOrbitPlus/Sources/NotchCore/CommandActivities.swift /Users/runner/work/orbit/orbit/NotchOrbitPlus/Sources/NotchCore/ContextRules.swift /Users/runner/work/orbit/orbit/NotchOrbitPlus/Sources/NotchCore/CoreAppearancePreferences.swift /Users/runner/work/orbit/orbit/NotchOrbitPlus/Sources/NotchCore/CoreAssistantFiles.swift /Users/runner/work/orbit/orbit/NotchOrbitPlus/Sources/NotchCore/CoreCapture.swift /Users/runner/work/orbit/orbit/NotchOrbitPlus/Sources/NotchCore/CoreClipboardTransform.swift /Users/runner/work/orbit/orbit/NotchOrbitPlus/Sources/NotchCore/CoreColorPalette.swift /Users/runner/work/orbit/orbit/NotchOrbitPlus/Sources/NotchCore/CoreDictation.swift /Users/runner/work/orbit/orbit/NotchOrbitPlus/Sources/NotchCore/CoreGlobalSearch.swift /Users/runner/work/orbit/orbit/NotchOrbitPlus/Sources/NotchCore/CoreLRCLyrics.swift /Users/runner/work/orbit/orbit/NotchOrbitPlus/Sources/NotchCore/CoreLauncherPins.swift /Users/runner/work/orbit/orbit/NotchOrbitPlus/Sources/NotchCore/CorePlugins.swift /Users/runner/work/orbit/orbit/NotchOrbitPlus/Sources/NotchCore/CoreQR.swift /Users/runner/work/orbit/orbit/NotchOrbitPlus/Sources/NotchCore/CoreSystemMedia.swift /Users/runner/work/orbit/orbit/NotchOrbitPlus/Sources/NotchCore/CoreTranslation.swift /Users/runner/work/orbit/orbit/NotchOrbitPlus/Sources/NotchCore/CoreUpdate.swift /Users/runner/work/orbit/orbit/NotchOrbitPlus/Sources/NotchCore/CoreVerificationCode.swift (in target 'NotchCore' from project 'NotchOrbitPlus')
SwiftCompile normal arm64 /Users/runner/work/orbit/orbit/NotchOrbitPlus/Sources/NotchCore/CommandActivities.swift (in target 'NotchCore' from project 'NotchOrbitPlus')
    cd /Users/runner/work/orbit/orbit/NotchOrbitPlus
    

SwiftCompile normal arm64 /Users/runner/work/orbit/orbit/NotchOrbitPlus/Sources/NotchCore/ContextRules.swift (in target 'NotchCore' from project 'NotchOrbitPlus')
    cd /Users/runner/work/orbit/orbit/NotchOrbitPlus
    

SwiftCompile normal arm64 /Users/runner/work/orbit/orbit/NotchOrbitPlus/Sources/NotchCore/CoreAppearancePreferences.swift (in target 'NotchCore' from project 'NotchOrbitPlus')
    cd /Users/runner/work/orbit/orbit/NotchOrbitPlus
    

SwiftCompile normal arm64 /Users/runner/work/orbit/orbit/NotchOrbitPlus/Sources/NotchCore/CoreAssistantFiles.swift (in target 'NotchCore' from project 'NotchOrbitPlus')
    cd /Users/runner/work/orbit/orbit/NotchOrbitPlus
    

SwiftCompile normal arm64 /Users/runner/work/orbit/orbit/NotchOrbitPlus/Sources/NotchCore/CoreCapture.swift (in target 'NotchCore' from project 'NotchOrbitPlus')
    cd /Users/runner/work/orbit/orbit/NotchOrbitPlus
    

SwiftCompile normal arm64 /Users/runner/work/orbit/orbit/NotchOrbitPlus/Sources/NotchCore/CoreClipboardTransform.swift (in target 'NotchCore' from project 'NotchOrbitPlus')
    cd /Users/runner/work/orbit/orbit/NotchOrbitPlus
    

SwiftCompile normal arm64 /Users/runner/work/orbit/orbit/NotchOrbitPlus/Sources/NotchCore/CoreColorPalette.swift (in target 'NotchCore' from project 'NotchOrbitPlus')
    cd /Users/runner/work/orbit/orbit/NotchOrbitPlus
    

SwiftCompile normal arm64 /Users/runner/work/orbit/orbit/NotchOrbitPlus/Sources/NotchCore/CoreDictation.swift (in target 'NotchCore' from project 'NotchOrbitPlus')
    cd /Users/runner/work/orbit/orbit/NotchOrbitPlus
    

SwiftCompile normal arm64 /Users/runner/work/orbit/orbit/NotchOrbitPlus/Sources/NotchCore/CoreGlobalSearch.swift (in target 'NotchCore' from project 'NotchOrbitPlus')
    cd /Users/runner/work/orbit/orbit/NotchOrbitPlus
    

SwiftCompile normal arm64 /Users/runner/work/orbit/orbit/NotchOrbitPlus/Sources/NotchCore/CoreLRCLyrics.swift (in target 'NotchCore' from project 'NotchOrbitPlus')
    cd /Users/runner/work/orbit/orbit/NotchOrbitPlus
    

SwiftCompile normal arm64 /Users/runner/work/orbit/orbit/NotchOrbitPlus/Sources/NotchCore/CoreLauncherPins.swift (in target 'NotchCore' from project 'NotchOrbitPlus')
    cd /Users/runner/work/orbit/orbit/NotchOrbitPlus
    

SwiftCompile normal arm64 /Users/runner/work/orbit/orbit/NotchOrbitPlus/Sources/NotchCore/CorePlugins.swift (in target 'NotchCore' from project 'NotchOrbitPlus')
    cd /Users/runner/work/orbit/orbit/NotchOrbitPlus
    

SwiftCompile normal arm64 /Users/runner/work/orbit/orbit/NotchOrbitPlus/Sources/NotchCore/CoreQR.swift (in target 'NotchCore' from project 'NotchOrbitPlus')
    cd /Users/runner/work/orbit/orbit/NotchOrbitPlus
    

SwiftCompile normal arm64 /Users/runner/work/orbit/orbit/NotchOrbitPlus/Sources/NotchCore/CoreSystemMedia.swift (in target 'NotchCore' from project 'NotchOrbitPlus')
    cd /Users/runner/work/orbit/orbit/NotchOrbitPlus
    

SwiftCompile normal arm64 /Users/runner/work/orbit/orbit/NotchOrbitPlus/Sources/NotchCore/CoreTranslation.swift (in target 'NotchCore' from project 'NotchOrbitPlus')
    cd /Users/runner/work/orbit/orbit/NotchOrbitPlus
    

SwiftCompile normal arm64 /Users/runner/work/orbit/orbit/NotchOrbitPlus/Sources/NotchCore/CoreUpdate.swift (in target 'NotchCore' from project 'NotchOrbitPlus')
    cd /Users/runner/work/orbit/orbit/NotchOrbitPlus
    

SwiftCompile normal arm64 /Users/runner/work/orbit/orbit/NotchOrbitPlus/Sources/NotchCore/CoreVerificationCode.swift (in target 'NotchCore' from project 'NotchOrbitPlus')
    cd /Users/runner/work/orbit/orbit/NotchOrbitPlus
    

SwiftDriverJobDiscovery normal arm64 Compiling ActionResolver.swift, DropPayloadValidator.swift (in target 'OrbitCore' from project 'NotchOrbitPlus')

SwiftDriverJobDiscovery normal arm64 Compiling ZIPInspector.swift (in target 'OrbitCore' from project 'NotchOrbitPlus')

SwiftCompile normal arm64 Compiling\ OrbitSystemDeltas.swift,\ PlusIntentValidation.swift,\ PlusTool.swift,\ ProviderSportsData.swift,\ ProviderTrackingData.swift,\ ProviderTravelData.swift,\ ShelfAutomation.swift,\ ShelfLibraryMetadata.swift,\ SnippetLibrary.swift,\ SyncModels.swift,\ SyncPortableLibrary.swift,\ SystemControlsModels.swift,\ SystemDeviceModels.swift,\ WeatherForecastNotices.swift,\ WorkflowPreset.swift,\ WorldClockConversion.swift /Users/runner/work/orbit/orbit/NotchOrbitPlus/Sources/NotchCore/OrbitSystemDeltas.swift /Users/runner/work/orbit/orbit/NotchOrbitPlus/Sources/NotchCore/PlusIntentValidation.swift /Users/runner/work/orbit/orbit/NotchOrbitPlus/Sources/NotchCore/PlusTool.swift /Users/runner/work/orbit/orbit/NotchOrbitPlus/Sources/NotchCore/ProviderSportsData.swift /Users/runner/work/orbit/orbit/NotchOrbitPlus/Sources/NotchCore/ProviderTrackingData.swift /Users/runner/work/orbit/orbit/NotchOrbitPlus/Sources/NotchCore/ProviderTravelData.swift /Users/runner/work/orbit/orbit/NotchOrbitPlus/Sources/NotchCore/ShelfAutomation.swift /Users/runner/work/orbit/orbit/NotchOrbitPlus/Sources/NotchCore/ShelfLibraryMetadata.swift /Users/runner/work/orbit/orbit/NotchOrbitPlus/Sources/NotchCore/SnippetLibrary.swift /Users/runner/work/orbit/orbit/NotchOrbitPlus/Sources/NotchCore/SyncModels.swift /Users/runner/work/orbit/orbit/NotchOrbitPlus/Sources/NotchCore/SyncPortableLibrary.swift /Users/runner/work/orbit/orbit/NotchOrbitPlus/Sources/NotchCore/SystemControlsModels.swift /Users/runner/work/orbit/orbit/NotchOrbitPlus/Sources/NotchCore/SystemDeviceModels.swift /Users/runner/work/orbit/orbit/NotchOrbitPlus/Sources/NotchCore/WeatherForecastNotices.swift /Users/runner/work/orbit/orbit/NotchOrbitPlus/Sources/NotchCore/WorkflowPreset.swift /Users/runner/work/orbit/orbit/NotchOrbitPlus/Sources/NotchCore/WorldClockConversion.swift (in target 'NotchCore' from project 'NotchOrbitPlus')
SwiftCompile normal arm64 /Users/runner/work/orbit/orbit/NotchOrbitPlus/Sources/NotchCore/OrbitSystemDeltas.swift (in target 'NotchCore' from project 'NotchOrbitPlus')
    cd /Users/runner/work/orbit/orbit/NotchOrbitPlus
    

SwiftCompile normal arm64 /Users/runner/work/orbit/orbit/NotchOrbitPlus/Sources/NotchCore/PlusIntentValidation.swift (in target 'NotchCore' from project 'NotchOrbitPlus')
    cd /Users/runner/work/orbit/orbit/NotchOrbitPlus
    

SwiftCompile normal arm64 /Users/runner/work/orbit/orbit/NotchOrbitPlus/Sources/NotchCore/PlusTool.swift (in target 'NotchCore' from project 'NotchOrbitPlus')
    cd /Users/runner/work/orbit/orbit/NotchOrbitPlus
    

SwiftCompile normal arm64 /Users/runner/work/orbit/orbit/NotchOrbitPlus/Sources/NotchCore/ProviderSportsData.swift (in target 'NotchCore' from project 'NotchOrbitPlus')
    cd /Users/runner/work/orbit/orbit/NotchOrbitPlus
    

SwiftCompile normal arm64 /Users/runner/work/orbit/orbit/NotchOrbitPlus/Sources/NotchCore/ProviderTrackingData.swift (in target 'NotchCore' from project 'NotchOrbitPlus')
    cd /Users/runner/work/orbit/orbit/NotchOrbitPlus
    

SwiftCompile normal arm64 /Users/runner/work/orbit/orbit/NotchOrbitPlus/Sources/NotchCore/ProviderTravelData.swift (in target 'NotchCore' from project 'NotchOrbitPlus')
    cd /Users/runner/work/orbit/orbit/NotchOrbitPlus
    

SwiftCompile normal arm64 /Users/runner/work/orbit/orbit/NotchOrbitPlus/Sources/NotchCore/ShelfAutomation.swift (in target 'NotchCore' from project 'NotchOrbitPlus')
    cd /Users/runner/work/orbit/orbit/NotchOrbitPlus
    

SwiftCompile normal arm64 /Users/runner/work/orbit/orbit/NotchOrbitPlus/Sources/NotchCore/ShelfLibraryMetadata.swift (in target 'NotchCore' from project 'NotchOrbitPlus')
    cd /Users/runner/work/orbit/orbit/NotchOrbitPlus
    

SwiftCompile normal arm64 /Users/runner/work/orbit/orbit/NotchOrbitPlus/Sources/NotchCore/SnippetLibrary.swift (in target 'NotchCore' from project 'NotchOrbitPlus')
    cd /Users/runner/work/orbit/orbit/NotchOrbitPlus
    

SwiftCompile normal arm64 /Users/runner/work/orbit/orbit/NotchOrbitPlus/Sources/NotchCore/SyncModels.swift (in target 'NotchCore' from project 'NotchOrbitPlus')
    cd /Users/runner/work/orbit/orbit/NotchOrbitPlus
    

SwiftCompile normal arm64 /Users/runner/work/orbit/orbit/NotchOrbitPlus/Sources/NotchCore/SyncPortableLibrary.swift (in target 'NotchCore' from project 'NotchOrbitPlus')
    cd /Users/runner/work/orbit/orbit/NotchOrbitPlus
    

SwiftCompile normal arm64 /Users/runner/work/orbit/orbit/NotchOrbitPlus/Sources/NotchCore/SystemControlsModels.swift (in target 'NotchCore' from project 'NotchOrbitPlus')
    cd /Users/runner/work/orbit/orbit/NotchOrbitPlus
    

SwiftCompile normal arm64 /Users/runner/work/orbit/orbit/NotchOrbitPlus/Sources/NotchCore/SystemDeviceModels.swift (in target 'NotchCore' from project 'NotchOrbitPlus')
    cd /Users/runner/work/orbit/orbit/NotchOrbitPlus
    

SwiftCompile normal arm64 /Users/runner/work/orbit/orbit/NotchOrbitPlus/Sources/NotchCore/WeatherForecastNotices.swift (in target 'NotchCore' from project 'NotchOrbitPlus')
    cd /Users/runner/work/orbit/orbit/NotchOrbitPlus
    

SwiftCompile normal arm64 /Users/runner/work/orbit/orbit/NotchOrbitPlus/Sources/NotchCore/WorkflowPreset.swift (in target 'NotchCore' from project 'NotchOrbitPlus')
    cd /Users/runner/work/orbit/orbit/NotchOrbitPlus
    

SwiftCompile normal arm64 /Users/runner/work/orbit/orbit/NotchOrbitPlus/Sources/NotchCore/WorldClockConversion.swift (in target 'NotchCore' from project 'NotchOrbitPlus')
    cd /Users/runner/work/orbit/orbit/NotchOrbitPlus
    

SwiftDriver\ Compilation OrbitCore normal arm64 com.apple.xcode.tools.swift.compiler (in target 'OrbitCore' from project 'NotchOrbitPlus')
    cd /Users/runner/work/orbit/orbit/NotchOrbitPlus
    builtin-Swift-Compilation -- /Applications/Xcode_26.6.app/Contents/Developer/Toolchains/XcodeDefault.xctoolchain/usr/bin/swiftc -module-name OrbitCore -Onone @/Users/runner/work/orbit/orbit/NotchOrbitPlus/build/DerivedData/Build/Intermediates.noindex/NotchOrbitPlus.build/Debug/OrbitCore.build/Objects-normal/arm64/OrbitCore.SwiftFileList -DDEBUG -enable-experimental-feature DebugDescriptionMacro -sdk /Applications/Xcode_26.6.app/Contents/Developer/Platforms/MacOSX.platform/Developer/SDKs/MacOSX26.5.sdk -target arm64-apple-macos14.0 -g -module-cache-path /Users/runner/work/orbit/orbit/NotchOrbitPlus/build/DerivedData/ModuleCache.noindex -Xfrontend -serialize-debugging-options -enable-testing -index-store-path /Users/runner/work/orbit/orbit/NotchOrbitPlus/build/DerivedData/Index.noindex/DataStore -swift-version 6 -I /Users/runner/work/orbit/orbit/NotchOrbitPlus/build/DerivedData/Build/Products/Debug -I /Users/runner/work/orbit/orbit/NotchOrbitPlus/build/DerivedData/Build/Products/Debug -F /Users/runner/work/orbit/orbit/NotchOrbitPlus/build/DerivedData/Build/Products/Debug -c -j3 -enable-batch-mode -incremental -Xcc -ivfsstatcache -Xcc /Users/runner/work/orbit/orbit/NotchOrbitPlus/build/DerivedData/SDKStatCaches.noindex/macosx26.5-25F70-688ef53f1462e2c8f657fdc38a81448fee0e6409aa6676c5e6c013d148225433.sdkstatcache -output-file-map /Users/runner/work/orbit/orbit/NotchOrbitPlus/build/DerivedData/Build/Intermediates.noindex/NotchOrbitPlus.build/Debug/OrbitCore.build/Objects-normal/arm64/OrbitCore-OutputFileMap.json -use-frontend-parseable-output -save-temps -no-color-diagnostics -explicit-module-build -module-cache-path /Users/runner/work/orbit/orbit/NotchOrbitPlus/build/DerivedData/Build/Intermediates.noindex/SwiftExplicitPrecompiledModules -clang-scanner-module-cache-path /Users/runner/work/orbit/orbit/NotchOrbitPlus/build/DerivedData/ModuleCache.noindex -sdk-module-cache-path /Users/runner/work/orbit/orbit/NotchOrbitPlus/build/DerivedData/ModuleCache.noindex -serialize-diagnostics -emit-dependencies -emit-module -emit-module-path /Users/runner/work/orbit/orbit/NotchOrbitPlus/build/DerivedData/Build/Intermediates.noindex/NotchOrbitPlus.build/Debug/OrbitCore.build/Objects-normal/arm64/OrbitCore.swiftmodule -validate-clang-modules-once -clang-build-session-file /Users/runner/work/orbit/orbit/NotchOrbitPlus/build/DerivedData/ModuleCache.noindex/Session.modulevalidation -Xcc -I/Users/runner/work/orbit/orbit/NotchOrbitPlus/build/DerivedData/Build/Intermediates.noindex/NotchOrbitPlus.build/Debug/OrbitCore.build/swift-overrides.hmap -emit-const-values -Xfrontend -const-gather-protocols-file -Xfrontend /Users/runner/work/orbit/orbit/NotchOrbitPlus/build/DerivedData/Build/Intermediates.noindex/NotchOrbitPlus.build/Debug/OrbitCore.build/Objects-normal/arm64/OrbitCore_const_extract_protocols.json -Xcc -iquote -Xcc /Users/runner/work/orbit/orbit/NotchOrbitPlus/build/DerivedData/Build/Intermediates.noindex/NotchOrbitPlus.build/Debug/OrbitCore.build/OrbitCore-generated-files.hmap -Xcc -I/Users/runner/work/orbit/orbit/NotchOrbitPlus/build/DerivedData/Build/Intermediates.noindex/NotchOrbitPlus.build/Debug/OrbitCore.build/OrbitCore-own-target-headers.hmap -Xcc -I/Users/runner/work/orbit/orbit/NotchOrbitPlus/build/DerivedData/Build/Intermediates.noindex/NotchOrbitPlus.build/Debug/OrbitCore.build/OrbitCore-all-non-framework-target-headers.hmap -Xcc -ivfsoverlay -Xcc /Users/runner/work/orbit/orbit/NotchOrbitPlus/build/DerivedData/Build/Intermediates.noindex/NotchOrbitPlus.build/Debug/NotchOrbitPlus-f72668d2e0dd56b95fac80a5a9a4b360-VFS/all-product-headers.yaml -Xcc -iquote -Xcc /Users/runner/work/orbit/orbit/NotchOrbitPlus/build/DerivedData/Build/Intermediates.noindex/NotchOrbitPlus.build/Debug/OrbitCore.build/OrbitCore-project-headers.hmap -Xcc -I/Users/runner/work/orbit/orbit/NotchOrbitPlus/build/DerivedData/Build/Products/Debug/include -Xcc -I/Users/runner/work/orbit/orbit/NotchOrbitPlus/build/DerivedData/Build/Intermediates.noindex/NotchOrbitPlus.build/Debug/OrbitCore.build/DerivedSources-normal/arm64 -Xcc -I/Users/runner/work/orbit/orbit/NotchOrbitPlus/build/DerivedData/Build/Intermediates.noindex/NotchOrbitPlus.build/Debug/OrbitCore.build/DerivedSources/arm64 -Xcc -I/Users/runner/work/orbit/orbit/NotchOrbitPlus/build/DerivedData/Build/Intermediates.noindex/NotchOrbitPlus.build/Debug/OrbitCore.build/DerivedSources -emit-objc-header -emit-objc-header-path /Users/runner/work/orbit/orbit/NotchOrbitPlus/build/DerivedData/Build/Intermediates.noindex/NotchOrbitPlus.build/Debug/OrbitCore.build/Objects-normal/arm64/OrbitCore-Swift.h -working-directory /Users/runner/work/orbit/orbit/NotchOrbitPlus -experimental-emit-module-separately -disable-cmo

SwiftDriverJobDiscovery normal arm64 Compiling CurrencyConversion.swift, DashboardBehavior.swift, DownloadActivities.swift, FocusAppPolicy.swift, FocusHistory.swift, FocusTimer.swift, GithubActionsData.swift, HabitLibrary.swift, LiveNotchStatus.swift, MeetingPlanner.swift, NotchActivation.swift, NotchGeometry.swift, OnlineCodexQuota.swift, OnlineFXRates.swift, OnlineServiceData.swift, OnlineWeatherStocks.swift, OrbitNativeParsers.swift (in target 'NotchCore' from project 'NotchOrbitPlus')

Libtool /Users/runner/work/orbit/orbit/NotchOrbitPlus/build/DerivedData/Build/Products/Debug/libOrbitCore.a normal (in target 'OrbitCore' from project 'NotchOrbitPlus')
    cd /Users/runner/work/orbit/orbit/NotchOrbitPlus
    /Applications/Xcode_26.6.app/Contents/Developer/Toolchains/XcodeDefault.xctoolchain/usr/bin/libtool -static -arch_only arm64 -D -syslibroot /Applications/Xcode_26.6.app/Contents/Developer/Platforms/MacOSX.platform/Developer/SDKs/MacOSX26.5.sdk -L/Users/runner/work/orbit/orbit/NotchOrbitPlus/build/DerivedData/Build/Products/Debug -filelist /Users/runner/work/orbit/orbit/NotchOrbitPlus/build/DerivedData/Build/Intermediates.noindex/NotchOrbitPlus.build/Debug/OrbitCore.build/Objects-normal/arm64/OrbitCore.LinkFileList -dependency_info /Users/runner/work/orbit/orbit/NotchOrbitPlus/build/DerivedData/Build/Intermediates.noindex/NotchOrbitPlus.build/Debug/OrbitCore.build/Objects-normal/arm64/OrbitCore_libtool_dependency_info.dat -o /Users/runner/work/orbit/orbit/NotchOrbitPlus/build/DerivedData/Build/Products/Debug/libOrbitCore.a

SwiftDriverJobDiscovery normal arm64 Compiling CommandActivities.swift, ContextRules.swift, CoreAppearancePreferences.swift, CoreAssistantFiles.swift, CoreCapture.swift, CoreClipboardTransform.swift, CoreColorPalette.swift, CoreDictation.swift, CoreGlobalSearch.swift, CoreLRCLyrics.swift, CoreLauncherPins.swift, CorePlugins.swift, CoreQR.swift, CoreSystemMedia.swift, CoreTranslation.swift, CoreUpdate.swift, CoreVerificationCode.swift (in target 'NotchCore' from project 'NotchOrbitPlus')

ExtractAppIntentsMetadata (in target 'OrbitCore' from project 'NotchOrbitPlus')
    cd /Users/runner/work/orbit/orbit/NotchOrbitPlus
    /Applications/Xcode_26.6.app/Contents/Developer/Toolchains/XcodeDefault.xctoolchain/usr/bin/appintentsmetadataprocessor --toolchain-dir /var/run/com.apple.security.cryptexd/mnt/com.apple.MobileAsset.MetalToolchain-v17.6.109.0.5QT25n/Metal.xctoolchain --module-name OrbitCore --sdk-root /Applications/Xcode_26.6.app/Contents/Developer/Platforms/MacOSX.platform/Developer/SDKs/MacOSX26.5.sdk --xcode-version 17F113 --platform-family macOS --deployment-target 14.0 --output /Users/runner/work/orbit/orbit/NotchOrbitPlus/build/DerivedData/Build/Products/Debug/OrbitCore.appintents --target-triple arm64-apple-macos14.0 --binary-file /Users/runner/work/orbit/orbit/NotchOrbitPlus/build/DerivedData/Build/Products/Debug/libOrbitCore.a --dependency-file /Users/runner/work/orbit/orbit/NotchOrbitPlus/build/DerivedData/Build/Intermediates.noindex/NotchOrbitPlus.build/Debug/OrbitCore.build/Objects-normal/arm64/OrbitCore_libtool_dependency_info.dat --stringsdata-file /Users/runner/work/orbit/orbit/NotchOrbitPlus/build/DerivedData/Build/Intermediates.noindex/NotchOrbitPlus.build/Debug/OrbitCore.build/Objects-normal/arm64/ExtractedAppShortcutsMetadata.stringsdata --source-file-list /Users/runner/work/orbit/orbit/NotchOrbitPlus/build/DerivedData/Build/Intermediates.noindex/NotchOrbitPlus.build/Debug/OrbitCore.build/Objects-normal/arm64/OrbitCore.SwiftFileList --metadata-file-list /Users/runner/work/orbit/orbit/NotchOrbitPlus/build/DerivedData/Build/Intermediates.noindex/NotchOrbitPlus.build/Debug/OrbitCore.build/OrbitCore.DependencyMetadataFileList --static-metadata-file-list /Users/runner/work/orbit/orbit/NotchOrbitPlus/build/DerivedData/Build/Intermediates.noindex/NotchOrbitPlus.build/Debug/OrbitCore.build/OrbitCore.DependencyStaticMetadataFileList --swift-const-vals-list /Users/runner/work/orbit/orbit/NotchOrbitPlus/build/DerivedData/Build/Intermediates.noindex/NotchOrbitPlus.build/Debug/OrbitCore.build/Objects-normal/arm64/OrbitCore.SwiftConstValuesFileList --force --compile-time-extraction --deployment-aware-processing --validate-assistant-intents --no-app-shortcuts-localization
2026-10-04 20:35:13.049 appintentsmetadataprocessor[30522:75146] Starting appintentsmetadataprocessor export
2026-10-04 20:35:13.114 appintentsmetadataprocessor[30522:75146] Extracted no relevant App Intents symbols, skipping writing output

SwiftDriver NotchOrbitPlus normal arm64 com.apple.xcode.tools.swift.compiler (in target 'NotchOrbitPlus' from project 'NotchOrbitPlus')
    cd /Users/runner/work/orbit/orbit/NotchOrbitPlus
    builtin-SwiftDriver -- /Applications/Xcode_26.6.app/Contents/Developer/Toolchains/XcodeDefault.xctoolchain/usr/bin/swiftc -module-name NotchOrbitPlus -Onone @/Users/runner/work/orbit/orbit/NotchOrbitPlus/build/DerivedData/Build/Intermediates.noindex/NotchOrbitPlus.build/Debug/NotchOrbitPlus.build/Objects-normal/arm64/NotchOrbitPlus.SwiftFileList -DDEBUG -enable-experimental-feature DebugDescriptionMacro -sdk /Applications/Xcode_26.6.app/Contents/Developer/Platforms/MacOSX.platform/Developer/SDKs/MacOSX26.5.sdk -target arm64-apple-macos14.0 -g -module-cache-path /Users/runner/work/orbit/orbit/NotchOrbitPlus/build/DerivedData/ModuleCache.noindex -Xfrontend -serialize-debugging-options -enable-testing -index-store-path /Users/runner/work/orbit/orbit/NotchOrbitPlus/build/DerivedData/Index.noindex/DataStore -swift-version 6 -I /Users/runner/work/orbit/orbit/NotchOrbitPlus/build/DerivedData/Build/Products/Debug -I /Users/runner/work/orbit/orbit/NotchOrbitPlus/build/DerivedData/Build/Products/Debug -F /Users/runner/work/orbit/orbit/NotchOrbitPlus/build/DerivedData/Build/Products/Debug -c -j3 -enable-batch-mode -incremental -Xcc -ivfsstatcache -Xcc /Users/runner/work/orbit/orbit/NotchOrbitPlus/build/DerivedData/SDKStatCaches.noindex/macosx26.5-25F70-688ef53f1462e2c8f657fdc38a81448fee0e6409aa6676c5e6c013d148225433.sdkstatcache -output-file-map /Users/runner/work/orbit/orbit/NotchOrbitPlus/build/DerivedData/Build/Intermediates.noindex/NotchOrbitPlus.build/Debug/NotchOrbitPlus.build/Objects-normal/arm64/NotchOrbitPlus-OutputFileMap.json -use-frontend-parseable-output -save-temps -no-color-diagnostics -explicit-module-build -module-cache-path /Users/runner/work/orbit/orbit/NotchOrbitPlus/build/DerivedData/Build/Intermediates.noindex/SwiftExplicitPrecompiledModules -clang-scanner-module-cache-path /Users/runner/work/orbit/orbit/NotchOrbitPlus/build/DerivedData/ModuleCache.noindex -sdk-module-cache-path /Users/runner/work/orbit/orbit/NotchOrbitPlus/build/DerivedData/ModuleCache.noindex -serialize-diagnostics -emit-dependencies -emit-module -emit-module-path /Users/runner/work/orbit/orbit/NotchOrbitPlus/build/DerivedData/Build/Intermediates.noindex/NotchOrbitPlus.build/Debug/NotchOrbitPlus.build/Objects-normal/arm64/NotchOrbitPlus.swiftmodule -validate-clang-modules-once -clang-build-session-file /Users/runner/work/orbit/orbit/NotchOrbitPlus/build/DerivedData/ModuleCache.noindex/Session.modulevalidation -Xcc -I/Users/runner/work/orbit/orbit/NotchOrbitPlus/build/DerivedData/Build/Intermediates.noindex/NotchOrbitPlus.build/Debug/NotchOrbitPlus.build/swift-overrides.hmap -emit-const-values -Xfrontend -const-gather-protocols-file -Xfrontend /Users/runner/work/orbit/orbit/NotchOrbitPlus/build/DerivedData/Build/Intermediates.noindex/NotchOrbitPlus.build/Debug/NotchOrbitPlus.build/Objects-normal/arm64/NotchOrbitPlus_const_extract_protocols.json -Xcc -iquote -Xcc /Users/runner/work/orbit/orbit/NotchOrbitPlus/build/DerivedData/Build/Intermediates.noindex/NotchOrbitPlus.build/Debug/NotchOrbitPlus.build/NotchOrbitPlus-generated-files.hmap -Xcc -I/Users/runner/work/orbit/orbit/NotchOrbitPlus/build/DerivedData/Build/Intermediates.noindex/NotchOrbitPlus.build/Debug/NotchOrbitPlus.build/NotchOrbitPlus-own-target-headers.hmap -Xcc -I/Users/runner/work/orbit/orbit/NotchOrbitPlus/build/DerivedData/Build/Intermediates.noindex/NotchOrbitPlus.build/Debug/NotchOrbitPlus.build/NotchOrbitPlus-all-non-framework-target-headers.hmap -Xcc -ivfsoverlay -Xcc /Users/runner/work/orbit/orbit/NotchOrbitPlus/build/DerivedData/Build/Intermediates.noindex/NotchOrbitPlus.build/Debug/NotchOrbitPlus-f72668d2e0dd56b95fac80a5a9a4b360-VFS/all-product-headers.yaml -Xcc -iquote -Xcc /Users/runner/work/orbit/orbit/NotchOrbitPlus/build/DerivedData/Build/Intermediates.noindex/NotchOrbitPlus.build/Debug/NotchOrbitPlus.build/NotchOrbitPlus-project-headers.hmap -Xcc -I/Users/runner/work/orbit/orbit/NotchOrbitPlus/build/DerivedData/Build/Products/Debug/include -Xcc -I/Users/runner/work/orbit/orbit/build/WebP/include -Xcc -I/Users/runner/work/orbit/orbit/NotchOrbitPlus/build/DerivedData/Build/Intermediates.noindex/NotchOrbitPlus.build/Debug/NotchOrbitPlus.build/DerivedSources-normal/arm64 -Xcc -I/Users/runner/work/orbit/orbit/NotchOrbitPlus/build/DerivedData/Build/Intermediates.noindex/NotchOrbitPlus.build/Debug/NotchOrbitPlus.build/DerivedSources/arm64 -Xcc -I/Users/runner/work/orbit/orbit/NotchOrbitPlus/build/DerivedData/Build/Intermediates.noindex/NotchOrbitPlus.build/Debug/NotchOrbitPlus.build/DerivedSources -emit-objc-header -emit-objc-header-path /Users/runner/work/orbit/orbit/NotchOrbitPlus/build/DerivedData/Build/Intermediates.noindex/NotchOrbitPlus.build/Debug/NotchOrbitPlus.build/Objects-normal/arm64/NotchOrbitPlus-Swift.h -import-objc-header /Users/runner/work/orbit/orbit/Sources/OrbitDrop/WebPBridge.h -working-directory /Users/runner/work/orbit/orbit/NotchOrbitPlus -experimental-emit-module-separately -disable-cmo

SwiftDriverJobDiscovery normal arm64 Compiling OrbitSystemDeltas.swift, PlusIntentValidation.swift, PlusTool.swift, ProviderSportsData.swift, ProviderTrackingData.swift, ProviderTravelData.swift, ShelfAutomation.swift, ShelfLibraryMetadata.swift, SnippetLibrary.swift, SyncModels.swift, SyncPortableLibrary.swift, SystemControlsModels.swift, SystemDeviceModels.swift, WeatherForecastNotices.swift, WorkflowPreset.swift, WorldClockConversion.swift (in target 'NotchCore' from project 'NotchOrbitPlus')

SwiftDriver\ Compilation NotchCore normal arm64 com.apple.xcode.tools.swift.compiler (in target 'NotchCore' from project 'NotchOrbitPlus')
    cd /Users/runner/work/orbit/orbit/NotchOrbitPlus
    builtin-Swift-Compilation -- /Applications/Xcode_26.6.app/Contents/Developer/Toolchains/XcodeDefault.xctoolchain/usr/bin/swiftc -module-name NotchCore -Onone @/Users/runner/work/orbit/orbit/NotchOrbitPlus/build/DerivedData/Build/Intermediates.noindex/NotchOrbitPlus.build/Debug/NotchCore.build/Objects-normal/arm64/NotchCore.SwiftFileList -DDEBUG -enable-experimental-feature DebugDescriptionMacro -sdk /Applications/Xcode_26.6.app/Contents/Developer/Platforms/MacOSX.platform/Developer/SDKs/MacOSX26.5.sdk -target arm64-apple-macos14.0 -g -module-cache-path /Users/runner/work/orbit/orbit/NotchOrbitPlus/build/DerivedData/ModuleCache.noindex -Xfrontend -serialize-debugging-options -enable-testing -index-store-path /Users/runner/work/orbit/orbit/NotchOrbitPlus/build/DerivedData/Index.noindex/DataStore -swift-version 6 -I /Users/runner/work/orbit/orbit/NotchOrbitPlus/build/DerivedData/Build/Products/Debug -I /Users/runner/work/orbit/orbit/NotchOrbitPlus/build/DerivedData/Build/Products/Debug -F /Users/runner/work/orbit/orbit/NotchOrbitPlus/build/DerivedData/Build/Products/Debug -c -j3 -enable-batch-mode -incremental -Xcc -ivfsstatcache -Xcc /Users/runner/work/orbit/orbit/NotchOrbitPlus/build/DerivedData/SDKStatCaches.noindex/macosx26.5-25F70-688ef53f1462e2c8f657fdc38a81448fee0e6409aa6676c5e6c013d148225433.sdkstatcache -output-file-map /Users/runner/work/orbit/orbit/NotchOrbitPlus/build/DerivedData/Build/Intermediates.noindex/NotchOrbitPlus.build/Debug/NotchCore.build/Objects-normal/arm64/NotchCore-OutputFileMap.json -use-frontend-parseable-output -save-temps -no-color-diagnostics -explicit-module-build -module-cache-path /Users/runner/work/orbit/orbit/NotchOrbitPlus/build/DerivedData/Build/Intermediates.noindex/SwiftExplicitPrecompiledModules -clang-scanner-module-cache-path /Users/runner/work/orbit/orbit/NotchOrbitPlus/build/DerivedData/ModuleCache.noindex -sdk-module-cache-path /Users/runner/work/orbit/orbit/NotchOrbitPlus/build/DerivedData/ModuleCache.noindex -serialize-diagnostics -emit-dependencies -emit-module -emit-module-path /Users/runner/work/orbit/orbit/NotchOrbitPlus/build/DerivedData/Build/Intermediates.noindex/NotchOrbitPlus.build/Debug/NotchCore.build/Objects-normal/arm64/NotchCore.swiftmodule -validate-clang-modules-once -clang-build-session-file /Users/runner/work/orbit/orbit/NotchOrbitPlus/build/DerivedData/ModuleCache.noindex/Session.modulevalidation -Xcc -I/Users/runner/work/orbit/orbit/NotchOrbitPlus/build/DerivedData/Build/Intermediates.noindex/NotchOrbitPlus.build/Debug/NotchCore.build/swift-overrides.hmap -emit-const-values -Xfrontend -const-gather-protocols-file -Xfrontend /Users/runner/work/orbit/orbit/NotchOrbitPlus/build/DerivedData/Build/Intermediates.noindex/NotchOrbitPlus.build/Debug/NotchCore.build/Objects-normal/arm64/NotchCore_const_extract_protocols.json -Xcc -iquote -Xcc /Users/runner/work/orbit/orbit/NotchOrbitPlus/build/DerivedData/Build/Intermediates.noindex/NotchOrbitPlus.build/Debug/NotchCore.build/NotchCore-generated-files.hmap -Xcc -I/Users/runner/work/orbit/orbit/NotchOrbitPlus/build/DerivedData/Build/Intermediates.noindex/NotchOrbitPlus.build/Debug/NotchCore.build/NotchCore-own-target-headers.hmap -Xcc -I/Users/runner/work/orbit/orbit/NotchOrbitPlus/build/DerivedData/Build/Intermediates.noindex/NotchOrbitPlus.build/Debug/NotchCore.build/NotchCore-all-non-framework-target-headers.hmap -Xcc -ivfsoverlay -Xcc /Users/runner/work/orbit/orbit/NotchOrbitPlus/build/DerivedData/Build/Intermediates.noindex/NotchOrbitPlus.build/Debug/NotchOrbitPlus-f72668d2e0dd56b95fac80a5a9a4b360-VFS/all-product-headers.yaml -Xcc -iquote -Xcc /Users/runner/work/orbit/orbit/NotchOrbitPlus/build/DerivedData/Build/Intermediates.noindex/NotchOrbitPlus.build/Debug/NotchCore.build/NotchCore-project-headers.hmap -Xcc -I/Users/runner/work/orbit/orbit/NotchOrbitPlus/build/DerivedData/Build/Products/Debug/include -Xcc -I/Users/runner/work/orbit/orbit/NotchOrbitPlus/build/DerivedData/Build/Intermediates.noindex/NotchOrbitPlus.build/Debug/NotchCore.build/DerivedSources-normal/arm64 -Xcc -I/Users/runner/work/orbit/orbit/NotchOrbitPlus/build/DerivedData/Build/Intermediates.noindex/NotchOrbitPlus.build/Debug/NotchCore.build/DerivedSources/arm64 -Xcc -I/Users/runner/work/orbit/orbit/NotchOrbitPlus/build/DerivedData/Build/Intermediates.noindex/NotchOrbitPlus.build/Debug/NotchCore.build/DerivedSources -emit-objc-header -emit-objc-header-path /Users/runner/work/orbit/orbit/NotchOrbitPlus/build/DerivedData/Build/Intermediates.noindex/NotchOrbitPlus.build/Debug/NotchCore.build/Objects-normal/arm64/NotchCore-Swift.h -working-directory /Users/runner/work/orbit/orbit/NotchOrbitPlus -experimental-emit-module-separately -disable-cmo

Libtool /Users/runner/work/orbit/orbit/NotchOrbitPlus/build/DerivedData/Build/Products/Debug/libNotchCore.a normal (in target 'NotchCore' from project 'NotchOrbitPlus')
    cd /Users/runner/work/orbit/orbit/NotchOrbitPlus
    /Applications/Xcode_26.6.app/Contents/Developer/Toolchains/XcodeDefault.xctoolchain/usr/bin/libtool -static -arch_only arm64 -D -syslibroot /Applications/Xcode_26.6.app/Contents/Developer/Platforms/MacOSX.platform/Developer/SDKs/MacOSX26.5.sdk -L/Users/runner/work/orbit/orbit/NotchOrbitPlus/build/DerivedData/Build/Products/Debug -filelist /Users/runner/work/orbit/orbit/NotchOrbitPlus/build/DerivedData/Build/Intermediates.noindex/NotchOrbitPlus.build/Debug/NotchCore.build/Objects-normal/arm64/NotchCore.LinkFileList -dependency_info /Users/runner/work/orbit/orbit/NotchOrbitPlus/build/DerivedData/Build/Intermediates.noindex/NotchOrbitPlus.build/Debug/NotchCore.build/Objects-normal/arm64/NotchCore_libtool_dependency_info.dat -o /Users/runner/work/orbit/orbit/NotchOrbitPlus/build/DerivedData/Build/Products/Debug/libNotchCore.a

ExtractAppIntentsMetadata (in target 'NotchCore' from project 'NotchOrbitPlus')
    cd /Users/runner/work/orbit/orbit/NotchOrbitPlus
    /Applications/Xcode_26.6.app/Contents/Developer/Toolchains/XcodeDefault.xctoolchain/usr/bin/appintentsmetadataprocessor --toolchain-dir /var/run/com.apple.security.cryptexd/mnt/com.apple.MobileAsset.MetalToolchain-v17.6.109.0.5QT25n/Metal.xctoolchain --module-name NotchCore --sdk-root /Applications/Xcode_26.6.app/Contents/Developer/Platforms/MacOSX.platform/Developer/SDKs/MacOSX26.5.sdk --xcode-version 17F113 --platform-family macOS --deployment-target 14.0 --output /Users/runner/work/orbit/orbit/NotchOrbitPlus/build/DerivedData/Build/Products/Debug/NotchCore.appintents --target-triple arm64-apple-macos14.0 --binary-file /Users/runner/work/orbit/orbit/NotchOrbitPlus/build/DerivedData/Build/Products/Debug/libNotchCore.a --dependency-file /Users/runner/work/orbit/orbit/NotchOrbitPlus/build/DerivedData/Build/Intermediates.noindex/NotchOrbitPlus.build/Debug/NotchCore.build/Objects-normal/arm64/NotchCore_libtool_dependency_info.dat --stringsdata-file /Users/runner/work/orbit/orbit/NotchOrbitPlus/build/DerivedData/Build/Intermediates.noindex/NotchOrbitPlus.build/Debug/NotchCore.build/Objects-normal/arm64/ExtractedAppShortcutsMetadata.stringsdata --source-file-list /Users/runner/work/orbit/orbit/NotchOrbitPlus/build/DerivedData/Build/Intermediates.noindex/NotchOrbitPlus.build/Debug/NotchCore.build/Objects-normal/arm64/NotchCore.SwiftFileList --metadata-file-list /Users/runner/work/orbit/orbit/NotchOrbitPlus/build/DerivedData/Build/Intermediates.noindex/NotchOrbitPlus.build/Debug/NotchCore.build/NotchCore.DependencyMetadataFileList --static-metadata-file-list /Users/runner/work/orbit/orbit/NotchOrbitPlus/build/DerivedData/Build/Intermediates.noindex/NotchOrbitPlus.build/Debug/NotchCore.build/NotchCore.DependencyStaticMetadataFileList --swift-const-vals-list /Users/runner/work/orbit/orbit/NotchOrbitPlus/build/DerivedData/Build/Intermediates.noindex/NotchOrbitPlus.build/Debug/NotchCore.build/Objects-normal/arm64/NotchCore.SwiftConstValuesFileList --force --compile-time-extraction --deployment-aware-processing --validate-assistant-intents --no-app-shortcuts-localization
2026-10-04 20:35:14.036 appintentsmetadataprocessor[30527:75231] Starting appintentsmetadataprocessor export
2026-10-04 20:35:14.065 appintentsmetadataprocessor[30527:75231] Extracted no relevant App Intents symbols, skipping writing output

ProcessInfoPlistFile /Users/runner/work/orbit/orbit/NotchOrbitPlus/build/DerivedData/Build/Products/Debug/NotchOrbitPlus.app/Contents/Info.plist /Users/runner/work/orbit/orbit/NotchOrbitPlus/Resources/Info.plist (in target 'NotchOrbitPlus' from project 'NotchOrbitPlus')
    cd /Users/runner/work/orbit/orbit/NotchOrbitPlus
    builtin-infoPlistUtility /Users/runner/work/orbit/orbit/NotchOrbitPlus/Resources/Info.plist -producttype com.apple.product-type.application -genpkginfo /Users/runner/work/orbit/orbit/NotchOrbitPlus/build/DerivedData/Build/Products/Debug/NotchOrbitPlus.app/Contents/PkgInfo -expandbuildsettings -platform macosx -o /Users/runner/work/orbit/orbit/NotchOrbitPlus/build/DerivedData/Build/Products/Debug/NotchOrbitPlus.app/Contents/Info.plist

CpResource /Users/runner/work/orbit/orbit/NotchOrbitPlus/build/DerivedData/Build/Products/Debug/NotchOrbitPlus.app/Contents/Resources/ThirdParty /Users/runner/work/orbit/orbit/NotchOrbitPlus/Resources/ThirdParty (in target 'NotchOrbitPlus' from project 'NotchOrbitPlus')
    cd /Users/runner/work/orbit/orbit/NotchOrbitPlus
    builtin-copy -exclude .DS_Store -exclude CVS -exclude .svn -exclude .git -exclude .hg -strip-unsigned-binaries -strip-deterministic -strip-tool /Applications/Xcode_26.6.app/Contents/Developer/Toolchains/XcodeDefault.xctoolchain/usr/bin/strip -resolve-src-symlinks /Users/runner/work/orbit/orbit/NotchOrbitPlus/Resources/ThirdParty /Users/runner/work/orbit/orbit/NotchOrbitPlus/build/DerivedData/Build/Products/Debug/NotchOrbitPlus.app/Contents/Resources

Ld /Users/runner/work/orbit/orbit/NotchOrbitPlus/build/DerivedData/Build/Products/Debug/NotchOrbitPlus.app/Contents/MacOS/__preview.dylib normal (in target 'NotchOrbitPlus' from project 'NotchOrbitPlus')
    cd /Users/runner/work/orbit/orbit/NotchOrbitPlus
    /Applications/Xcode_26.6.app/Contents/Developer/Toolchains/XcodeDefault.xctoolchain/usr/bin/clang -Xlinker -reproducible -target arm64-apple-macos14.0 -dynamiclib -isysroot /Applications/Xcode_26.6.app/Contents/Developer/Platforms/MacOSX.platform/Developer/SDKs/MacOSX26.5.sdk -Os -L/Users/runner/work/orbit/orbit/NotchOrbitPlus/build/DerivedData/Build/Products/Debug -F/Users/runner/work/orbit/orbit/NotchOrbitPlus/build/DerivedData/Build/Products/Debug -install_name @rpath/NotchOrbitPlus.debug.dylib -rdynamic -Xlinker -dependency_info -Xlinker /Users/runner/work/orbit/orbit/NotchOrbitPlus/build/DerivedData/Build/Intermediates.noindex/NotchOrbitPlus.build/Debug/NotchOrbitPlus.build/Objects-normal/arm64/NotchOrbitPlus_dependency_info.dat -o /Users/runner/work/orbit/orbit/NotchOrbitPlus/build/DerivedData/Build/Products/Debug/NotchOrbitPlus.app/Contents/MacOS/__preview.dylib

CpResource /Users/runner/work/orbit/orbit/NotchOrbitPlus/build/DerivedData/Build/Products/Debug/NotchOrbitPlus.app/Contents/Resources/Plugins /Users/runner/work/orbit/orbit/NotchOrbitPlus/Resources/Plugins (in target 'NotchOrbitPlus' from project 'NotchOrbitPlus')
    cd /Users/runner/work/orbit/orbit/NotchOrbitPlus
    builtin-copy -exclude .DS_Store -exclude CVS -exclude .svn -exclude .git -exclude .hg -strip-unsigned-binaries -strip-deterministic -strip-tool /Applications/Xcode_26.6.app/Contents/Developer/Toolchains/XcodeDefault.xctoolchain/usr/bin/strip -resolve-src-symlinks /Users/runner/work/orbit/orbit/NotchOrbitPlus/Resources/Plugins /Users/runner/work/orbit/orbit/NotchOrbitPlus/build/DerivedData/Build/Products/Debug/NotchOrbitPlus.app/Contents/Resources

CpResource /Users/runner/work/orbit/orbit/NotchOrbitPlus/build/DerivedData/Build/Products/Debug/NotchOrbitPlus.app/Contents/Resources/EmojiCatalog.json /Users/runner/work/orbit/orbit/NotchOrbitPlus/Resources/EmojiCatalog.json (in target 'NotchOrbitPlus' from project 'NotchOrbitPlus')
    cd /Users/runner/work/orbit/orbit/NotchOrbitPlus
    builtin-copy -exclude .DS_Store -exclude CVS -exclude .svn -exclude .git -exclude .hg -strip-unsigned-binaries -strip-deterministic -strip-tool /Applications/Xcode_26.6.app/Contents/Developer/Toolchains/XcodeDefault.xctoolchain/usr/bin/strip -resolve-src-symlinks /Users/runner/work/orbit/orbit/NotchOrbitPlus/Resources/EmojiCatalog.json /Users/runner/work/orbit/orbit/NotchOrbitPlus/build/DerivedData/Build/Products/Debug/NotchOrbitPlus.app/Contents/Resources

CpResource /Users/runner/work/orbit/orbit/NotchOrbitPlus/build/DerivedData/Build/Products/Debug/NotchOrbitPlus.app/Contents/Resources/CommandHelpers /Users/runner/work/orbit/orbit/NotchOrbitPlus/Resources/CommandHelpers (in target 'NotchOrbitPlus' from project 'NotchOrbitPlus')
    cd /Users/runner/work/orbit/orbit/NotchOrbitPlus
    builtin-copy -exclude .DS_Store -exclude CVS -exclude .svn -exclude .git -exclude .hg -strip-unsigned-binaries -strip-deterministic -strip-tool /Applications/Xcode_26.6.app/Contents/Developer/Toolchains/XcodeDefault.xctoolchain/usr/bin/strip -resolve-src-symlinks /Users/runner/work/orbit/orbit/NotchOrbitPlus/Resources/CommandHelpers /Users/runner/work/orbit/orbit/NotchOrbitPlus/build/DerivedData/Build/Products/Debug/NotchOrbitPlus.app/Contents/Resources

CpResource /Users/runner/work/orbit/orbit/NotchOrbitPlus/build/DerivedData/Build/Products/Debug/NotchOrbitPlus.app/Contents/Resources/AppIcon.icns /Users/runner/work/orbit/orbit/NotchOrbitPlus/build/AppIcon.icns (in target 'NotchOrbitPlus' from project 'NotchOrbitPlus')
    cd /Users/runner/work/orbit/orbit/NotchOrbitPlus
    builtin-copy -exclude .DS_Store -exclude CVS -exclude .svn -exclude .git -exclude .hg -strip-unsigned-binaries -strip-deterministic -strip-tool /Applications/Xcode_26.6.app/Contents/Developer/Toolchains/XcodeDefault.xctoolchain/usr/bin/strip -resolve-src-symlinks /Users/runner/work/orbit/orbit/NotchOrbitPlus/build/AppIcon.icns /Users/runner/work/orbit/orbit/NotchOrbitPlus/build/DerivedData/Build/Products/Debug/NotchOrbitPlus.app/Contents/Resources

Copy /Users/runner/work/orbit/orbit/NotchOrbitPlus/build/DerivedData/Build/Products/Debug/NotchOrbitPlus.app/Contents/Frameworks/libXCTestSwiftSupport.dylib /Applications/Xcode_26.6.app/Contents/Developer/Platforms/MacOSX.platform/Developer/usr/lib/libXCTestSwiftSupport.dylib (in target 'NotchOrbitPlus' from project 'NotchOrbitPlus')
    cd /Users/runner/work/orbit/orbit/NotchOrbitPlus
    builtin-copy -exclude .DS_Store -exclude CVS -exclude .svn -exclude .git -exclude .hg -exclude Headers -exclude PrivateHeaders -exclude Modules -exclude \*.tbd -strip-unsigned-binaries -strip-deterministic -strip-tool /Applications/Xcode_26.6.app/Contents/Developer/Toolchains/XcodeDefault.xctoolchain/usr/bin/strip -resolve-src-symlinks /Applications/Xcode_26.6.app/Contents/Developer/Platforms/MacOSX.platform/Developer/usr/lib/libXCTestSwiftSupport.dylib /Users/runner/work/orbit/orbit/NotchOrbitPlus/build/DerivedData/Build/Products/Debug/NotchOrbitPlus.app/Contents/Frameworks
warning: not stripping binary because it is signed: /Applications/Xcode_26.6.app/Contents/Developer/Platforms/MacOSX.platform/Developer/usr/lib/libXCTestSwiftSupport.dylib (in target 'NotchOrbitPlus' from project 'NotchOrbitPlus')

Copy /Users/runner/work/orbit/orbit/NotchOrbitPlus/build/DerivedData/Build/Products/Debug/NotchOrbitPlus.app/Contents/Frameworks/libXCTestBundleInject.dylib /Applications/Xcode_26.6.app/Contents/Developer/Platforms/MacOSX.platform/Developer/usr/lib/libXCTestBundleInject.dylib (in target 'NotchOrbitPlus' from project 'NotchOrbitPlus')
    cd /Users/runner/work/orbit/orbit/NotchOrbitPlus
    builtin-copy -exclude .DS_Store -exclude CVS -exclude .svn -exclude .git -exclude .hg -exclude Headers -exclude PrivateHeaders -exclude Modules -exclude \*.tbd -strip-unsigned-binaries -strip-deterministic -strip-tool /Applications/Xcode_26.6.app/Contents/Developer/Toolchains/XcodeDefault.xctoolchain/usr/bin/strip -resolve-src-symlinks /Applications/Xcode_26.6.app/Contents/Developer/Platforms/MacOSX.platform/Developer/usr/lib/libXCTestBundleInject.dylib /Users/runner/work/orbit/orbit/NotchOrbitPlus/build/DerivedData/Build/Products/Debug/NotchOrbitPlus.app/Contents/Frameworks
warning: not stripping binary because it is signed: /Applications/Xcode_26.6.app/Contents/Developer/Platforms/MacOSX.platform/Developer/usr/lib/libXCTestBundleInject.dylib (in target 'NotchOrbitPlus' from project 'NotchOrbitPlus')

Copy /Users/runner/work/orbit/orbit/NotchOrbitPlus/build/DerivedData/Build/Products/Debug/NotchOrbitPlus.app/Contents/Frameworks/XCUnit.framework /Applications/Xcode_26.6.app/Contents/Developer/Platforms/MacOSX.platform/Developer/Library/PrivateFrameworks/XCUnit.framework (in target 'NotchOrbitPlus' from project 'NotchOrbitPlus')
    cd /Users/runner/work/orbit/orbit/NotchOrbitPlus
    builtin-copy -exclude .DS_Store -exclude CVS -exclude .svn -exclude .git -exclude .hg -exclude Headers -exclude PrivateHeaders -exclude Modules -exclude \*.tbd -strip-unsigned-binaries -strip-deterministic -strip-tool /Applications/Xcode_26.6.app/Contents/Developer/Toolchains/XcodeDefault.xctoolchain/usr/bin/strip -resolve-src-symlinks /Applications/Xcode_26.6.app/Contents/Developer/Platforms/MacOSX.platform/Developer/Library/PrivateFrameworks/XCUnit.framework /Users/runner/work/orbit/orbit/NotchOrbitPlus/build/DerivedData/Build/Products/Debug/NotchOrbitPlus.app/Contents/Frameworks
warning: not stripping binary because it is signed: /Applications/Xcode_26.6.app/Contents/Developer/Platforms/MacOSX.platform/Developer/Library/PrivateFrameworks/XCUnit.framework/Versions/A/XCUnit (in target 'NotchOrbitPlus' from project 'NotchOrbitPlus')

Copy /Users/runner/work/orbit/orbit/NotchOrbitPlus/build/DerivedData/Build/Products/Debug/NotchOrbitPlus.app/Contents/Frameworks/XCUIAutomation.framework /Applications/Xcode_26.6.app/Contents/Developer/Platforms/MacOSX.platform/Developer/Library/Frameworks/XCUIAutomation.framework (in target 'NotchOrbitPlus' from project 'NotchOrbitPlus')
    cd /Users/runner/work/orbit/orbit/NotchOrbitPlus
    builtin-copy -exclude .DS_Store -exclude CVS -exclude .svn -exclude .git -exclude .hg -exclude Headers -exclude PrivateHeaders -exclude Modules -exclude \*.tbd -strip-unsigned-binaries -strip-deterministic -strip-tool /Applications/Xcode_26.6.app/Contents/Developer/Toolchains/XcodeDefault.xctoolchain/usr/bin/strip -resolve-src-symlinks /Applications/Xcode_26.6.app/Contents/Developer/Platforms/MacOSX.platform/Developer/Library/Frameworks/XCUIAutomation.framework /Users/runner/work/orbit/orbit/NotchOrbitPlus/build/DerivedData/Build/Products/Debug/NotchOrbitPlus.app/Contents/Frameworks
warning: not stripping binary because it is signed: /Applications/Xcode_26.6.app/Contents/Developer/Platforms/MacOSX.platform/Developer/Library/Frameworks/XCUIAutomation.framework/Versions/A/XCUIAutomation (in target 'NotchOrbitPlus' from project 'NotchOrbitPlus')

Copy /Users/runner/work/orbit/orbit/NotchOrbitPlus/build/DerivedData/Build/Products/Debug/NotchOrbitPlus.app/Contents/Frameworks/XCTestSupport.framework /Applications/Xcode_26.6.app/Contents/Developer/Platforms/MacOSX.platform/Developer/Library/PrivateFrameworks/XCTestSupport.framework (in target 'NotchOrbitPlus' from project 'NotchOrbitPlus')
    cd /Users/runner/work/orbit/orbit/NotchOrbitPlus
    builtin-copy -exclude .DS_Store -exclude CVS -exclude .svn -exclude .git -exclude .hg -exclude Headers -exclude PrivateHeaders -exclude Modules -exclude \*.tbd -strip-unsigned-binaries -strip-deterministic -strip-tool /Applications/Xcode_26.6.app/Contents/Developer/Toolchains/XcodeDefault.xctoolchain/usr/bin/strip -resolve-src-symlinks /Applications/Xcode_26.6.app/Contents/Developer/Platforms/MacOSX.platform/Developer/Library/PrivateFrameworks/XCTestSupport.framework /Users/runner/work/orbit/orbit/NotchOrbitPlus/build/DerivedData/Build/Products/Debug/NotchOrbitPlus.app/Contents/Frameworks
warning: not stripping binary because it is signed: /Applications/Xcode_26.6.app/Contents/Developer/Platforms/MacOSX.platform/Developer/Library/PrivateFrameworks/XCTestSupport.framework/Versions/A/XCTestSupport (in target 'NotchOrbitPlus' from project 'NotchOrbitPlus')

Copy /Users/runner/work/orbit/orbit/NotchOrbitPlus/build/DerivedData/Build/Products/Debug/NotchOrbitPlus.app/Contents/Frameworks/XCTestCore.framework /Applications/Xcode_26.6.app/Contents/Developer/Platforms/MacOSX.platform/Developer/Library/PrivateFrameworks/XCTestCore.framework (in target 'NotchOrbitPlus' from project 'NotchOrbitPlus')
    cd /Users/runner/work/orbit/orbit/NotchOrbitPlus
    builtin-copy -exclude .DS_Store -exclude CVS -exclude .svn -exclude .git -exclude .hg -exclude Headers -exclude PrivateHeaders -exclude Modules -exclude \*.tbd -strip-unsigned-binaries -strip-deterministic -strip-tool /Applications/Xcode_26.6.app/Contents/Developer/Toolchains/XcodeDefault.xctoolchain/usr/bin/strip -resolve-src-symlinks /Applications/Xcode_26.6.app/Contents/Developer/Platforms/MacOSX.platform/Developer/Library/PrivateFrameworks/XCTestCore.framework /Users/runner/work/orbit/orbit/NotchOrbitPlus/build/DerivedData/Build/Products/Debug/NotchOrbitPlus.app/Contents/Frameworks
warning: not stripping binary because it is signed: /Applications/Xcode_26.6.app/Contents/Developer/Platforms/MacOSX.platform/Developer/Library/PrivateFrameworks/XCTestCore.framework/Versions/A/XCTestCore (in target 'NotchOrbitPlus' from project 'NotchOrbitPlus')

Copy /Users/runner/work/orbit/orbit/NotchOrbitPlus/build/DerivedData/Build/Products/Debug/NotchOrbitPlus.app/Contents/Frameworks/XCTest.framework /Applications/Xcode_26.6.app/Contents/Developer/Platforms/MacOSX.platform/Developer/Library/Frameworks/XCTest.framework (in target 'NotchOrbitPlus' from project 'NotchOrbitPlus')
    cd /Users/runner/work/orbit/orbit/NotchOrbitPlus
    builtin-copy -exclude .DS_Store -exclude CVS -exclude .svn -exclude .git -exclude .hg -exclude Headers -exclude PrivateHeaders -exclude Modules -exclude \*.tbd -strip-unsigned-binaries -strip-deterministic -strip-tool /Applications/Xcode_26.6.app/Contents/Developer/Toolchains/XcodeDefault.xctoolchain/usr/bin/strip -resolve-src-symlinks /Applications/Xcode_26.6.app/Contents/Developer/Platforms/MacOSX.platform/Developer/Library/Frameworks/XCTest.framework /Users/runner/work/orbit/orbit/NotchOrbitPlus/build/DerivedData/Build/Products/Debug/NotchOrbitPlus.app/Contents/Frameworks
warning: not stripping binary because it is signed: /Applications/Xcode_26.6.app/Contents/Developer/Platforms/MacOSX.platform/Developer/Library/Frameworks/XCTest.framework/Versions/A/XCTest (in target 'NotchOrbitPlus' from project 'NotchOrbitPlus')

Copy /Users/runner/work/orbit/orbit/NotchOrbitPlus/build/DerivedData/Build/Products/Debug/NotchOrbitPlus.app/Contents/Frameworks/XCTAutomationSupport.framework /Applications/Xcode_26.6.app/Contents/Developer/Platforms/MacOSX.platform/Developer/Library/PrivateFrameworks/XCTAutomationSupport.framework (in target 'NotchOrbitPlus' from project 'NotchOrbitPlus')
    cd /Users/runner/work/orbit/orbit/NotchOrbitPlus
    builtin-copy -exclude .DS_Store -exclude CVS -exclude .svn -exclude .git -exclude .hg -exclude Headers -exclude PrivateHeaders -exclude Modules -exclude \*.tbd -strip-unsigned-binaries -strip-deterministic -strip-tool /Applications/Xcode_26.6.app/Contents/Developer/Toolchains/XcodeDefault.xctoolchain/usr/bin/strip -resolve-src-symlinks /Applications/Xcode_26.6.app/Contents/Developer/Platforms/MacOSX.platform/Developer/Library/PrivateFrameworks/XCTAutomationSupport.framework /Users/runner/work/orbit/orbit/NotchOrbitPlus/build/DerivedData/Build/Products/Debug/NotchOrbitPlus.app/Contents/Frameworks
warning: not stripping binary because it is signed: /Applications/Xcode_26.6.app/Contents/Developer/Platforms/MacOSX.platform/Developer/Library/PrivateFrameworks/XCTAutomationSupport.framework/Versions/A/XCTAutomationSupport (in target 'NotchOrbitPlus' from project 'NotchOrbitPlus')

Copy /Users/runner/work/orbit/orbit/NotchOrbitPlus/build/DerivedData/Build/Products/Debug/NotchOrbitPlus.app/Contents/Frameworks/Testing.framework /Applications/Xcode_26.6.app/Contents/Developer/Platforms/MacOSX.platform/Developer/Library/Frameworks/Testing.framework (in target 'NotchOrbitPlus' from project 'NotchOrbitPlus')
    cd /Users/runner/work/orbit/orbit/NotchOrbitPlus
    builtin-copy -exclude .DS_Store -exclude CVS -exclude .svn -exclude .git -exclude .hg -exclude Headers -exclude PrivateHeaders -exclude Modules -exclude \*.tbd -strip-unsigned-binaries -strip-deterministic -strip-tool /Applications/Xcode_26.6.app/Contents/Developer/Toolchains/XcodeDefault.xctoolchain/usr/bin/strip -resolve-src-symlinks /Applications/Xcode_26.6.app/Contents/Developer/Platforms/MacOSX.platform/Developer/Library/Frameworks/Testing.framework /Users/runner/work/orbit/orbit/NotchOrbitPlus/build/DerivedData/Build/Products/Debug/NotchOrbitPlus.app/Contents/Frameworks
warning: not stripping binary because it is signed: /Applications/Xcode_26.6.app/Contents/Developer/Platforms/MacOSX.platform/Developer/Library/Frameworks/Testing.framework/Versions/A/Testing (in target 'NotchOrbitPlus' from project 'NotchOrbitPlus')

SwiftExplicitDependencyGeneratePcm arm64 /Users/runner/work/orbit/orbit/NotchOrbitPlus/build/DerivedData/ModuleCache.noindex/ColorSync-DVH2BNPXAQS0FI3IOHVXUEPC8.pcm

SwiftExplicitDependencyGeneratePcm arm64 /Users/runner/work/orbit/orbit/NotchOrbitPlus/build/DerivedData/ModuleCache.noindex/RelevanceKit-9NIJUL06YLJW3M4SSACD2VT6Z.pcm

SwiftExplicitDependencyGeneratePcm arm64 /Users/runner/work/orbit/orbit/NotchOrbitPlus/build/DerivedData/ModuleCache.noindex/_Builtin_stdatomic-C1O3BLDLSZ6T39EW3B08VY9OO.pcm

SwiftExplicitDependencyGeneratePcm arm64 /Users/runner/work/orbit/orbit/NotchOrbitPlus/build/DerivedData/ModuleCache.noindex/_LocationEssentials-8837M4ESB9L0XZF8NR025EFCX.pcm

SwiftExplicitDependencyGeneratePcm arm64 /Users/runner/work/orbit/orbit/NotchOrbitPlus/build/DerivedData/ModuleCache.noindex/_Builtin_intrinsics-CJAQ570A68OBOYAV62GZZ6I0P.pcm

SwiftExplicitDependencyGeneratePcm arm64 /Users/runner/work/orbit/orbit/NotchOrbitPlus/build/DerivedData/ModuleCache.noindex/CoreTransferable-D8AWAI55FKJYUT1UJNLJF0W7.pcm

SwiftExplicitDependencyGeneratePcm arm64 /Users/runner/work/orbit/orbit/NotchOrbitPlus/build/DerivedData/ModuleCache.noindex/SQLite3-7X0BX0E89HGXBOQY1HIKJB71L.pcm

SwiftExplicitDependencyGeneratePcm arm64 /Users/runner/work/orbit/orbit/NotchOrbitPlus/build/DerivedData/ModuleCache.noindex/OpenGL-EEOBN2QUDZWCIO2YT5LJ9YUN0.pcm

SwiftExplicitDependencyGeneratePcm arm64 /Users/runner/work/orbit/orbit/NotchOrbitPlus/build/DerivedData/ModuleCache.noindex/LocalAuthentication-INNGFYX5RRU7GO7P2DVR3OVC.pcm

SwiftExplicitDependencyGeneratePcm arm64 /Users/runner/work/orbit/orbit/NotchOrbitPlus/build/DerivedData/ModuleCache.noindex/_Builtin_tgmath-B4HMY72YZ9CCWVA8D33K358N8.pcm

SwiftExplicitDependencyGeneratePcm arm64 /Users/runner/work/orbit/orbit/NotchOrbitPlus/build/DerivedData/ModuleCache.noindex/CoreAudioTypes-AQY9XE1Q6F9N0O4S2FLUA609L.pcm

SwiftExplicitDependencyGeneratePcm arm64 /Users/runner/work/orbit/orbit/NotchOrbitPlus/build/DerivedData/ModuleCache.noindex/DeveloperToolsSupport-8UJ4MN5XN3195RZSX107OWZ1L.pcm

SwiftExplicitDependencyGeneratePcm arm64 /Users/runner/work/orbit/orbit/NotchOrbitPlus/build/DerivedData/ModuleCache.noindex/CoreBluetooth-1T2S0VCNZLN7ZJ6BYQ28UIVVA.pcm

SwiftExplicitDependencyGeneratePcm arm64 /Users/runner/work/orbit/orbit/NotchOrbitPlus/build/DerivedData/ModuleCache.noindex/IOSurface-19EN82RJE1IIWB8RMOVRDMY03.pcm

SwiftExplicitDependencyGeneratePcm arm64 /Users/runner/work/orbit/orbit/NotchOrbitPlus/build/DerivedData/ModuleCache.noindex/dnssd-8T6ZRK49XXTWGDPMC5UTU8PWB.pcm

SwiftExplicitDependencyGeneratePcm arm64 /Users/runner/work/orbit/orbit/NotchOrbitPlus/build/DerivedData/ModuleCache.noindex/Symbols-6WQ6M2HBAXDMW2LVUZCPCE6QR.pcm

SwiftExplicitDependencyGeneratePcm arm64 /Users/runner/work/orbit/orbit/NotchOrbitPlus/build/DerivedData/ModuleCache.noindex/Translation-41RFDXX1HSRUA4R7LFS2XKOKV.pcm

SwiftExplicitDependencyGeneratePcm arm64 /Users/runner/work/orbit/orbit/NotchOrbitPlus/build/DerivedData/ModuleCache.noindex/Network-E3SK3AGP37SM719ZQ7VC528VR.pcm

SwiftExplicitDependencyGeneratePcm arm64 /Users/runner/work/orbit/orbit/NotchOrbitPlus/build/DerivedData/ModuleCache.noindex/CoreLocation-4C5ORSKVY6GHO5XKC98041ZM9.pcm

SwiftExplicitDependencyGeneratePcm arm64 /Users/runner/work/orbit/orbit/NotchOrbitPlus/build/DerivedData/ModuleCache.noindex/ServiceManagement-7M38VMXZG0SA78X8JWC9LHYF0.pcm

SwiftExplicitDependencyGeneratePcm arm64 /Users/runner/work/orbit/orbit/NotchOrbitPlus/build/DerivedData/ModuleCache.noindex/CoreWLAN-CCAY9VASTR6J8361KWAX9CR2D.pcm

SwiftExplicitDependencyGeneratePcm arm64 /Users/runner/work/orbit/orbit/NotchOrbitPlus/build/DerivedData/ModuleCache.noindex/UniformTypeIdentifiers-8P83MBDYOVORHNZMZDNZJ3Q91.pcm

SwiftExplicitDependencyGeneratePcm arm64 /Users/runner/work/orbit/orbit/NotchOrbitPlus/build/DerivedData/ModuleCache.noindex/UserNotifications-1KVB4SPBY7H1YADNAZGY64MW1.pcm

SwiftExplicitDependencyGeneratePcm arm64 /Users/runner/work/orbit/orbit/NotchOrbitPlus/build/DerivedData/ModuleCache.noindex/os-C0ODOXR2U7SNJKLALSD6ZRY18.pcm

SwiftExplicitDependencyGeneratePcm arm64 /Users/runner/work/orbit/orbit/NotchOrbitPlus/build/DerivedData/ModuleCache.noindex/CoreMIDI-9QI78G636I6G6E7M2ZD10OAR8.pcm

SwiftExplicitDependencyGeneratePcm arm64 /Users/runner/work/orbit/orbit/NotchOrbitPlus/build/DerivedData/ModuleCache.noindex/CoreSpotlight-A8RSFBNYWO0JF4RL3L980K19.pcm

SwiftExplicitDependencyGeneratePcm arm64 /Users/runner/work/orbit/orbit/NotchOrbitPlus/build/DerivedData/ModuleCache.noindex/DataDetection-8KDD76T2CRL9ID2KQF79I115.pcm

SwiftExplicitDependencyGeneratePcm arm64 /Users/runner/work/orbit/orbit/NotchOrbitPlus/build/DerivedData/ModuleCache.noindex/OSLog-CZSESBY9QPAHJ21NUGZK530IG.pcm

SwiftExplicitDependencyGeneratePcm arm64 /Users/runner/work/orbit/orbit/NotchOrbitPlus/build/DerivedData/ModuleCache.noindex/ExtensionFoundation-6F22XYZAUT30HZDMZM5DEBP9O.pcm

SwiftExplicitDependencyGeneratePcm arm64 /Users/runner/work/orbit/orbit/NotchOrbitPlus/build/DerivedData/ModuleCache.noindex/CoreAudio-164LN9PF92O5T1P1OVE5Y5LDD.pcm

SwiftExplicitDependencyGeneratePcm arm64 /Users/runner/work/orbit/orbit/NotchOrbitPlus/build/DerivedData/ModuleCache.noindex/Metal-1FRHEOVU87A156CKENUPZVGOS.pcm

SwiftExplicitDependencyGeneratePcm arm64 /Users/runner/work/orbit/orbit/NotchOrbitPlus/build/DerivedData/ModuleCache.noindex/CoreGraphics-CY6HRTNPJFGBGVLVA8QZLA59R.pcm

SwiftExplicitDependencyGeneratePcm arm64 /Users/runner/work/orbit/orbit/NotchOrbitPlus/build/DerivedData/ModuleCache.noindex/simd-9TBBL0909MXWV46V6LW1XNCCU.pcm

SwiftExplicitDependencyGeneratePcm arm64 /Users/runner/work/orbit/orbit/NotchOrbitPlus/build/DerivedData/ModuleCache.noindex/IOBluetooth-A94GQFB83MAJ8EU7QQG4L6XHH.pcm

SwiftExplicitDependencyGeneratePcm arm64 /Users/runner/work/orbit/orbit/NotchOrbitPlus/build/DerivedData/ModuleCache.noindex/CoreText-B3J8Z641A1GXZJZ6ICM5BM12J.pcm

SwiftExplicitDependencyGeneratePcm arm64 /Users/runner/work/orbit/orbit/NotchOrbitPlus/build/DerivedData/ModuleCache.noindex/Accessibility-1089W21DXVLXET0ZYOC4XRQGO.pcm

SwiftExplicitDependencyGeneratePcm arm64 /Users/runner/work/orbit/orbit/NotchOrbitPlus/build/DerivedData/ModuleCache.noindex/ImageIO-ANAL7ZYNWEUGI84OAU7UANRO7.pcm

SwiftExplicitDependencyGeneratePcm arm64 /Users/runner/work/orbit/orbit/NotchOrbitPlus/build/DerivedData/ModuleCache.noindex/EventKit-9L2JAO82ESKSIQSYMISALK96A.pcm

SwiftExplicitDependencyGeneratePcm arm64 /Users/runner/work/orbit/orbit/NotchOrbitPlus/build/DerivedData/ModuleCache.noindex/Intents-7ELGP3SF98XDU90PR15PCSWHZ.pcm

SwiftExplicitDependencyGeneratePcm arm64 /Users/runner/work/orbit/orbit/NotchOrbitPlus/build/DerivedData/ModuleCache.noindex/CUPS-5W2ONGSQ2S8UHNCC8EIFBV2IT.pcm

SwiftExplicitDependencyGeneratePcm arm64 /Users/runner/work/orbit/orbit/NotchOrbitPlus/build/DerivedData/ModuleCache.noindex/CoreData-ASC0WQPGBWRWR6UTBETVJ6ECP.pcm

SwiftExplicitDependencyGeneratePcm arm64 /Users/runner/work/orbit/orbit/NotchOrbitPlus/build/DerivedData/ModuleCache.noindex/Spatial-1XM0XO454CGJKNP082CRR90U8.pcm

SwiftExplicitDependencyGeneratePcm arm64 /Users/runner/work/orbit/orbit/NotchOrbitPlus/build/DerivedData/ModuleCache.noindex/ApplicationServices-CX7L75MJ385XWZY5VCU25MMC1.pcm

SwiftExplicitDependencyGeneratePcm arm64 /Users/runner/work/orbit/orbit/NotchOrbitPlus/build/DerivedData/ModuleCache.noindex/AppIntents-7LMEA4J0D8OWU5XA3YXFRTWII.pcm

SwiftExplicitDependencyGeneratePcm arm64 /Users/runner/work/orbit/orbit/NotchOrbitPlus/build/DerivedData/ModuleCache.noindex/Carbon-15HESGF1DW75G7V0IEIDPXL9O.pcm

SwiftExplicitDependencyGeneratePcm arm64 /Users/runner/work/orbit/orbit/NotchOrbitPlus/build/DerivedData/ModuleCache.noindex/CoreVideo-57IX424LN36NH4NKMVIRHT2B8.pcm

SwiftExplicitDependencyGeneratePcm arm64 /Users/runner/work/orbit/orbit/NotchOrbitPlus/build/DerivedData/ModuleCache.noindex/QuickLook-9Q7UVRG545M5EET4U7KIG61IO.pcm

SwiftExplicitDependencyGeneratePcm arm64 /Users/runner/work/orbit/orbit/NotchOrbitPlus/build/DerivedData/ModuleCache.noindex/QuartzCore-C4LSZHQLH9GO9RORZJW5S5644.pcm

SwiftExplicitDependencyGeneratePcm arm64 /Users/runner/work/orbit/orbit/NotchOrbitPlus/build/DerivedData/ModuleCache.noindex/Accelerate-5CMEQD3UT1IOX27MV1U0RRFFP.pcm

SwiftExplicitDependencyGeneratePcm arm64 /Users/runner/work/orbit/orbit/NotchOrbitPlus/build/DerivedData/ModuleCache.noindex/CoreMedia-15IF0LSLGL48L3UEWZN9JMSAL.pcm

SwiftExplicitDependencyGeneratePcm arm64 /Users/runner/work/orbit/orbit/NotchOrbitPlus/build/DerivedData/ModuleCache.noindex/AudioToolbox-5JI07GGZ3WJSA7ZD7BX1WXZKQ.pcm

SwiftExplicitDependencyGeneratePcm arm64 /Users/runner/work/orbit/orbit/NotchOrbitPlus/build/DerivedData/ModuleCache.noindex/SwiftUICore-NSK5PZ5IIGNH9V20XGPEWX1D.pcm

SwiftExplicitDependencyGeneratePcm arm64 /Users/runner/work/orbit/orbit/NotchOrbitPlus/build/DerivedData/ModuleCache.noindex/CoreImage-5WQ69S5TXTWDIW6LZC9QMSCBY.pcm

SwiftExplicitDependencyGeneratePcm arm64 /Users/runner/work/orbit/orbit/NotchOrbitPlus/build/DerivedData/ModuleCache.noindex/AVFAudio-CTZ5I0A42UGE9FWHHOM2JLSWS.pcm

SwiftExplicitDependencyGeneratePcm arm64 /Users/runner/work/orbit/orbit/NotchOrbitPlus/build/DerivedData/ModuleCache.noindex/MediaToolbox-A5AR5EN8N88YEH0J8RTKD2VHJ.pcm

SwiftExplicitDependencyGeneratePcm arm64 /Users/runner/work/orbit/orbit/NotchOrbitPlus/build/DerivedData/ModuleCache.noindex/AppKit-CK1QC2VN7MR5XN2VTOC92HPVR.pcm

SwiftExplicitDependencyGeneratePcm arm64 /Users/runner/work/orbit/orbit/NotchOrbitPlus/build/DerivedData/ModuleCache.noindex/CoreML-6NW8TG9E3O2MTYDU2OC6FXQA6.pcm

SwiftExplicitDependencyGeneratePcm arm64 /Users/runner/work/orbit/orbit/NotchOrbitPlus/build/DerivedData/ModuleCache.noindex/AVFoundation-4HKU436TSTNA65C03YVV5IVJ6.pcm

SwiftExplicitDependencyGeneratePcm arm64 /Users/runner/work/orbit/orbit/NotchOrbitPlus/build/DerivedData/ModuleCache.noindex/Vision-6W7S4U98K4934I0F5KA5FC8NY.pcm

SwiftExplicitDependencyGeneratePcm arm64 /Users/runner/work/orbit/orbit/NotchOrbitPlus/build/DerivedData/ModuleCache.noindex/Speech-7I4OUDJC7DLLD96PQ8H84E6H2.pcm

SwiftExplicitDependencyGeneratePcm arm64 /Users/runner/work/orbit/orbit/NotchOrbitPlus/build/DerivedData/ModuleCache.noindex/SwiftUI-6UXSZ36SYNWXOFZ4REU7PFQ0A.pcm

SwiftExplicitDependencyGeneratePcm arm64 /Users/runner/work/orbit/orbit/NotchOrbitPlus/build/DerivedData/ModuleCache.noindex/ScreenCaptureKit-2HCXFY7WBPZQUA79IW02FAB9B.pcm

SwiftExplicitDependencyGeneratePcm arm64 /Users/runner/work/orbit/orbit/NotchOrbitPlus/build/DerivedData/ModuleCache.noindex/Cocoa-8RKG9DTG1DSP97BOGI742DVH.pcm

SwiftExplicitDependencyGeneratePcm arm64 /Users/runner/work/orbit/orbit/NotchOrbitPlus/build/DerivedData/ModuleCache.noindex/PDFKit-B4WI571BYVR4CR534LIORL52Y.pcm

SwiftExplicitDependencyGeneratePcm arm64 /Users/runner/work/orbit/orbit/NotchOrbitPlus/build/DerivedData/ModuleCache.noindex/QuickLookUI-4VJXG5XBJ7YJ68WIY21ONZZMN.pcm

SwiftGeneratePch normal arm64 Compiling\ bridging\ header (in target 'NotchOrbitPlus' from project 'NotchOrbitPlus')

SwiftDriverJobDiscovery normal arm64 Compiling bridging header (in target 'NotchOrbitPlus' from project 'NotchOrbitPlus')

SwiftEmitModule normal arm64 Emitting\ module\ for\ NotchOrbitPlus (in target 'NotchOrbitPlus' from project 'NotchOrbitPlus')

EmitSwiftModule normal arm64 (in target 'NotchOrbitPlus' from project 'NotchOrbitPlus')
    cd /Users/runner/work/orbit/orbit/NotchOrbitPlus
    
/Users/runner/work/orbit/orbit/NotchOrbitPlus/Sources/NotchOrbitPlus/Tools/SystemControls/NetworkTool.swift:43:48: warning: 'init(cString:)' is deprecated: Use String(decoding: array, as: UTF8.self) instead, after truncating the null termination.
                        value.addresses.insert(String(cString: host))
                                               ^

SwiftCompile normal arm64 Compiling\ AssistantFileIO.swift,\ AssistantFilesStore.swift,\ AssistantFilesToolView.swift,\ CaptureAreaSelector.swift,\ CaptureMovieWriter.swift,\ CaptureToolVisibility.swift,\ ScreenshotShelfStore.swift,\ ScreenshotShelfToolView.swift,\ ClipboardTransformToolView.swift,\ ColorPickerStore.swift,\ ColorPickerToolView.swift,\ ContextTool.swift,\ DictationHoldShortcut.swift,\ DictationNativeSession.swift,\ DictationToolStore.swift,\ DictationToolView.swift,\ PlusOnboardingView.swift,\ PlusUpdateInstaller.swift,\ PlusUpdateService.swift,\ HabitsToolView.swift,\ LauncherBookmarks.swift,\ QuickLauncherTool.swift /Users/runner/work/orbit/orbit/NotchOrbitPlus/Sources/NotchOrbitPlus/Tools/AssistantFiles/AssistantFileIO.swift /Users/runner/work/orbit/orbit/NotchOrbitPlus/Sources/NotchOrbitPlus/Tools/AssistantFiles/AssistantFilesStore.swift /Users/runner/work/orbit/orbit/NotchOrbitPlus/Sources/NotchOrbitPlus/Tools/AssistantFiles/AssistantFilesToolView.swift /Users/runner/work/orbit/orbit/NotchOrbitPlus/Sources/NotchOrbitPlus/Tools/Capture/CaptureAreaSelector.swift /Users/runner/work/orbit/orbit/NotchOrbitPlus/Sources/NotchOrbitPlus/Tools/Capture/CaptureMovieWriter.swift /Users/runner/work/orbit/orbit/NotchOrbitPlus/Sources/NotchOrbitPlus/Tools/Capture/CaptureToolVisibility.swift /Users/runner/work/orbit/orbit/NotchOrbitPlus/Sources/NotchOrbitPlus/Tools/Capture/ScreenshotShelfStore.swift /Users/runner/work/orbit/orbit/NotchOrbitPlus/Sources/NotchOrbitPlus/Tools/Capture/ScreenshotShelfToolView.swift /Users/runner/work/orbit/orbit/NotchOrbitPlus/Sources/NotchOrbitPlus/Tools/ClipboardTransform/ClipboardTransformToolView.swift /Users/runner/work/orbit/orbit/NotchOrbitPlus/Sources/NotchOrbitPlus/Tools/ColorPicker/ColorPickerStore.swift /Users/runner/work/orbit/orbit/NotchOrbitPlus/Sources/NotchOrbitPlus/Tools/ColorPicker/ColorPickerToolView.swift /Users/runner/work/orbit/orbit/NotchOrbitPlus/Sources/NotchOrbitPlus/Tools/Context/ContextTool.swift /Users/runner/work/orbit/orbit/NotchOrbitPlus/Sources/NotchOrbitPlus/Tools/Dictation/DictationHoldShortcut.swift /Users/runner/work/orbit/orbit/NotchOrbitPlus/Sources/NotchOrbitPlus/Tools/Dictation/DictationNativeSession.swift /Users/runner/work/orbit/orbit/NotchOrbitPlus/Sources/NotchOrbitPlus/Tools/Dictation/DictationToolStore.swift /Users/runner/work/orbit/orbit/NotchOrbitPlus/Sources/NotchOrbitPlus/Tools/Dictation/DictationToolView.swift /Users/runner/work/orbit/orbit/NotchOrbitPlus/Sources/NotchOrbitPlus/Tools/Distribution/PlusOnboardingView.swift /Users/runner/work/orbit/orbit/NotchOrbitPlus/Sources/NotchOrbitPlus/Tools/Distribution/PlusUpdateInstaller.swift /Users/runner/work/orbit/orbit/NotchOrbitPlus/Sources/NotchOrbitPlus/Tools/Distribution/PlusUpdateService.swift /Users/runner/work/orbit/orbit/NotchOrbitPlus/Sources/NotchOrbitPlus/Tools/Habits/HabitsToolView.swift /Users/runner/work/orbit/orbit/NotchOrbitPlus/Sources/NotchOrbitPlus/Tools/Launcher/LauncherBookmarks.swift /Users/runner/work/orbit/orbit/NotchOrbitPlus/Sources/NotchOrbitPlus/Tools/Launcher/QuickLauncherTool.swift (in target 'NotchOrbitPlus' from project 'NotchOrbitPlus')
SwiftCompile normal arm64 /Users/runner/work/orbit/orbit/NotchOrbitPlus/Sources/NotchOrbitPlus/Tools/AssistantFiles/AssistantFileIO.swift (in target 'NotchOrbitPlus' from project 'NotchOrbitPlus')
    cd /Users/runner/work/orbit/orbit/NotchOrbitPlus
    

SwiftCompile normal arm64 /Users/runner/work/orbit/orbit/NotchOrbitPlus/Sources/NotchOrbitPlus/Tools/AssistantFiles/AssistantFilesStore.swift (in target 'NotchOrbitPlus' from project 'NotchOrbitPlus')
    cd /Users/runner/work/orbit/orbit/NotchOrbitPlus
    

SwiftCompile normal arm64 /Users/runner/work/orbit/orbit/NotchOrbitPlus/Sources/NotchOrbitPlus/Tools/AssistantFiles/AssistantFilesToolView.swift (in target 'NotchOrbitPlus' from project 'NotchOrbitPlus')
    cd /Users/runner/work/orbit/orbit/NotchOrbitPlus
    

SwiftCompile normal arm64 /Users/runner/work/orbit/orbit/NotchOrbitPlus/Sources/NotchOrbitPlus/Tools/Capture/CaptureAreaSelector.swift (in target 'NotchOrbitPlus' from project 'NotchOrbitPlus')
    cd /Users/runner/work/orbit/orbit/NotchOrbitPlus
    

SwiftCompile normal arm64 /Users/runner/work/orbit/orbit/NotchOrbitPlus/Sources/NotchOrbitPlus/Tools/Capture/CaptureMovieWriter.swift (in target 'NotchOrbitPlus' from project 'NotchOrbitPlus')
    cd /Users/runner/work/orbit/orbit/NotchOrbitPlus
    

SwiftCompile normal arm64 /Users/runner/work/orbit/orbit/NotchOrbitPlus/Sources/NotchOrbitPlus/Tools/Capture/CaptureToolVisibility.swift (in target 'NotchOrbitPlus' from project 'NotchOrbitPlus')
    cd /Users/runner/work/orbit/orbit/NotchOrbitPlus
    

SwiftCompile normal arm64 /Users/runner/work/orbit/orbit/NotchOrbitPlus/Sources/NotchOrbitPlus/Tools/Capture/ScreenshotShelfStore.swift (in target 'NotchOrbitPlus' from project 'NotchOrbitPlus')
    cd /Users/runner/work/orbit/orbit/NotchOrbitPlus
    

SwiftCompile normal arm64 /Users/runner/work/orbit/orbit/NotchOrbitPlus/Sources/NotchOrbitPlus/Tools/Capture/ScreenshotShelfToolView.swift (in target 'NotchOrbitPlus' from project 'NotchOrbitPlus')
    cd /Users/runner/work/orbit/orbit/NotchOrbitPlus
    

SwiftCompile normal arm64 /Users/runner/work/orbit/orbit/NotchOrbitPlus/Sources/NotchOrbitPlus/Tools/ClipboardTransform/ClipboardTransformToolView.swift (in target 'NotchOrbitPlus' from project 'NotchOrbitPlus')
    cd /Users/runner/work/orbit/orbit/NotchOrbitPlus
    

SwiftCompile normal arm64 /Users/runner/work/orbit/orbit/NotchOrbitPlus/Sources/NotchOrbitPlus/Tools/ColorPicker/ColorPickerStore.swift (in target 'NotchOrbitPlus' from project 'NotchOrbitPlus')
    cd /Users/runner/work/orbit/orbit/NotchOrbitPlus
    

SwiftCompile normal arm64 /Users/runner/work/orbit/orbit/NotchOrbitPlus/Sources/NotchOrbitPlus/Tools/ColorPicker/ColorPickerToolView.swift (in target 'NotchOrbitPlus' from project 'NotchOrbitPlus')
    cd /Users/runner/work/orbit/orbit/NotchOrbitPlus
    

SwiftCompile normal arm64 /Users/runner/work/orbit/orbit/NotchOrbitPlus/Sources/NotchOrbitPlus/Tools/Context/ContextTool.swift (in target 'NotchOrbitPlus' from project 'NotchOrbitPlus')
    cd /Users/runner/work/orbit/orbit/NotchOrbitPlus
    

SwiftCompile normal arm64 /Users/runner/work/orbit/orbit/NotchOrbitPlus/Sources/NotchOrbitPlus/Tools/Dictation/DictationHoldShortcut.swift (in target 'NotchOrbitPlus' from project 'NotchOrbitPlus')
    cd /Users/runner/work/orbit/orbit/NotchOrbitPlus
    

SwiftCompile normal arm64 /Users/runner/work/orbit/orbit/NotchOrbitPlus/Sources/NotchOrbitPlus/Tools/Dictation/DictationNativeSession.swift (in target 'NotchOrbitPlus' from project 'NotchOrbitPlus')
    cd /Users/runner/work/orbit/orbit/NotchOrbitPlus
    

SwiftCompile normal arm64 /Users/runner/work/orbit/orbit/NotchOrbitPlus/Sources/NotchOrbitPlus/Tools/Dictation/DictationToolStore.swift (in target 'NotchOrbitPlus' from project 'NotchOrbitPlus')
    cd /Users/runner/work/orbit/orbit/NotchOrbitPlus
    

SwiftCompile normal arm64 /Users/runner/work/orbit/orbit/NotchOrbitPlus/Sources/NotchOrbitPlus/Tools/Dictation/DictationToolView.swift (in target 'NotchOrbitPlus' from project 'NotchOrbitPlus')
    cd /Users/runner/work/orbit/orbit/NotchOrbitPlus
    

SwiftCompile normal arm64 /Users/runner/work/orbit/orbit/NotchOrbitPlus/Sources/NotchOrbitPlus/Tools/Distribution/PlusOnboardingView.swift (in target 'NotchOrbitPlus' from project 'NotchOrbitPlus')
    cd /Users/runner/work/orbit/orbit/NotchOrbitPlus
    

SwiftCompile normal arm64 /Users/runner/work/orbit/orbit/NotchOrbitPlus/Sources/NotchOrbitPlus/Tools/Distribution/PlusUpdateInstaller.swift (in target 'NotchOrbitPlus' from project 'NotchOrbitPlus')
    cd /Users/runner/work/orbit/orbit/NotchOrbitPlus
    

SwiftCompile normal arm64 /Users/runner/work/orbit/orbit/NotchOrbitPlus/Sources/NotchOrbitPlus/Tools/Distribution/PlusUpdateService.swift (in target 'NotchOrbitPlus' from project 'NotchOrbitPlus')
    cd /Users/runner/work/orbit/orbit/NotchOrbitPlus
    

SwiftCompile normal arm64 /Users/runner/work/orbit/orbit/NotchOrbitPlus/Sources/NotchOrbitPlus/Tools/Habits/HabitsToolView.swift (in target 'NotchOrbitPlus' from project 'NotchOrbitPlus')
    cd /Users/runner/work/orbit/orbit/NotchOrbitPlus
    

SwiftCompile normal arm64 /Users/runner/work/orbit/orbit/NotchOrbitPlus/Sources/NotchOrbitPlus/Tools/Launcher/LauncherBookmarks.swift (in target 'NotchOrbitPlus' from project 'NotchOrbitPlus')
    cd /Users/runner/work/orbit/orbit/NotchOrbitPlus
    

SwiftCompile normal arm64 /Users/runner/work/orbit/orbit/NotchOrbitPlus/Sources/NotchOrbitPlus/Tools/Launcher/QuickLauncherTool.swift (in target 'NotchOrbitPlus' from project 'NotchOrbitPlus')
    cd /Users/runner/work/orbit/orbit/NotchOrbitPlus
    

SwiftCompile normal arm64 Compiling\ PlusAppIntents.swift,\ PortableLibraryFile.swift,\ SnippetsToolView.swift,\ SportsScoresTool.swift,\ PlusSyncService.swift,\ SyncFolderIO.swift,\ SyncLocalTransaction.swift,\ SyncSettingsView.swift,\ DevicesTool.swift,\ NetworkTool.swift,\ StatusTool.swift,\ SystemControlsService.swift,\ SystemHardwareControls.swift,\ PackageTrackerTool.swift,\ ProviderReadOnlyHTTPS.swift,\ TranslationTool.swift,\ TravelStatusTool.swift,\ VerificationCodesToolView.swift,\ WorkflowRunner.swift,\ WorkflowStore.swift,\ WorkflowsToolView.swift,\ NotchUtilityViews.swift /Users/runner/work/orbit/orbit/NotchOrbitPlus/Sources/NotchOrbitPlus/Tools/Shortcuts/PlusAppIntents.swift /Users/runner/work/orbit/orbit/NotchOrbitPlus/Sources/NotchOrbitPlus/Tools/Snippets/PortableLibraryFile.swift /Users/runner/work/orbit/orbit/NotchOrbitPlus/Sources/NotchOrbitPlus/Tools/Snippets/SnippetsToolView.swift /Users/runner/work/orbit/orbit/NotchOrbitPlus/Sources/NotchOrbitPlus/Tools/Sports/SportsScoresTool.swift /Users/runner/work/orbit/orbit/NotchOrbitPlus/Sources/NotchOrbitPlus/Tools/Sync/PlusSyncService.swift /Users/runner/work/orbit/orbit/NotchOrbitPlus/Sources/NotchOrbitPlus/Tools/Sync/SyncFolderIO.swift /Users/runner/work/orbit/orbit/NotchOrbitPlus/Sources/NotchOrbitPlus/Tools/Sync/SyncLocalTransaction.swift /Users/runner/work/orbit/orbit/NotchOrbitPlus/Sources/NotchOrbitPlus/Tools/Sync/SyncSettingsView.swift /Users/runner/work/orbit/orbit/NotchOrbitPlus/Sources/NotchOrbitPlus/Tools/SystemControls/DevicesTool.swift /Users/runner/work/orbit/orbit/NotchOrbitPlus/Sources/NotchOrbitPlus/Tools/SystemControls/NetworkTool.swift /Users/runner/work/orbit/orbit/NotchOrbitPlus/Sources/NotchOrbitPlus/Tools/SystemControls/StatusTool.swift /Users/runner/work/orbit/orbit/NotchOrbitPlus/Sources/NotchOrbitPlus/Tools/SystemControls/SystemControlsService.swift /Users/runner/work/orbit/orbit/NotchOrbitPlus/Sources/NotchOrbitPlus/Tools/SystemControls/SystemHardwareControls.swift /Users/runner/work/orbit/orbit/NotchOrbitPlus/Sources/NotchOrbitPlus/Tools/Tracking/PackageTrackerTool.swift /Users/runner/work/orbit/orbit/NotchOrbitPlus/Sources/NotchOrbitPlus/Tools/Tracking/ProviderReadOnlyHTTPS.swift /Users/runner/work/orbit/orbit/NotchOrbitPlus/Sources/NotchOrbitPlus/Tools/Translation/TranslationTool.swift /Users/runner/work/orbit/orbit/NotchOrbitPlus/Sources/NotchOrbitPlus/Tools/Travel/TravelStatusTool.swift /Users/runner/work/orbit/orbit/NotchOrbitPlus/Sources/NotchOrbitPlus/Tools/VerificationCodes/VerificationCodesToolView.swift /Users/runner/work/orbit/orbit/NotchOrbitPlus/Sources/NotchOrbitPlus/Tools/Workflows/WorkflowRunner.swift /Users/runner/work/orbit/orbit/NotchOrbitPlus/Sources/NotchOrbitPlus/Tools/Workflows/WorkflowStore.swift /Users/runner/work/orbit/orbit/NotchOrbitPlus/Sources/NotchOrbitPlus/Tools/Workflows/WorkflowsToolView.swift /Users/runner/work/orbit/orbit/NotchOrbitPlus/Sources/NotchOrbitPlus/UI/NotchUtilityViews.swift (in target 'NotchOrbitPlus' from project 'NotchOrbitPlus')
SwiftCompile normal arm64 /Users/runner/work/orbit/orbit/NotchOrbitPlus/Sources/NotchOrbitPlus/Tools/Shortcuts/PlusAppIntents.swift (in target 'NotchOrbitPlus' from project 'NotchOrbitPlus')
    cd /Users/runner/work/orbit/orbit/NotchOrbitPlus
    

SwiftCompile normal arm64 /Users/runner/work/orbit/orbit/NotchOrbitPlus/Sources/NotchOrbitPlus/Tools/Snippets/PortableLibraryFile.swift (in target 'NotchOrbitPlus' from project 'NotchOrbitPlus')
    cd /Users/runner/work/orbit/orbit/NotchOrbitPlus
    

SwiftCompile normal arm64 /Users/runner/work/orbit/orbit/NotchOrbitPlus/Sources/NotchOrbitPlus/Tools/Snippets/SnippetsToolView.swift (in target 'NotchOrbitPlus' from project 'NotchOrbitPlus')
    cd /Users/runner/work/orbit/orbit/NotchOrbitPlus
    

SwiftCompile normal arm64 /Users/runner/work/orbit/orbit/NotchOrbitPlus/Sources/NotchOrbitPlus/Tools/Sports/SportsScoresTool.swift (in target 'NotchOrbitPlus' from project 'NotchOrbitPlus')
    cd /Users/runner/work/orbit/orbit/NotchOrbitPlus
    

SwiftCompile normal arm64 /Users/runner/work/orbit/orbit/NotchOrbitPlus/Sources/NotchOrbitPlus/Tools/Sync/PlusSyncService.swift (in target 'NotchOrbitPlus' from project 'NotchOrbitPlus')
    cd /Users/runner/work/orbit/orbit/NotchOrbitPlus
    

SwiftCompile normal arm64 /Users/runner/work/orbit/orbit/NotchOrbitPlus/Sources/NotchOrbitPlus/Tools/Sync/SyncFolderIO.swift (in target 'NotchOrbitPlus' from project 'NotchOrbitPlus')
    cd /Users/runner/work/orbit/orbit/NotchOrbitPlus
    

SwiftCompile normal arm64 /Users/runner/work/orbit/orbit/NotchOrbitPlus/Sources/NotchOrbitPlus/Tools/Sync/SyncLocalTransaction.swift (in target 'NotchOrbitPlus' from project 'NotchOrbitPlus')
    cd /Users/runner/work/orbit/orbit/NotchOrbitPlus
    

SwiftCompile normal arm64 /Users/runner/work/orbit/orbit/NotchOrbitPlus/Sources/NotchOrbitPlus/Tools/Sync/SyncSettingsView.swift (in target 'NotchOrbitPlus' from project 'NotchOrbitPlus')
    cd /Users/runner/work/orbit/orbit/NotchOrbitPlus
    

SwiftCompile normal arm64 /Users/runner/work/orbit/orbit/NotchOrbitPlus/Sources/NotchOrbitPlus/Tools/SystemControls/DevicesTool.swift (in target 'NotchOrbitPlus' from project 'NotchOrbitPlus')
    cd /Users/runner/work/orbit/orbit/NotchOrbitPlus
    

SwiftCompile normal arm64 /Users/runner/work/orbit/orbit/NotchOrbitPlus/Sources/NotchOrbitPlus/Tools/SystemControls/NetworkTool.swift (in target 'NotchOrbitPlus' from project 'NotchOrbitPlus')
    cd /Users/runner/work/orbit/orbit/NotchOrbitPlus
    
/Users/runner/work/orbit/orbit/NotchOrbitPlus/Sources/NotchOrbitPlus/Tools/SystemControls/NetworkTool.swift:43:48: warning: 'init(cString:)' is deprecated: Use String(decoding: array, as: UTF8.self) instead, after truncating the null termination.
                        value.addresses.insert(String(cString: host))
                                               ^

SwiftCompile normal arm64 /Users/runner/work/orbit/orbit/NotchOrbitPlus/Sources/NotchOrbitPlus/Tools/SystemControls/StatusTool.swift (in target 'NotchOrbitPlus' from project 'NotchOrbitPlus')
    cd /Users/runner/work/orbit/orbit/NotchOrbitPlus
    

SwiftCompile normal arm64 /Users/runner/work/orbit/orbit/NotchOrbitPlus/Sources/NotchOrbitPlus/Tools/SystemControls/SystemControlsService.swift (in target 'NotchOrbitPlus' from project 'NotchOrbitPlus')
    cd /Users/runner/work/orbit/orbit/NotchOrbitPlus
    

SwiftCompile normal arm64 /Users/runner/work/orbit/orbit/NotchOrbitPlus/Sources/NotchOrbitPlus/Tools/SystemControls/SystemHardwareControls.swift (in target 'NotchOrbitPlus' from project 'NotchOrbitPlus')
    cd /Users/runner/work/orbit/orbit/NotchOrbitPlus
    
/Users/runner/work/orbit/orbit/NotchOrbitPlus/Sources/NotchOrbitPlus/Tools/SystemControls/SystemHardwareControls.swift:25:75: warning: forming 'UnsafeMutableRawPointer' to a variable of type 'Optional<CFString>'; this is likely incorrect because 'Optional<CFString>' may contain an object reference.
        guard AudioObjectGetPropertyData(device, &address, 0, nil, &size, &value) == noErr else { return nil }
                                                                          ^

SwiftCompile normal arm64 /Users/runner/work/orbit/orbit/NotchOrbitPlus/Sources/NotchOrbitPlus/Tools/Tracking/PackageTrackerTool.swift (in target 'NotchOrbitPlus' from project 'NotchOrbitPlus')
    cd /Users/runner/work/orbit/orbit/NotchOrbitPlus
    

SwiftCompile normal arm64 /Users/runner/work/orbit/orbit/NotchOrbitPlus/Sources/NotchOrbitPlus/Tools/Tracking/ProviderReadOnlyHTTPS.swift (in target 'NotchOrbitPlus' from project 'NotchOrbitPlus')
    cd /Users/runner/work/orbit/orbit/NotchOrbitPlus
    

SwiftCompile normal arm64 /Users/runner/work/orbit/orbit/NotchOrbitPlus/Sources/NotchOrbitPlus/Tools/Translation/TranslationTool.swift (in target 'NotchOrbitPlus' from project 'NotchOrbitPlus')
    cd /Users/runner/work/orbit/orbit/NotchOrbitPlus
    

SwiftCompile normal arm64 /Users/runner/work/orbit/orbit/NotchOrbitPlus/Sources/NotchOrbitPlus/Tools/Travel/TravelStatusTool.swift (in target 'NotchOrbitPlus' from project 'NotchOrbitPlus')
    cd /Users/runner/work/orbit/orbit/NotchOrbitPlus
    

SwiftCompile normal arm64 /Users/runner/work/orbit/orbit/NotchOrbitPlus/Sources/NotchOrbitPlus/Tools/VerificationCodes/VerificationCodesToolView.swift (in target 'NotchOrbitPlus' from project 'NotchOrbitPlus')
    cd /Users/runner/work/orbit/orbit/NotchOrbitPlus
    

SwiftCompile normal arm64 /Users/runner/work/orbit/orbit/NotchOrbitPlus/Sources/NotchOrbitPlus/Tools/Workflows/WorkflowRunner.swift (in target 'NotchOrbitPlus' from project 'NotchOrbitPlus')
    cd /Users/runner/work/orbit/orbit/NotchOrbitPlus
    

SwiftCompile normal arm64 /Users/runner/work/orbit/orbit/NotchOrbitPlus/Sources/NotchOrbitPlus/Tools/Workflows/WorkflowStore.swift (in target 'NotchOrbitPlus' from project 'NotchOrbitPlus')
    cd /Users/runner/work/orbit/orbit/NotchOrbitPlus
    

SwiftCompile normal arm64 /Users/runner/work/orbit/orbit/NotchOrbitPlus/Sources/NotchOrbitPlus/Tools/Workflows/WorkflowsToolView.swift (in target 'NotchOrbitPlus' from project 'NotchOrbitPlus')
    cd /Users/runner/work/orbit/orbit/NotchOrbitPlus
    

SwiftCompile normal arm64 /Users/runner/work/orbit/orbit/NotchOrbitPlus/Sources/NotchOrbitPlus/UI/NotchUtilityViews.swift (in target 'NotchOrbitPlus' from project 'NotchOrbitPlus')
    cd /Users/runner/work/orbit/orbit/NotchOrbitPlus
    

SwiftCompile normal arm64 Compiling\ SystemTool.swift,\ AIUsageTool.swift,\ CodexQuotaReader.swift,\ GithubActionsTool.swift,\ OnlineServiceSupport.swift,\ SalesTool.swift,\ WeatherStocksTools.swift,\ CalendarTools.swift,\ FocusAppHiding.swift,\ FocusStatsTool.swift,\ MeetingService.swift,\ TimerTools.swift,\ WorldClockTool.swift,\ PluginSandbox.swift,\ PluginsToolView.swift,\ QRImageCodec.swift,\ QRToolStore.swift,\ QRToolView.swift,\ GlobalSearchToolView.swift,\ AppearanceSettings.swift,\ LivePrioritySettings.swift,\ PlusPortableDefaults.swift /Users/runner/work/orbit/orbit/NotchOrbitPlus/Sources/NotchOrbitPlus/Tools/NativeUtilities/SystemTool.swift /Users/runner/work/orbit/orbit/NotchOrbitPlus/Sources/NotchOrbitPlus/Tools/OnlineServices/AIUsageTool.swift /Users/runner/work/orbit/orbit/NotchOrbitPlus/Sources/NotchOrbitPlus/Tools/OnlineServices/CodexQuotaReader.swift /Users/runner/work/orbit/orbit/NotchOrbitPlus/Sources/NotchOrbitPlus/Tools/OnlineServices/GithubActionsTool.swift /Users/runner/work/orbit/orbit/NotchOrbitPlus/Sources/NotchOrbitPlus/Tools/OnlineServices/OnlineServiceSupport.swift /Users/runner/work/orbit/orbit/NotchOrbitPlus/Sources/NotchOrbitPlus/Tools/OnlineServices/SalesTool.swift /Users/runner/work/orbit/orbit/NotchOrbitPlus/Sources/NotchOrbitPlus/Tools/OnlineServices/WeatherStocksTools.swift /Users/runner/work/orbit/orbit/NotchOrbitPlus/Sources/NotchOrbitPlus/Tools/Planning/CalendarTools.swift /Users/runner/work/orbit/orbit/NotchOrbitPlus/Sources/NotchOrbitPlus/Tools/Planning/FocusAppHiding.swift /Users/runner/work/orbit/orbit/NotchOrbitPlus/Sources/NotchOrbitPlus/Tools/Planning/FocusStatsTool.swift /Users/runner/work/orbit/orbit/NotchOrbitPlus/Sources/NotchOrbitPlus/Tools/Planning/MeetingService.swift /Users/runner/work/orbit/orbit/NotchOrbitPlus/Sources/NotchOrbitPlus/Tools/Planning/TimerTools.swift /Users/runner/work/orbit/orbit/NotchOrbitPlus/Sources/NotchOrbitPlus/Tools/Planning/WorldClockTool.swift /Users/runner/work/orbit/orbit/NotchOrbitPlus/Sources/NotchOrbitPlus/Tools/Plugins/PluginSandbox.swift /Users/runner/work/orbit/orbit/NotchOrbitPlus/Sources/NotchOrbitPlus/Tools/Plugins/PluginsToolView.swift /Users/runner/work/orbit/orbit/NotchOrbitPlus/Sources/NotchOrbitPlus/Tools/QR/QRImageCodec.swift /Users/runner/work/orbit/orbit/NotchOrbitPlus/Sources/NotchOrbitPlus/Tools/QR/QRToolStore.swift /Users/runner/work/orbit/orbit/NotchOrbitPlus/Sources/NotchOrbitPlus/Tools/QR/QRToolView.swift /Users/runner/work/orbit/orbit/NotchOrbitPlus/Sources/NotchOrbitPlus/Tools/Search/GlobalSearchToolView.swift /Users/runner/work/orbit/orbit/NotchOrbitPlus/Sources/NotchOrbitPlus/Tools/Settings/AppearanceSettings.swift /Users/runner/work/orbit/orbit/NotchOrbitPlus/Sources/NotchOrbitPlus/Tools/Settings/LivePrioritySettings.swift /Users/runner/work/orbit/orbit/NotchOrbitPlus/Sources/NotchOrbitPlus/Tools/Settings/PlusPortableDefaults.swift (in target 'NotchOrbitPlus' from project 'NotchOrbitPlus')
SwiftCompile normal arm64 /Users/runner/work/orbit/orbit/NotchOrbitPlus/Sources/NotchOrbitPlus/Tools/NativeUtilities/SystemTool.swift (in target 'NotchOrbitPlus' from project 'NotchOrbitPlus')
    cd /Users/runner/work/orbit/orbit/NotchOrbitPlus
    

SwiftCompile normal arm64 /Users/runner/work/orbit/orbit/NotchOrbitPlus/Sources/NotchOrbitPlus/Tools/OnlineServices/AIUsageTool.swift (in target 'NotchOrbitPlus' from project 'NotchOrbitPlus')
    cd /Users/runner/work/orbit/orbit/NotchOrbitPlus
    

SwiftCompile normal arm64 /Users/runner/work/orbit/orbit/NotchOrbitPlus/Sources/NotchOrbitPlus/Tools/OnlineServices/CodexQuotaReader.swift (in target 'NotchOrbitPlus' from project 'NotchOrbitPlus')
    cd /Users/runner/work/orbit/orbit/NotchOrbitPlus
    

SwiftCompile normal arm64 /Users/runner/work/orbit/orbit/NotchOrbitPlus/Sources/NotchOrbitPlus/Tools/OnlineServices/GithubActionsTool.swift (in target 'NotchOrbitPlus' from project 'NotchOrbitPlus')
    cd /Users/runner/work/orbit/orbit/NotchOrbitPlus
    

SwiftCompile normal arm64 /Users/runner/work/orbit/orbit/NotchOrbitPlus/Sources/NotchOrbitPlus/Tools/OnlineServices/OnlineServiceSupport.swift (in target 'NotchOrbitPlus' from project 'NotchOrbitPlus')
    cd /Users/runner/work/orbit/orbit/NotchOrbitPlus
    
/Users/runner/work/orbit/orbit/NotchOrbitPlus/Sources/NotchOrbitPlus/Tools/OnlineServices/OnlineServiceSupport.swift:12:48: warning: 'kSecUseAuthenticationUIFail' was deprecated in macOS 11.0: Instead of kSecUseAuthenticationUI, use kSecUseAuthenticationContext and set LAContext.interactionNotAllowed property
            kSecUseAuthenticationUI as String: kSecUseAuthenticationUIFail]
                                               ^

SwiftCompile normal arm64 /Users/runner/work/orbit/orbit/NotchOrbitPlus/Sources/NotchOrbitPlus/Tools/OnlineServices/SalesTool.swift (in target 'NotchOrbitPlus' from project 'NotchOrbitPlus')
    cd /Users/runner/work/orbit/orbit/NotchOrbitPlus
    

SwiftCompile normal arm64 /Users/runner/work/orbit/orbit/NotchOrbitPlus/Sources/NotchOrbitPlus/Tools/OnlineServices/WeatherStocksTools.swift (in target 'NotchOrbitPlus' from project 'NotchOrbitPlus')
    cd /Users/runner/work/orbit/orbit/NotchOrbitPlus
    

SwiftCompile normal arm64 /Users/runner/work/orbit/orbit/NotchOrbitPlus/Sources/NotchOrbitPlus/Tools/Planning/CalendarTools.swift (in target 'NotchOrbitPlus' from project 'NotchOrbitPlus')
    cd /Users/runner/work/orbit/orbit/NotchOrbitPlus
    

SwiftCompile normal arm64 /Users/runner/work/orbit/orbit/NotchOrbitPlus/Sources/NotchOrbitPlus/Tools/Planning/FocusAppHiding.swift (in target 'NotchOrbitPlus' from project 'NotchOrbitPlus')
    cd /Users/runner/work/orbit/orbit/NotchOrbitPlus
    

SwiftCompile normal arm64 /Users/runner/work/orbit/orbit/NotchOrbitPlus/Sources/NotchOrbitPlus/Tools/Planning/FocusStatsTool.swift (in target 'NotchOrbitPlus' from project 'NotchOrbitPlus')
    cd /Users/runner/work/orbit/orbit/NotchOrbitPlus
    

SwiftCompile normal arm64 /Users/runner/work/orbit/orbit/NotchOrbitPlus/Sources/NotchOrbitPlus/Tools/Planning/MeetingService.swift (in target 'NotchOrbitPlus' from project 'NotchOrbitPlus')
    cd /Users/runner/work/orbit/orbit/NotchOrbitPlus
    

SwiftCompile normal arm64 /Users/runner/work/orbit/orbit/NotchOrbitPlus/Sources/NotchOrbitPlus/Tools/Planning/TimerTools.swift (in target 'NotchOrbitPlus' from project 'NotchOrbitPlus')
    cd /Users/runner/work/orbit/orbit/NotchOrbitPlus
    

SwiftCompile normal arm64 /Users/runner/work/orbit/orbit/NotchOrbitPlus/Sources/NotchOrbitPlus/Tools/Planning/WorldClockTool.swift (in target 'NotchOrbitPlus' from project 'NotchOrbitPlus')
    cd /Users/runner/work/orbit/orbit/NotchOrbitPlus
    

SwiftCompile normal arm64 /Users/runner/work/orbit/orbit/NotchOrbitPlus/Sources/NotchOrbitPlus/Tools/Plugins/PluginSandbox.swift (in target 'NotchOrbitPlus' from project 'NotchOrbitPlus')
    cd /Users/runner/work/orbit/orbit/NotchOrbitPlus
    

SwiftCompile normal arm64 /Users/runner/work/orbit/orbit/NotchOrbitPlus/Sources/NotchOrbitPlus/Tools/Plugins/PluginsToolView.swift (in target 'NotchOrbitPlus' from project 'NotchOrbitPlus')
    cd /Users/runner/work/orbit/orbit/NotchOrbitPlus
    

SwiftCompile normal arm64 /Users/runner/work/orbit/orbit/NotchOrbitPlus/Sources/NotchOrbitPlus/Tools/QR/QRImageCodec.swift (in target 'NotchOrbitPlus' from project 'NotchOrbitPlus')
    cd /Users/runner/work/orbit/orbit/NotchOrbitPlus
    

SwiftCompile normal arm64 /Users/runner/work/orbit/orbit/NotchOrbitPlus/Sources/NotchOrbitPlus/Tools/QR/QRToolStore.swift (in target 'NotchOrbitPlus' from project 'NotchOrbitPlus')
    cd /Users/runner/work/orbit/orbit/NotchOrbitPlus
    

SwiftCompile normal arm64 /Users/runner/work/orbit/orbit/NotchOrbitPlus/Sources/NotchOrbitPlus/Tools/QR/QRToolView.swift (in target 'NotchOrbitPlus' from project 'NotchOrbitPlus')
    cd /Users/runner/work/orbit/orbit/NotchOrbitPlus
    

SwiftCompile normal arm64 /Users/runner/work/orbit/orbit/NotchOrbitPlus/Sources/NotchOrbitPlus/Tools/Search/GlobalSearchToolView.swift (in target 'NotchOrbitPlus' from project 'NotchOrbitPlus')
    cd /Users/runner/work/orbit/orbit/NotchOrbitPlus
    

SwiftCompile normal arm64 /Users/runner/work/orbit/orbit/NotchOrbitPlus/Sources/NotchOrbitPlus/Tools/Settings/AppearanceSettings.swift (in target 'NotchOrbitPlus' from project 'NotchOrbitPlus')
    cd /Users/runner/work/orbit/orbit/NotchOrbitPlus
    

SwiftCompile normal arm64 /Users/runner/work/orbit/orbit/NotchOrbitPlus/Sources/NotchOrbitPlus/Tools/Settings/LivePrioritySettings.swift (in target 'NotchOrbitPlus' from project 'NotchOrbitPlus')
    cd /Users/runner/work/orbit/orbit/NotchOrbitPlus
    

SwiftCompile normal arm64 /Users/runner/work/orbit/orbit/NotchOrbitPlus/Sources/NotchOrbitPlus/Tools/Settings/PlusPortableDefaults.swift (in target 'NotchOrbitPlus' from project 'NotchOrbitPlus')
    cd /Users/runner/work/orbit/orbit/NotchOrbitPlus
    

SwiftDriverJobDiscovery normal arm64 Emitting module for NotchOrbitPlus (in target 'NotchOrbitPlus' from project 'NotchOrbitPlus')

SwiftDriver\ Compilation\ Requirements NotchOrbitPlus normal arm64 com.apple.xcode.tools.swift.compiler (in target 'NotchOrbitPlus' from project 'NotchOrbitPlus')
    cd /Users/runner/work/orbit/orbit/NotchOrbitPlus
    builtin-Swift-Compilation-Requirements -- /Applications/Xcode_26.6.app/Contents/Developer/Toolchains/XcodeDefault.xctoolchain/usr/bin/swiftc -module-name NotchOrbitPlus -Onone @/Users/runner/work/orbit/orbit/NotchOrbitPlus/build/DerivedData/Build/Intermediates.noindex/NotchOrbitPlus.build/Debug/NotchOrbitPlus.build/Objects-normal/arm64/NotchOrbitPlus.SwiftFileList -DDEBUG -enable-experimental-feature DebugDescriptionMacro -sdk /Applications/Xcode_26.6.app/Contents/Developer/Platforms/MacOSX.platform/Developer/SDKs/MacOSX26.5.sdk -target arm64-apple-macos14.0 -g -module-cache-path /Users/runner/work/orbit/orbit/NotchOrbitPlus/build/DerivedData/ModuleCache.noindex -Xfrontend -serialize-debugging-options -enable-testing -index-store-path /Users/runner/work/orbit/orbit/NotchOrbitPlus/build/DerivedData/Index.noindex/DataStore -swift-version 6 -I /Users/runner/work/orbit/orbit/NotchOrbitPlus/build/DerivedData/Build/Products/Debug -I /Users/runner/work/orbit/orbit/NotchOrbitPlus/build/DerivedData/Build/Products/Debug -F /Users/runner/work/orbit/orbit/NotchOrbitPlus/build/DerivedData/Build/Products/Debug -c -j3 -enable-batch-mode -incremental -Xcc -ivfsstatcache -Xcc /Users/runner/work/orbit/orbit/NotchOrbitPlus/build/DerivedData/SDKStatCaches.noindex/macosx26.5-25F70-688ef53f1462e2c8f657fdc38a81448fee0e6409aa6676c5e6c013d148225433.sdkstatcache -output-file-map /Users/runner/work/orbit/orbit/NotchOrbitPlus/build/DerivedData/Build/Intermediates.noindex/NotchOrbitPlus.build/Debug/NotchOrbitPlus.build/Objects-normal/arm64/NotchOrbitPlus-OutputFileMap.json -use-frontend-parseable-output -save-temps -no-color-diagnostics -explicit-module-build -module-cache-path /Users/runner/work/orbit/orbit/NotchOrbitPlus/build/DerivedData/Build/Intermediates.noindex/SwiftExplicitPrecompiledModules -clang-scanner-module-cache-path /Users/runner/work/orbit/orbit/NotchOrbitPlus/build/DerivedData/ModuleCache.noindex -sdk-module-cache-path /Users/runner/work/orbit/orbit/NotchOrbitPlus/build/DerivedData/ModuleCache.noindex -serialize-diagnostics -emit-dependencies -emit-module -emit-module-path /Users/runner/work/orbit/orbit/NotchOrbitPlus/build/DerivedData/Build/Intermediates.noindex/NotchOrbitPlus.build/Debug/NotchOrbitPlus.build/Objects-normal/arm64/NotchOrbitPlus.swiftmodule -validate-clang-modules-once -clang-build-session-file /Users/runner/work/orbit/orbit/NotchOrbitPlus/build/DerivedData/ModuleCache.noindex/Session.modulevalidation -Xcc -I/Users/runner/work/orbit/orbit/NotchOrbitPlus/build/DerivedData/Build/Intermediates.noindex/NotchOrbitPlus.build/Debug/NotchOrbitPlus.build/swift-overrides.hmap -emit-const-values -Xfrontend -const-gather-protocols-file -Xfrontend /Users/runner/work/orbit/orbit/NotchOrbitPlus/build/DerivedData/Build/Intermediates.noindex/NotchOrbitPlus.build/Debug/NotchOrbitPlus.build/Objects-normal/arm64/NotchOrbitPlus_const_extract_protocols.json -Xcc -iquote -Xcc /Users/runner/work/orbit/orbit/NotchOrbitPlus/build/DerivedData/Build/Intermediates.noindex/NotchOrbitPlus.build/Debug/NotchOrbitPlus.build/NotchOrbitPlus-generated-files.hmap -Xcc -I/Users/runner/work/orbit/orbit/NotchOrbitPlus/build/DerivedData/Build/Intermediates.noindex/NotchOrbitPlus.build/Debug/NotchOrbitPlus.build/NotchOrbitPlus-own-target-headers.hmap -Xcc -I/Users/runner/work/orbit/orbit/NotchOrbitPlus/build/DerivedData/Build/Intermediates.noindex/NotchOrbitPlus.build/Debug/NotchOrbitPlus.build/NotchOrbitPlus-all-non-framework-target-headers.hmap -Xcc -ivfsoverlay -Xcc /Users/runner/work/orbit/orbit/NotchOrbitPlus/build/DerivedData/Build/Intermediates.noindex/NotchOrbitPlus.build/Debug/NotchOrbitPlus-f72668d2e0dd56b95fac80a5a9a4b360-VFS/all-product-headers.yaml -Xcc -iquote -Xcc /Users/runner/work/orbit/orbit/NotchOrbitPlus/build/DerivedData/Build/Intermediates.noindex/NotchOrbitPlus.build/Debug/NotchOrbitPlus.build/NotchOrbitPlus-project-headers.hmap -Xcc -I/Users/runner/work/orbit/orbit/NotchOrbitPlus/build/DerivedData/Build/Products/Debug/include -Xcc -I/Users/runner/work/orbit/orbit/build/WebP/include -Xcc -I/Users/runner/work/orbit/orbit/NotchOrbitPlus/build/DerivedData/Build/Intermediates.noindex/NotchOrbitPlus.build/Debug/NotchOrbitPlus.build/DerivedSources-normal/arm64 -Xcc -I/Users/runner/work/orbit/orbit/NotchOrbitPlus/build/DerivedData/Build/Intermediates.noindex/NotchOrbitPlus.build/Debug/NotchOrbitPlus.build/DerivedSources/arm64 -Xcc -I/Users/runner/work/orbit/orbit/NotchOrbitPlus/build/DerivedData/Build/Intermediates.noindex/NotchOrbitPlus.build/Debug/NotchOrbitPlus.build/DerivedSources -emit-objc-header -emit-objc-header-path /Users/runner/work/orbit/orbit/NotchOrbitPlus/build/DerivedData/Build/Intermediates.noindex/NotchOrbitPlus.build/Debug/NotchOrbitPlus.build/Objects-normal/arm64/NotchOrbitPlus-Swift.h -import-objc-header /Users/runner/work/orbit/orbit/Sources/OrbitDrop/WebPBridge.h -working-directory /Users/runner/work/orbit/orbit/NotchOrbitPlus -experimental-emit-module-separately -disable-cmo

SwiftDriverJobDiscovery normal arm64 Compiling AssistantFileIO.swift, AssistantFilesStore.swift, AssistantFilesToolView.swift, CaptureAreaSelector.swift, CaptureMovieWriter.swift, CaptureToolVisibility.swift, ScreenshotShelfStore.swift, ScreenshotShelfToolView.swift, ClipboardTransformToolView.swift, ColorPickerStore.swift, ColorPickerToolView.swift, ContextTool.swift, DictationHoldShortcut.swift, DictationNativeSession.swift, DictationToolStore.swift, DictationToolView.swift, PlusOnboardingView.swift, PlusUpdateInstaller.swift, PlusUpdateService.swift, HabitsToolView.swift, LauncherBookmarks.swift, QuickLauncherTool.swift (in target 'NotchOrbitPlus' from project 'NotchOrbitPlus')

SwiftCompile normal arm64 Compiling\ ClipboardImageOCR.swift,\ ClipboardToolView.swift,\ ConverterToolView.swift,\ CurrencyConverterTool.swift,\ EmojiToolView.swift,\ FileShelfToolView.swift,\ LocalProductivityLifecycle.swift,\ LocalToolStorage.swift,\ OrbitInboxStore.swift,\ QuickNoteToolView.swift,\ ShelfCollectionsStore.swift,\ ShelfQuickLookController.swift,\ ShelfSettingsView.swift,\ ToDosToolView.swift,\ AssistantTool.swift,\ MirrorTool.swift,\ NativeToolVisibility.swift,\ NowPlayingTool.swift,\ PlusLRCLyricsClient.swift,\ PlusMediaRemoteSource.swift,\ PlusSpotifyArtworkClient.swift,\ ShortcutsTool.swift /Users/runner/work/orbit/orbit/NotchOrbitPlus/Sources/NotchOrbitPlus/Tools/LocalProductivity/ClipboardImageOCR.swift /Users/runner/work/orbit/orbit/NotchOrbitPlus/Sources/NotchOrbitPlus/Tools/LocalProductivity/ClipboardToolView.swift /Users/runner/work/orbit/orbit/NotchOrbitPlus/Sources/NotchOrbitPlus/Tools/LocalProductivity/ConverterToolView.swift /Users/runner/work/orbit/orbit/NotchOrbitPlus/Sources/NotchOrbitPlus/Tools/LocalProductivity/CurrencyConverterTool.swift /Users/runner/work/orbit/orbit/NotchOrbitPlus/Sources/NotchOrbitPlus/Tools/LocalProductivity/EmojiToolView.swift /Users/runner/work/orbit/orbit/NotchOrbitPlus/Sources/NotchOrbitPlus/Tools/LocalProductivity/FileShelfToolView.swift /Users/runner/work/orbit/orbit/NotchOrbitPlus/Sources/NotchOrbitPlus/Tools/LocalProductivity/LocalProductivityLifecycle.swift /Users/runner/work/orbit/orbit/NotchOrbitPlus/Sources/NotchOrbitPlus/Tools/LocalProductivity/LocalToolStorage.swift /Users/runner/work/orbit/orbit/NotchOrbitPlus/Sources/NotchOrbitPlus/Tools/LocalProductivity/OrbitInboxStore.swift /Users/runner/work/orbit/orbit/NotchOrbitPlus/Sources/NotchOrbitPlus/Tools/LocalProductivity/QuickNoteToolView.swift /Users/runner/work/orbit/orbit/NotchOrbitPlus/Sources/NotchOrbitPlus/Tools/LocalProductivity/ShelfCollectionsStore.swift /Users/runner/work/orbit/orbit/NotchOrbitPlus/Sources/NotchOrbitPlus/Tools/LocalProductivity/ShelfQuickLookController.swift /Users/runner/work/orbit/orbit/NotchOrbitPlus/Sources/NotchOrbitPlus/Tools/LocalProductivity/ShelfSettingsView.swift /Users/runner/work/orbit/orbit/NotchOrbitPlus/Sources/NotchOrbitPlus/Tools/LocalProductivity/ToDosToolView.swift /Users/runner/work/orbit/orbit/NotchOrbitPlus/Sources/NotchOrbitPlus/Tools/NativeUtilities/AssistantTool.swift /Users/runner/work/orbit/orbit/NotchOrbitPlus/Sources/NotchOrbitPlus/Tools/NativeUtilities/MirrorTool.swift /Users/runner/work/orbit/orbit/NotchOrbitPlus/Sources/NotchOrbitPlus/Tools/NativeUtilities/NativeToolVisibility.swift /Users/runner/work/orbit/orbit/NotchOrbitPlus/Sources/NotchOrbitPlus/Tools/NativeUtilities/NowPlayingTool.swift /Users/runner/work/orbit/orbit/NotchOrbitPlus/Sources/NotchOrbitPlus/Tools/NativeUtilities/PlusLRCLyricsClient.swift /Users/runner/work/orbit/orbit/NotchOrbitPlus/Sources/NotchOrbitPlus/Tools/NativeUtilities/PlusMediaRemoteSource.swift /Users/runner/work/orbit/orbit/NotchOrbitPlus/Sources/NotchOrbitPlus/Tools/NativeUtilities/PlusSpotifyArtworkClient.swift /Users/runner/work/orbit/orbit/NotchOrbitPlus/Sources/NotchOrbitPlus/Tools/NativeUtilities/ShortcutsTool.swift (in target 'NotchOrbitPlus' from project 'NotchOrbitPlus')
SwiftCompile normal arm64 /Users/runner/work/orbit/orbit/NotchOrbitPlus/Sources/NotchOrbitPlus/Tools/LocalProductivity/ClipboardImageOCR.swift (in target 'NotchOrbitPlus' from project 'NotchOrbitPlus')
    cd /Users/runner/work/orbit/orbit/NotchOrbitPlus
    

SwiftCompile normal arm64 /Users/runner/work/orbit/orbit/NotchOrbitPlus/Sources/NotchOrbitPlus/Tools/LocalProductivity/ClipboardToolView.swift (in target 'NotchOrbitPlus' from project 'NotchOrbitPlus')
    cd /Users/runner/work/orbit/orbit/NotchOrbitPlus
    

SwiftCompile normal arm64 /Users/runner/work/orbit/orbit/NotchOrbitPlus/Sources/NotchOrbitPlus/Tools/LocalProductivity/ConverterToolView.swift (in target 'NotchOrbitPlus' from project 'NotchOrbitPlus')
    cd /Users/runner/work/orbit/orbit/NotchOrbitPlus
    

SwiftCompile normal arm64 /Users/runner/work/orbit/orbit/NotchOrbitPlus/Sources/NotchOrbitPlus/Tools/LocalProductivity/CurrencyConverterTool.swift (in target 'NotchOrbitPlus' from project 'NotchOrbitPlus')
    cd /Users/runner/work/orbit/orbit/NotchOrbitPlus
    

SwiftCompile normal arm64 /Users/runner/work/orbit/orbit/NotchOrbitPlus/Sources/NotchOrbitPlus/Tools/LocalProductivity/EmojiToolView.swift (in target 'NotchOrbitPlus' from project 'NotchOrbitPlus')
    cd /Users/runner/work/orbit/orbit/NotchOrbitPlus
    

SwiftCompile normal arm64 /Users/runner/work/orbit/orbit/NotchOrbitPlus/Sources/NotchOrbitPlus/Tools/LocalProductivity/FileShelfToolView.swift (in target 'NotchOrbitPlus' from project 'NotchOrbitPlus')
    cd /Users/runner/work/orbit/orbit/NotchOrbitPlus
    

SwiftCompile normal arm64 /Users/runner/work/orbit/orbit/NotchOrbitPlus/Sources/NotchOrbitPlus/Tools/LocalProductivity/LocalProductivityLifecycle.swift (in target 'NotchOrbitPlus' from project 'NotchOrbitPlus')
    cd /Users/runner/work/orbit/orbit/NotchOrbitPlus
    

SwiftCompile normal arm64 /Users/runner/work/orbit/orbit/NotchOrbitPlus/Sources/NotchOrbitPlus/Tools/LocalProductivity/LocalToolStorage.swift (in target 'NotchOrbitPlus' from project 'NotchOrbitPlus')
    cd /Users/runner/work/orbit/orbit/NotchOrbitPlus
    

SwiftCompile normal arm64 /Users/runner/work/orbit/orbit/NotchOrbitPlus/Sources/NotchOrbitPlus/Tools/LocalProductivity/OrbitInboxStore.swift (in target 'NotchOrbitPlus' from project 'NotchOrbitPlus')
    cd /Users/runner/work/orbit/orbit/NotchOrbitPlus
    

SwiftCompile normal arm64 /Users/runner/work/orbit/orbit/NotchOrbitPlus/Sources/NotchOrbitPlus/Tools/LocalProductivity/QuickNoteToolView.swift (in target 'NotchOrbitPlus' from project 'NotchOrbitPlus')
    cd /Users/runner/work/orbit/orbit/NotchOrbitPlus
    

SwiftCompile normal arm64 /Users/runner/work/orbit/orbit/NotchOrbitPlus/Sources/NotchOrbitPlus/Tools/LocalProductivity/ShelfCollectionsStore.swift (in target 'NotchOrbitPlus' from project 'NotchOrbitPlus')
    cd /Users/runner/work/orbit/orbit/NotchOrbitPlus
    

SwiftCompile normal arm64 /Users/runner/work/orbit/orbit/NotchOrbitPlus/Sources/NotchOrbitPlus/Tools/LocalProductivity/ShelfQuickLookController.swift (in target 'NotchOrbitPlus' from project 'NotchOrbitPlus')
    cd /Users/runner/work/orbit/orbit/NotchOrbitPlus
    
/Users/runner/work/orbit/orbit/NotchOrbitPlus/Sources/NotchOrbitPlus/Tools/LocalProductivity/ShelfQuickLookController.swift:70:83: warning: main actor-isolated property 'previewURLs' can not be referenced from a nonisolated context
    override func acceptsPreviewPanelControl(_ panel: QLPreviewPanel!) -> Bool { !previewURLs.isEmpty }
                                                                                  ^
/Users/runner/work/orbit/orbit/NotchOrbitPlus/Sources/NotchOrbitPlus/Tools/LocalProductivity/ShelfQuickLookController.swift:11:22: note: property declared here
    private(set) var previewURLs: [URL] = []
                     ^
/Users/runner/work/orbit/orbit/NotchOrbitPlus/Sources/NotchOrbitPlus/Tools/LocalProductivity/ShelfQuickLookController.swift:72:27: warning: main actor-isolated property 'previewURLs' can not be referenced from a nonisolated context
        guard let panel, !previewURLs.isEmpty else { return }
                          ^
/Users/runner/work/orbit/orbit/NotchOrbitPlus/Sources/NotchOrbitPlus/Tools/LocalProductivity/ShelfQuickLookController.swift:11:22: note: property declared here
    private(set) var previewURLs: [URL] = []
                     ^
/Users/runner/work/orbit/orbit/NotchOrbitPlus/Sources/NotchOrbitPlus/Tools/LocalProductivity/ShelfQuickLookController.swift:73:9: warning: main actor-isolated property 'controlledPanel' can not be mutated from a nonisolated context
        controlledPanel = panel
        ^
/Users/runner/work/orbit/orbit/NotchOrbitPlus/Sources/NotchOrbitPlus/Tools/LocalProductivity/ShelfQuickLookController.swift:15:22: note: mutation of this property is only permitted within the actor
    private weak var controlledPanel: QLPreviewPanel?
                     ^
/Users/runner/work/orbit/orbit/NotchOrbitPlus/Sources/NotchOrbitPlus/Tools/LocalProductivity/ShelfQuickLookController.swift:74:15: warning: main actor-isolated property 'dataSource' can not be mutated from a nonisolated context
        panel.dataSource = self
              ^
/Applications/Xcode_26.6.app/Contents/Developer/Platforms/MacOSX.platform/Developer/SDKs/MacOSX26.5.sdk/System/Library/Frameworks/QuickLookUI.framework/Headers/QLPreviewPanel.h:104:49: note: mutation of this property is only permitted within the actor
@property(assign) id <QLPreviewPanelDataSource> dataSource;
                                                ^
/Users/runner/work/orbit/orbit/NotchOrbitPlus/Sources/NotchOrbitPlus/Tools/LocalProductivity/ShelfQuickLookController.swift:75:15: warning: main actor-isolated property 'delegate' can not be mutated from a nonisolated context
        panel.delegate = self
              ^
/Applications/Xcode_26.6.app/Contents/Developer/Platforms/MacOSX.platform/Developer/SDKs/MacOSX26.5.sdk/System/Library/Frameworks/QuickLookUI.framework/Headers/QLPreviewPanel.h:169:53: note: mutation of this property is only permitted within the actor
@property(assign) id /** <QLPreviewPanelDelegate>*/ delegate;
                                                    ^
/Users/runner/work/orbit/orbit/NotchOrbitPlus/Sources/NotchOrbitPlus/Tools/LocalProductivity/ShelfQuickLookController.swift:78:29: warning: main actor-isolated property 'dataSource' can not be referenced from a nonisolated context
        if let panel, panel.dataSource === self {
                            ^
/Applications/Xcode_26.6.app/Contents/Developer/Platforms/MacOSX.platform/Developer/SDKs/MacOSX26.5.sdk/System/Library/Frameworks/QuickLookUI.framework/Headers/QLPreviewPanel.h:104:49: note: property declared here
@property(assign) id <QLPreviewPanelDataSource> dataSource;
                                                ^
/Users/runner/work/orbit/orbit/NotchOrbitPlus/Sources/NotchOrbitPlus/Tools/LocalProductivity/ShelfQuickLookController.swift:79:19: warning: main actor-isolated property 'dataSource' can not be mutated from a nonisolated context
            panel.dataSource = nil
                  ^
/Applications/Xcode_26.6.app/Contents/Developer/Platforms/MacOSX.platform/Developer/SDKs/MacOSX26.5.sdk/System/Library/Frameworks/QuickLookUI.framework/Headers/QLPreviewPanel.h:104:49: note: mutation of this property is only permitted within the actor
@property(assign) id <QLPreviewPanelDataSource> dataSource;
                                                ^
/Users/runner/work/orbit/orbit/NotchOrbitPlus/Sources/NotchOrbitPlus/Tools/LocalProductivity/ShelfQuickLookController.swift:80:19: warning: main actor-isolated property 'delegate' can not be mutated from a nonisolated context
            panel.delegate = nil
                  ^
/Applications/Xcode_26.6.app/Contents/Developer/Platforms/MacOSX.platform/Developer/SDKs/MacOSX26.5.sdk/System/Library/Frameworks/QuickLookUI.framework/Headers/QLPreviewPanel.h:169:53: note: mutation of this property is only permitted within the actor
@property(assign) id /** <QLPreviewPanelDelegate>*/ delegate;
                                                    ^
/Users/runner/work/orbit/orbit/NotchOrbitPlus/Sources/NotchOrbitPlus/Tools/LocalProductivity/ShelfQuickLookController.swift:82:9: warning: call to main actor-isolated instance method 'releaseControl()' in a synchronous nonisolated context
        releaseControl()
        ^
/Users/runner/work/orbit/orbit/NotchOrbitPlus/Sources/NotchOrbitPlus/Tools/LocalProductivity/ShelfQuickLookController.swift:97:18: note: calls to instance method 'releaseControl()' from outside of its actor context are implicitly asynchronous
    private func releaseControl() {
                 ^

SwiftCompile normal arm64 /Users/runner/work/orbit/orbit/NotchOrbitPlus/Sources/NotchOrbitPlus/Tools/LocalProductivity/ShelfSettingsView.swift (in target 'NotchOrbitPlus' from project 'NotchOrbitPlus')
    cd /Users/runner/work/orbit/orbit/NotchOrbitPlus
    

SwiftCompile normal arm64 /Users/runner/work/orbit/orbit/NotchOrbitPlus/Sources/NotchOrbitPlus/Tools/LocalProductivity/ToDosToolView.swift (in target 'NotchOrbitPlus' from project 'NotchOrbitPlus')
    cd /Users/runner/work/orbit/orbit/NotchOrbitPlus
    

SwiftCompile normal arm64 /Users/runner/work/orbit/orbit/NotchOrbitPlus/Sources/NotchOrbitPlus/Tools/NativeUtilities/AssistantTool.swift (in target 'NotchOrbitPlus' from project 'NotchOrbitPlus')
    cd /Users/runner/work/orbit/orbit/NotchOrbitPlus
    

SwiftCompile normal arm64 /Users/runner/work/orbit/orbit/NotchOrbitPlus/Sources/NotchOrbitPlus/Tools/NativeUtilities/MirrorTool.swift (in target 'NotchOrbitPlus' from project 'NotchOrbitPlus')
    cd /Users/runner/work/orbit/orbit/NotchOrbitPlus
    

SwiftCompile normal arm64 /Users/runner/work/orbit/orbit/NotchOrbitPlus/Sources/NotchOrbitPlus/Tools/NativeUtilities/NativeToolVisibility.swift (in target 'NotchOrbitPlus' from project 'NotchOrbitPlus')
    cd /Users/runner/work/orbit/orbit/NotchOrbitPlus
    

SwiftCompile normal arm64 /Users/runner/work/orbit/orbit/NotchOrbitPlus/Sources/NotchOrbitPlus/Tools/NativeUtilities/NowPlayingTool.swift (in target 'NotchOrbitPlus' from project 'NotchOrbitPlus')
    cd /Users/runner/work/orbit/orbit/NotchOrbitPlus
    

SwiftCompile normal arm64 /Users/runner/work/orbit/orbit/NotchOrbitPlus/Sources/NotchOrbitPlus/Tools/NativeUtilities/PlusLRCLyricsClient.swift (in target 'NotchOrbitPlus' from project 'NotchOrbitPlus')
    cd /Users/runner/work/orbit/orbit/NotchOrbitPlus
    

SwiftCompile normal arm64 /Users/runner/work/orbit/orbit/NotchOrbitPlus/Sources/NotchOrbitPlus/Tools/NativeUtilities/PlusMediaRemoteSource.swift (in target 'NotchOrbitPlus' from project 'NotchOrbitPlus')
    cd /Users/runner/work/orbit/orbit/NotchOrbitPlus
    

SwiftCompile normal arm64 /Users/runner/work/orbit/orbit/NotchOrbitPlus/Sources/NotchOrbitPlus/Tools/NativeUtilities/PlusSpotifyArtworkClient.swift (in target 'NotchOrbitPlus' from project 'NotchOrbitPlus')
    cd /Users/runner/work/orbit/orbit/NotchOrbitPlus
    

SwiftCompile normal arm64 /Users/runner/work/orbit/orbit/NotchOrbitPlus/Sources/NotchOrbitPlus/Tools/NativeUtilities/ShortcutsTool.swift (in target 'NotchOrbitPlus' from project 'NotchOrbitPlus')
    cd /Users/runner/work/orbit/orbit/NotchOrbitPlus
    

SwiftMergeGeneratedHeaders /Users/runner/work/orbit/orbit/NotchOrbitPlus/build/DerivedData/Build/Intermediates.noindex/NotchOrbitPlus.build/Debug/NotchOrbitPlus.build/DerivedSources/NotchOrbitPlus-Swift.h /Users/runner/work/orbit/orbit/NotchOrbitPlus/build/DerivedData/Build/Intermediates.noindex/NotchOrbitPlus.build/Debug/NotchOrbitPlus.build/Objects-normal/arm64/NotchOrbitPlus-Swift.h (in target 'NotchOrbitPlus' from project 'NotchOrbitPlus')
    cd /Users/runner/work/orbit/orbit/NotchOrbitPlus
    builtin-swiftHeaderTool -arch arm64 /Users/runner/work/orbit/orbit/NotchOrbitPlus/build/DerivedData/Build/Intermediates.noindex/NotchOrbitPlus.build/Debug/NotchOrbitPlus.build/Objects-normal/arm64/NotchOrbitPlus-Swift.h -o /Users/runner/work/orbit/orbit/NotchOrbitPlus/build/DerivedData/Build/Intermediates.noindex/NotchOrbitPlus.build/Debug/NotchOrbitPlus.build/DerivedSources/NotchOrbitPlus-Swift.h

SwiftDriverJobDiscovery normal arm64 Compiling PlusAppIntents.swift, PortableLibraryFile.swift, SnippetsToolView.swift, SportsScoresTool.swift, PlusSyncService.swift, SyncFolderIO.swift, SyncLocalTransaction.swift, SyncSettingsView.swift, DevicesTool.swift, NetworkTool.swift, StatusTool.swift, SystemControlsService.swift, SystemHardwareControls.swift, PackageTrackerTool.swift, ProviderReadOnlyHTTPS.swift, TranslationTool.swift, TravelStatusTool.swift, VerificationCodesToolView.swift, WorkflowRunner.swift, WorkflowStore.swift, WorkflowsToolView.swift, NotchUtilityViews.swift (in target 'NotchOrbitPlus' from project 'NotchOrbitPlus')

Copy /Users/runner/work/orbit/orbit/NotchOrbitPlus/build/DerivedData/Build/Products/Debug/NotchOrbitPlus.swiftmodule/arm64-apple-macos.swiftmodule /Users/runner/work/orbit/orbit/NotchOrbitPlus/build/DerivedData/Build/Intermediates.noindex/NotchOrbitPlus.build/Debug/NotchOrbitPlus.build/Objects-normal/arm64/NotchOrbitPlus.swiftmodule (in target 'NotchOrbitPlus' from project 'NotchOrbitPlus')
    cd /Users/runner/work/orbit/orbit/NotchOrbitPlus
    builtin-copy -exclude .DS_Store -exclude CVS -exclude .svn -exclude .git -exclude .hg -strip-unsigned-binaries -strip-deterministic -strip-tool /Applications/Xcode_26.6.app/Contents/Developer/Toolchains/XcodeDefault.xctoolchain/usr/bin/strip -resolve-src-symlinks -rename /Users/runner/work/orbit/orbit/NotchOrbitPlus/build/DerivedData/Build/Intermediates.noindex/NotchOrbitPlus.build/Debug/NotchOrbitPlus.build/Objects-normal/arm64/NotchOrbitPlus.swiftmodule /Users/runner/work/orbit/orbit/NotchOrbitPlus/build/DerivedData/Build/Products/Debug/NotchOrbitPlus.swiftmodule/arm64-apple-macos.swiftmodule

Copy /Users/runner/work/orbit/orbit/NotchOrbitPlus/build/DerivedData/Build/Products/Debug/NotchOrbitPlus.swiftmodule/arm64-apple-macos.swiftdoc /Users/runner/work/orbit/orbit/NotchOrbitPlus/build/DerivedData/Build/Intermediates.noindex/NotchOrbitPlus.build/Debug/NotchOrbitPlus.build/Objects-normal/arm64/NotchOrbitPlus.swiftdoc (in target 'NotchOrbitPlus' from project 'NotchOrbitPlus')
    cd /Users/runner/work/orbit/orbit/NotchOrbitPlus
    builtin-copy -exclude .DS_Store -exclude CVS -exclude .svn -exclude .git -exclude .hg -strip-unsigned-binaries -strip-deterministic -strip-tool /Applications/Xcode_26.6.app/Contents/Developer/Toolchains/XcodeDefault.xctoolchain/usr/bin/strip -resolve-src-symlinks -rename /Users/runner/work/orbit/orbit/NotchOrbitPlus/build/DerivedData/Build/Intermediates.noindex/NotchOrbitPlus.build/Debug/NotchOrbitPlus.build/Objects-normal/arm64/NotchOrbitPlus.swiftdoc /Users/runner/work/orbit/orbit/NotchOrbitPlus/build/DerivedData/Build/Products/Debug/NotchOrbitPlus.swiftmodule/arm64-apple-macos.swiftdoc

Copy /Users/runner/work/orbit/orbit/NotchOrbitPlus/build/DerivedData/Build/Products/Debug/NotchOrbitPlus.swiftmodule/arm64-apple-macos.abi.json /Users/runner/work/orbit/orbit/NotchOrbitPlus/build/DerivedData/Build/Intermediates.noindex/NotchOrbitPlus.build/Debug/NotchOrbitPlus.build/Objects-normal/arm64/NotchOrbitPlus.abi.json (in target 'NotchOrbitPlus' from project 'NotchOrbitPlus')
    cd /Users/runner/work/orbit/orbit/NotchOrbitPlus
    builtin-copy -exclude .DS_Store -exclude CVS -exclude .svn -exclude .git -exclude .hg -strip-unsigned-binaries -strip-deterministic -strip-tool /Applications/Xcode_26.6.app/Contents/Developer/Toolchains/XcodeDefault.xctoolchain/usr/bin/strip -resolve-src-symlinks -rename /Users/runner/work/orbit/orbit/NotchOrbitPlus/build/DerivedData/Build/Intermediates.noindex/NotchOrbitPlus.build/Debug/NotchOrbitPlus.build/Objects-normal/arm64/NotchOrbitPlus.abi.json /Users/runner/work/orbit/orbit/NotchOrbitPlus/build/DerivedData/Build/Products/Debug/NotchOrbitPlus.swiftmodule/arm64-apple-macos.abi.json

Copy /Users/runner/work/orbit/orbit/NotchOrbitPlus/build/DerivedData/Build/Products/Debug/NotchOrbitPlus.swiftmodule/Project/arm64-apple-macos.swiftsourceinfo /Users/runner/work/orbit/orbit/NotchOrbitPlus/build/DerivedData/Build/Intermediates.noindex/NotchOrbitPlus.build/Debug/NotchOrbitPlus.build/Objects-normal/arm64/NotchOrbitPlus.swiftsourceinfo (in target 'NotchOrbitPlus' from project 'NotchOrbitPlus')
    cd /Users/runner/work/orbit/orbit/NotchOrbitPlus
    builtin-copy -exclude .DS_Store -exclude CVS -exclude .svn -exclude .git -exclude .hg -strip-unsigned-binaries -strip-deterministic -strip-tool /Applications/Xcode_26.6.app/Contents/Developer/Toolchains/XcodeDefault.xctoolchain/usr/bin/strip -resolve-src-symlinks -rename /Users/runner/work/orbit/orbit/NotchOrbitPlus/build/DerivedData/Build/Intermediates.noindex/NotchOrbitPlus.build/Debug/NotchOrbitPlus.build/Objects-normal/arm64/NotchOrbitPlus.swiftsourceinfo /Users/runner/work/orbit/orbit/NotchOrbitPlus/build/DerivedData/Build/Products/Debug/NotchOrbitPlus.swiftmodule/Project/arm64-apple-macos.swiftsourceinfo

SwiftCompile normal arm64 Compiling\ AppModel.swift,\ ArchiveEngine.swift,\ FileEngine.swift,\ FileInspector.swift,\ ImageEngine.swift,\ MediaEngine.swift,\ OutputTransaction.swift,\ PDFEngine.swift,\ DashboardPreferences.swift,\ GlobalNotchShortcut.swift,\ LiveCompactView.swift,\ NotchDashboardController.swift,\ NotchDashboardView.swift,\ PlusFullscreenDetection.swift,\ PlusIntegration.swift,\ NotchDragMonitor.swift,\ NotchPanelController.swift,\ NotchScreenLayout.swift,\ NotchOrbitPlusApp.swift,\ CommandHelpers.swift,\ CommandSocketListener.swift,\ CommandsTool.swift,\ DownloadsTool.swift /Users/runner/work/orbit/orbit/Sources/OrbitDrop/AppModel.swift /Users/runner/work/orbit/orbit/Sources/OrbitDrop/Engines/ArchiveEngine.swift /Users/runner/work/orbit/orbit/Sources/OrbitDrop/Engines/FileEngine.swift /Users/runner/work/orbit/orbit/Sources/OrbitDrop/Engines/FileInspector.swift /Users/runner/work/orbit/orbit/Sources/OrbitDrop/Engines/ImageEngine.swift /Users/runner/work/orbit/orbit/Sources/OrbitDrop/Engines/MediaEngine.swift /Users/runner/work/orbit/orbit/Sources/OrbitDrop/Engines/OutputTransaction.swift /Users/runner/work/orbit/orbit/Sources/OrbitDrop/Engines/PDFEngine.swift /Users/runner/work/orbit/orbit/NotchOrbitPlus/Sources/NotchOrbitPlus/Dashboard/DashboardPreferences.swift /Users/runner/work/orbit/orbit/NotchOrbitPlus/Sources/NotchOrbitPlus/Dashboard/GlobalNotchShortcut.swift /Users/runner/work/orbit/orbit/NotchOrbitPlus/Sources/NotchOrbitPlus/Dashboard/LiveCompactView.swift /Users/runner/work/orbit/orbit/NotchOrbitPlus/Sources/NotchOrbitPlus/Dashboard/NotchDashboardController.swift /Users/runner/work/orbit/orbit/NotchOrbitPlus/Sources/NotchOrbitPlus/Dashboard/NotchDashboardView.swift /Users/runner/work/orbit/orbit/NotchOrbitPlus/Sources/NotchOrbitPlus/Dashboard/PlusFullscreenDetection.swift /Users/runner/work/orbit/orbit/NotchOrbitPlus/Sources/NotchOrbitPlus/Dashboard/PlusIntegration.swift /Users/runner/work/orbit/orbit/NotchOrbitPlus/Sources/NotchOrbitPlus/Drag/NotchDragMonitor.swift /Users/runner/work/orbit/orbit/NotchOrbitPlus/Sources/NotchOrbitPlus/Notch/NotchPanelController.swift /Users/runner/work/orbit/orbit/NotchOrbitPlus/Sources/NotchOrbitPlus/Notch/NotchScreenLayout.swift /Users/runner/work/orbit/orbit/NotchOrbitPlus/Sources/NotchOrbitPlus/NotchOrbitPlusApp.swift /Users/runner/work/orbit/orbit/NotchOrbitPlus/Sources/NotchOrbitPlus/Tools/Activities/CommandHelpers.swift /Users/runner/work/orbit/orbit/NotchOrbitPlus/Sources/NotchOrbitPlus/Tools/Activities/CommandSocketListener.swift /Users/runner/work/orbit/orbit/NotchOrbitPlus/Sources/NotchOrbitPlus/Tools/Activities/CommandsTool.swift /Users/runner/work/orbit/orbit/NotchOrbitPlus/Sources/NotchOrbitPlus/Tools/Activities/DownloadsTool.swift (in target 'NotchOrbitPlus' from project 'NotchOrbitPlus')
SwiftCompile normal arm64 /Users/runner/work/orbit/orbit/Sources/OrbitDrop/AppModel.swift (in target 'NotchOrbitPlus' from project 'NotchOrbitPlus')
    cd /Users/runner/work/orbit/orbit/NotchOrbitPlus
    
/Users/runner/work/orbit/orbit/Sources/OrbitDrop/Engines/MediaEngine.swift:114:54: warning: 'exportPresets(compatibleWith:)' was deprecated in macOS 13.0
        let compatiblePresets = AVAssetExportSession.exportPresets(compatibleWith: asset)
                                                     ^

SwiftCompile normal arm64 /Users/runner/work/orbit/orbit/Sources/OrbitDrop/Engines/ArchiveEngine.swift (in target 'NotchOrbitPlus' from project 'NotchOrbitPlus')
    cd /Users/runner/work/orbit/orbit/NotchOrbitPlus
    
/Users/runner/work/orbit/orbit/Sources/OrbitDrop/Engines/MediaEngine.swift:114:54: warning: 'exportPresets(compatibleWith:)' was deprecated in macOS 13.0
        let compatiblePresets = AVAssetExportSession.exportPresets(compatibleWith: asset)
                                                     ^

SwiftCompile normal arm64 /Users/runner/work/orbit/orbit/Sources/OrbitDrop/Engines/FileEngine.swift (in target 'NotchOrbitPlus' from project 'NotchOrbitPlus')
    cd /Users/runner/work/orbit/orbit/NotchOrbitPlus
    
/Users/runner/work/orbit/orbit/Sources/OrbitDrop/Engines/MediaEngine.swift:114:54: warning: 'exportPresets(compatibleWith:)' was deprecated in macOS 13.0
        let compatiblePresets = AVAssetExportSession.exportPresets(compatibleWith: asset)
                                                     ^

SwiftCompile normal arm64 /Users/runner/work/orbit/orbit/Sources/OrbitDrop/Engines/FileInspector.swift (in target 'NotchOrbitPlus' from project 'NotchOrbitPlus')
    cd /Users/runner/work/orbit/orbit/NotchOrbitPlus
    
/Users/runner/work/orbit/orbit/Sources/OrbitDrop/Engines/MediaEngine.swift:114:54: warning: 'exportPresets(compatibleWith:)' was deprecated in macOS 13.0
        let compatiblePresets = AVAssetExportSession.exportPresets(compatibleWith: asset)
                                                     ^

SwiftCompile normal arm64 /Users/runner/work/orbit/orbit/Sources/OrbitDrop/Engines/ImageEngine.swift (in target 'NotchOrbitPlus' from project 'NotchOrbitPlus')
    cd /Users/runner/work/orbit/orbit/NotchOrbitPlus
    
/Users/runner/work/orbit/orbit/Sources/OrbitDrop/Engines/MediaEngine.swift:114:54: warning: 'exportPresets(compatibleWith:)' was deprecated in macOS 13.0
        let compatiblePresets = AVAssetExportSession.exportPresets(compatibleWith: asset)
                                                     ^

SwiftCompile normal arm64 /Users/runner/work/orbit/orbit/Sources/OrbitDrop/Engines/MediaEngine.swift (in target 'NotchOrbitPlus' from project 'NotchOrbitPlus')
    cd /Users/runner/work/orbit/orbit/NotchOrbitPlus
    
/Users/runner/work/orbit/orbit/Sources/OrbitDrop/Engines/MediaEngine.swift:114:54: warning: 'exportPresets(compatibleWith:)' was deprecated in macOS 13.0
        let compatiblePresets = AVAssetExportSession.exportPresets(compatibleWith: asset)
                                                     ^

SwiftCompile normal arm64 /Users/runner/work/orbit/orbit/Sources/OrbitDrop/Engines/OutputTransaction.swift (in target 'NotchOrbitPlus' from project 'NotchOrbitPlus')
    cd /Users/runner/work/orbit/orbit/NotchOrbitPlus
    
/Users/runner/work/orbit/orbit/Sources/OrbitDrop/Engines/MediaEngine.swift:114:54: warning: 'exportPresets(compatibleWith:)' was deprecated in macOS 13.0
        let compatiblePresets = AVAssetExportSession.exportPresets(compatibleWith: asset)
                                                     ^

SwiftCompile normal arm64 /Users/runner/work/orbit/orbit/Sources/OrbitDrop/Engines/PDFEngine.swift (in target 'NotchOrbitPlus' from project 'NotchOrbitPlus')
    cd /Users/runner/work/orbit/orbit/NotchOrbitPlus
    
/Users/runner/work/orbit/orbit/Sources/OrbitDrop/Engines/MediaEngine.swift:114:54: warning: 'exportPresets(compatibleWith:)' was deprecated in macOS 13.0
        let compatiblePresets = AVAssetExportSession.exportPresets(compatibleWith: asset)
                                                     ^

SwiftCompile normal arm64 /Users/runner/work/orbit/orbit/NotchOrbitPlus/Sources/NotchOrbitPlus/Dashboard/DashboardPreferences.swift (in target 'NotchOrbitPlus' from project 'NotchOrbitPlus')
    cd /Users/runner/work/orbit/orbit/NotchOrbitPlus
    
/Users/runner/work/orbit/orbit/Sources/OrbitDrop/Engines/MediaEngine.swift:114:54: warning: 'exportPresets(compatibleWith:)' was deprecated in macOS 13.0
        let compatiblePresets = AVAssetExportSession.exportPresets(compatibleWith: asset)
                                                     ^

SwiftCompile normal arm64 /Users/runner/work/orbit/orbit/NotchOrbitPlus/Sources/NotchOrbitPlus/Dashboard/GlobalNotchShortcut.swift (in target 'NotchOrbitPlus' from project 'NotchOrbitPlus')
    cd /Users/runner/work/orbit/orbit/NotchOrbitPlus
    
/Users/runner/work/orbit/orbit/Sources/OrbitDrop/Engines/MediaEngine.swift:114:54: warning: 'exportPresets(compatibleWith:)' was deprecated in macOS 13.0
        let compatiblePresets = AVAssetExportSession.exportPresets(compatibleWith: asset)
                                                     ^

SwiftCompile normal arm64 /Users/runner/work/orbit/orbit/NotchOrbitPlus/Sources/NotchOrbitPlus/Dashboard/LiveCompactView.swift (in target 'NotchOrbitPlus' from project 'NotchOrbitPlus')
    cd /Users/runner/work/orbit/orbit/NotchOrbitPlus
    
/Users/runner/work/orbit/orbit/Sources/OrbitDrop/Engines/MediaEngine.swift:114:54: warning: 'exportPresets(compatibleWith:)' was deprecated in macOS 13.0
        let compatiblePresets = AVAssetExportSession.exportPresets(compatibleWith: asset)
                                                     ^

SwiftCompile normal arm64 /Users/runner/work/orbit/orbit/NotchOrbitPlus/Sources/NotchOrbitPlus/Dashboard/NotchDashboardController.swift (in target 'NotchOrbitPlus' from project 'NotchOrbitPlus')
    cd /Users/runner/work/orbit/orbit/NotchOrbitPlus
    
/Users/runner/work/orbit/orbit/Sources/OrbitDrop/Engines/MediaEngine.swift:114:54: warning: 'exportPresets(compatibleWith:)' was deprecated in macOS 13.0
        let compatiblePresets = AVAssetExportSession.exportPresets(compatibleWith: asset)
                                                     ^

SwiftCompile normal arm64 /Users/runner/work/orbit/orbit/NotchOrbitPlus/Sources/NotchOrbitPlus/Dashboard/NotchDashboardView.swift (in target 'NotchOrbitPlus' from project 'NotchOrbitPlus')
    cd /Users/runner/work/orbit/orbit/NotchOrbitPlus
    
/Users/runner/work/orbit/orbit/Sources/OrbitDrop/Engines/MediaEngine.swift:114:54: warning: 'exportPresets(compatibleWith:)' was deprecated in macOS 13.0
        let compatiblePresets = AVAssetExportSession.exportPresets(compatibleWith: asset)
                                                     ^

SwiftCompile normal arm64 /Users/runner/work/orbit/orbit/NotchOrbitPlus/Sources/NotchOrbitPlus/Dashboard/PlusFullscreenDetection.swift (in target 'NotchOrbitPlus' from project 'NotchOrbitPlus')
    cd /Users/runner/work/orbit/orbit/NotchOrbitPlus
    
/Users/runner/work/orbit/orbit/Sources/OrbitDrop/Engines/MediaEngine.swift:114:54: warning: 'exportPresets(compatibleWith:)' was deprecated in macOS 13.0
        let compatiblePresets = AVAssetExportSession.exportPresets(compatibleWith: asset)
                                                     ^

SwiftCompile normal arm64 /Users/runner/work/orbit/orbit/NotchOrbitPlus/Sources/NotchOrbitPlus/Dashboard/PlusIntegration.swift (in target 'NotchOrbitPlus' from project 'NotchOrbitPlus')
    cd /Users/runner/work/orbit/orbit/NotchOrbitPlus
    
/Users/runner/work/orbit/orbit/Sources/OrbitDrop/Engines/MediaEngine.swift:114:54: warning: 'exportPresets(compatibleWith:)' was deprecated in macOS 13.0
        let compatiblePresets = AVAssetExportSession.exportPresets(compatibleWith: asset)
                                                     ^

SwiftCompile normal arm64 /Users/runner/work/orbit/orbit/NotchOrbitPlus/Sources/NotchOrbitPlus/Drag/NotchDragMonitor.swift (in target 'NotchOrbitPlus' from project 'NotchOrbitPlus')
    cd /Users/runner/work/orbit/orbit/NotchOrbitPlus
    
/Users/runner/work/orbit/orbit/Sources/OrbitDrop/Engines/MediaEngine.swift:114:54: warning: 'exportPresets(compatibleWith:)' was deprecated in macOS 13.0
        let compatiblePresets = AVAssetExportSession.exportPresets(compatibleWith: asset)
                                                     ^

SwiftCompile normal arm64 /Users/runner/work/orbit/orbit/NotchOrbitPlus/Sources/NotchOrbitPlus/Notch/NotchPanelController.swift (in target 'NotchOrbitPlus' from project 'NotchOrbitPlus')
    cd /Users/runner/work/orbit/orbit/NotchOrbitPlus
    
/Users/runner/work/orbit/orbit/Sources/OrbitDrop/Engines/MediaEngine.swift:114:54: warning: 'exportPresets(compatibleWith:)' was deprecated in macOS 13.0
        let compatiblePresets = AVAssetExportSession.exportPresets(compatibleWith: asset)
                                                     ^

SwiftCompile normal arm64 /Users/runner/work/orbit/orbit/NotchOrbitPlus/Sources/NotchOrbitPlus/Notch/NotchScreenLayout.swift (in target 'NotchOrbitPlus' from project 'NotchOrbitPlus')
    cd /Users/runner/work/orbit/orbit/NotchOrbitPlus
    
/Users/runner/work/orbit/orbit/Sources/OrbitDrop/Engines/MediaEngine.swift:114:54: warning: 'exportPresets(compatibleWith:)' was deprecated in macOS 13.0
        let compatiblePresets = AVAssetExportSession.exportPresets(compatibleWith: asset)
                                                     ^

SwiftCompile normal arm64 /Users/runner/work/orbit/orbit/NotchOrbitPlus/Sources/NotchOrbitPlus/NotchOrbitPlusApp.swift (in target 'NotchOrbitPlus' from project 'NotchOrbitPlus')
    cd /Users/runner/work/orbit/orbit/NotchOrbitPlus
    
/Users/runner/work/orbit/orbit/Sources/OrbitDrop/Engines/MediaEngine.swift:114:54: warning: 'exportPresets(compatibleWith:)' was deprecated in macOS 13.0
        let compatiblePresets = AVAssetExportSession.exportPresets(compatibleWith: asset)
                                                     ^
/Users/runner/work/orbit/orbit/NotchOrbitPlus/Sources/NotchOrbitPlus/NotchOrbitPlusApp.swift:399:48: warning: 'popUpMenu' was deprecated in macOS 10.14: Use the menu property instead
        } else if let statusMenu { statusItem?.popUpMenu(statusMenu) }
                                               ^

SwiftCompile normal arm64 /Users/runner/work/orbit/orbit/NotchOrbitPlus/Sources/NotchOrbitPlus/Tools/Activities/CommandHelpers.swift (in target 'NotchOrbitPlus' from project 'NotchOrbitPlus')
    cd /Users/runner/work/orbit/orbit/NotchOrbitPlus
    
/Users/runner/work/orbit/orbit/Sources/OrbitDrop/Engines/MediaEngine.swift:114:54: warning: 'exportPresets(compatibleWith:)' was deprecated in macOS 13.0
        let compatiblePresets = AVAssetExportSession.exportPresets(compatibleWith: asset)
                                                     ^

SwiftCompile normal arm64 /Users/runner/work/orbit/orbit/NotchOrbitPlus/Sources/NotchOrbitPlus/Tools/Activities/CommandSocketListener.swift (in target 'NotchOrbitPlus' from project 'NotchOrbitPlus')
    cd /Users/runner/work/orbit/orbit/NotchOrbitPlus
    
/Users/runner/work/orbit/orbit/Sources/OrbitDrop/Engines/MediaEngine.swift:114:54: warning: 'exportPresets(compatibleWith:)' was deprecated in macOS 13.0
        let compatiblePresets = AVAssetExportSession.exportPresets(compatibleWith: asset)
                                                     ^

SwiftCompile normal arm64 /Users/runner/work/orbit/orbit/NotchOrbitPlus/Sources/NotchOrbitPlus/Tools/Activities/CommandsTool.swift (in target 'NotchOrbitPlus' from project 'NotchOrbitPlus')
    cd /Users/runner/work/orbit/orbit/NotchOrbitPlus
    
/Users/runner/work/orbit/orbit/Sources/OrbitDrop/Engines/MediaEngine.swift:114:54: warning: 'exportPresets(compatibleWith:)' was deprecated in macOS 13.0
        let compatiblePresets = AVAssetExportSession.exportPresets(compatibleWith: asset)
                                                     ^

SwiftCompile normal arm64 /Users/runner/work/orbit/orbit/NotchOrbitPlus/Sources/NotchOrbitPlus/Tools/Activities/DownloadsTool.swift (in target 'NotchOrbitPlus' from project 'NotchOrbitPlus')
    cd /Users/runner/work/orbit/orbit/NotchOrbitPlus
    
/Users/runner/work/orbit/orbit/Sources/OrbitDrop/Engines/MediaEngine.swift:114:54: warning: 'exportPresets(compatibleWith:)' was deprecated in macOS 13.0
        let compatiblePresets = AVAssetExportSession.exportPresets(compatibleWith: asset)
                                                     ^

SwiftDriverJobDiscovery normal arm64 Compiling SystemTool.swift, AIUsageTool.swift, CodexQuotaReader.swift, GithubActionsTool.swift, OnlineServiceSupport.swift, SalesTool.swift, WeatherStocksTools.swift, CalendarTools.swift, FocusAppHiding.swift, FocusStatsTool.swift, MeetingService.swift, TimerTools.swift, WorldClockTool.swift, PluginSandbox.swift, PluginsToolView.swift, QRImageCodec.swift, QRToolStore.swift, QRToolView.swift, GlobalSearchToolView.swift, AppearanceSettings.swift, LivePrioritySettings.swift, PlusPortableDefaults.swift (in target 'NotchOrbitPlus' from project 'NotchOrbitPlus')

SwiftDriver NotchOrbitPlusTests normal arm64 com.apple.xcode.tools.swift.compiler (in target 'NotchOrbitPlusTests' from project 'NotchOrbitPlus')
    cd /Users/runner/work/orbit/orbit/NotchOrbitPlus
    builtin-SwiftDriver -- /Applications/Xcode_26.6.app/Contents/Developer/Toolchains/XcodeDefault.xctoolchain/usr/bin/swiftc -module-name NotchOrbitPlusTests -Onone @/Users/runner/work/orbit/orbit/NotchOrbitPlus/build/DerivedData/Build/Intermediates.noindex/NotchOrbitPlus.build/Debug/NotchOrbitPlusTests.build/Objects-normal/arm64/NotchOrbitPlusTests.SwiftFileList -DDEBUG -plugin-path /Applications/Xcode_26.6.app/Contents/Developer/Toolchains/XcodeDefault.xctoolchain/usr/lib/swift/host/plugins/testing -enable-experimental-feature DebugDescriptionMacro -sdk /Applications/Xcode_26.6.app/Contents/Developer/Platforms/MacOSX.platform/Developer/SDKs/MacOSX26.5.sdk -target arm64-apple-macos14.0 -g -module-cache-path /Users/runner/work/orbit/orbit/NotchOrbitPlus/build/DerivedData/ModuleCache.noindex -Xfrontend -serialize-debugging-options -enable-testing -index-store-path /Users/runner/work/orbit/orbit/NotchOrbitPlus/build/DerivedData/Index.noindex/DataStore -swift-version 6 -I /Users/runner/work/orbit/orbit/NotchOrbitPlus/build/DerivedData/Build/Products/Debug -I /Users/runner/work/orbit/orbit/NotchOrbitPlus/build/DerivedData/Build/Products/Debug -Isystem /Applications/Xcode_26.6.app/Contents/Developer/Platforms/MacOSX.platform/Developer/usr/lib -F /Users/runner/work/orbit/orbit/NotchOrbitPlus/build/DerivedData/Build/Products/Debug -F /Applications/Xcode_26.6.app/Contents/Developer/Platforms/MacOSX.platform/Developer/Library/Frameworks -c -j3 -enable-batch-mode -incremental -Xcc -ivfsstatcache -Xcc /Users/runner/work/orbit/orbit/NotchOrbitPlus/build/DerivedData/SDKStatCaches.noindex/macosx26.5-25F70-688ef53f1462e2c8f657fdc38a81448fee0e6409aa6676c5e6c013d148225433.sdkstatcache -output-file-map /Users/runner/work/orbit/orbit/NotchOrbitPlus/build/DerivedData/Build/Intermediates.noindex/NotchOrbitPlus.build/Debug/NotchOrbitPlusTests.build/Objects-normal/arm64/NotchOrbitPlusTests-OutputFileMap.json -use-frontend-parseable-output -save-temps -no-color-diagnostics -explicit-module-build -module-cache-path /Users/runner/work/orbit/orbit/NotchOrbitPlus/build/DerivedData/Build/Intermediates.noindex/SwiftExplicitPrecompiledModules -clang-scanner-module-cache-path /Users/runner/work/orbit/orbit/NotchOrbitPlus/build/DerivedData/ModuleCache.noindex -sdk-module-cache-path /Users/runner/work/orbit/orbit/NotchOrbitPlus/build/DerivedData/ModuleCache.noindex -serialize-diagnostics -emit-dependencies -emit-module -emit-module-path /Users/runner/work/orbit/orbit/NotchOrbitPlus/build/DerivedData/Build/Intermediates.noindex/NotchOrbitPlus.build/Debug/NotchOrbitPlusTests.build/Objects-normal/arm64/NotchOrbitPlusTests.swiftmodule -validate-clang-modules-once -clang-build-session-file /Users/runner/work/orbit/orbit/NotchOrbitPlus/build/DerivedData/ModuleCache.noindex/Session.modulevalidation -Xcc -I/Users/runner/work/orbit/orbit/NotchOrbitPlus/build/DerivedData/Build/Intermediates.noindex/NotchOrbitPlus.build/Debug/NotchOrbitPlusTests.build/swift-overrides.hmap -emit-const-values -Xfrontend -const-gather-protocols-file -Xfrontend /Users/runner/work/orbit/orbit/NotchOrbitPlus/build/DerivedData/Build/Intermediates.noindex/NotchOrbitPlus.build/Debug/NotchOrbitPlusTests.build/Objects-normal/arm64/NotchOrbitPlusTests_const_extract_protocols.json -Xcc -iquote -Xcc /Users/runner/work/orbit/orbit/NotchOrbitPlus/build/DerivedData/Build/Intermediates.noindex/NotchOrbitPlus.build/Debug/NotchOrbitPlusTests.build/NotchOrbitPlusTests-generated-files.hmap -Xcc -I/Users/runner/work/orbit/orbit/NotchOrbitPlus/build/DerivedData/Build/Intermediates.noindex/NotchOrbitPlus.build/Debug/NotchOrbitPlusTests.build/NotchOrbitPlusTests-own-target-headers.hmap -Xcc -I/Users/runner/work/orbit/orbit/NotchOrbitPlus/build/DerivedData/Build/Intermediates.noindex/NotchOrbitPlus.build/Debug/NotchOrbitPlusTests.build/NotchOrbitPlusTests-all-non-framework-target-headers.hmap -Xcc -ivfsoverlay -Xcc /Users/runner/work/orbit/orbit/NotchOrbitPlus/build/DerivedData/Build/Intermediates.noindex/NotchOrbitPlus.build/Debug/NotchOrbitPlus-f72668d2e0dd56b95fac80a5a9a4b360-VFS/all-product-headers.yaml -Xcc -iquote -Xcc /Users/runner/work/orbit/orbit/NotchOrbitPlus/build/DerivedData/Build/Intermediates.noindex/NotchOrbitPlus.build/Debug/NotchOrbitPlusTests.build/NotchOrbitPlusTests-project-headers.hmap -Xcc -I/Users/runner/work/orbit/orbit/NotchOrbitPlus/build/DerivedData/Build/Products/Debug/include -Xcc -I/Users/runner/work/orbit/orbit/build/WebP/include -Xcc -I/Users/runner/work/orbit/orbit/NotchOrbitPlus/build/DerivedData/Build/Intermediates.noindex/NotchOrbitPlus.build/Debug/NotchOrbitPlusTests.build/DerivedSources-normal/arm64 -Xcc -I/Users/runner/work/orbit/orbit/NotchOrbitPlus/build/DerivedData/Build/Intermediates.noindex/NotchOrbitPlus.build/Debug/NotchOrbitPlusTests.build/DerivedSources/arm64 -Xcc -I/Users/runner/work/orbit/orbit/NotchOrbitPlus/build/DerivedData/Build/Intermediates.noindex/NotchOrbitPlus.build/Debug/NotchOrbitPlusTests.build/DerivedSources -emit-objc-header -emit-objc-header-path /Users/runner/work/orbit/orbit/NotchOrbitPlus/build/DerivedData/Build/Intermediates.noindex/NotchOrbitPlus.build/Debug/NotchOrbitPlusTests.build/Objects-normal/arm64/NotchOrbitPlusTests-Swift.h -working-directory /Users/runner/work/orbit/orbit/NotchOrbitPlus -experimental-emit-module-separately -disable-cmo

SwiftExplicitDependencyGeneratePcm arm64 /Users/runner/work/orbit/orbit/NotchOrbitPlus/build/DerivedData/Build/Intermediates.noindex/SwiftExplicitPrecompiledModules/XCUIAutomation-6TY5SLNODJKXKXM5KVMTJL4EN.pcm

SwiftExplicitDependencyGeneratePcm arm64 /Users/runner/work/orbit/orbit/NotchOrbitPlus/build/DerivedData/Build/Intermediates.noindex/SwiftExplicitPrecompiledModules/XCTest-CWAZUU3ATE4ZIF0BO29QN8SCN.pcm

SwiftExplicitDependencyCompileModuleFromInterface arm64 /Users/runner/work/orbit/orbit/NotchOrbitPlus/build/DerivedData/Build/Intermediates.noindex/SwiftExplicitPrecompiledModules/XCUIAutomation-29C8MOGYLJA6I.swiftmodule

SwiftExplicitDependencyCompileModuleFromInterface arm64 /Users/runner/work/orbit/orbit/NotchOrbitPlus/build/DerivedData/Build/Intermediates.noindex/SwiftExplicitPrecompiledModules/XCTest-2QRSGHPEMW8EL.swiftmodule

SwiftEmitModule normal arm64 Emitting\ module\ for\ NotchOrbitPlusTests (in target 'NotchOrbitPlusTests' from project 'NotchOrbitPlus')

EmitSwiftModule normal arm64 (in target 'NotchOrbitPlusTests' from project 'NotchOrbitPlus')
    cd /Users/runner/work/orbit/orbit/NotchOrbitPlus
    

SwiftCompile normal arm64 Compiling\ LauncherBookmarkTests.swift,\ LauncherSyncTests.swift,\ LocalProductivityTests.swift,\ MediaModelEvaluationTests.swift,\ MediaRemoteSourceTests.swift,\ MeetingCompactEvaluationTests.swift,\ MessagesVerificationCodeTests.swift,\ NativeFeatureEvaluation.swift,\ NativeImageFixtures.swift,\ NativeImageTests.swift,\ NativePanelEvaluationTests.swift,\ NativePasteboardTests.swift,\ NativeVisibilityEvaluationTests.swift,\ PersonalLibraryEvaluationTests.swift,\ PlanningServiceEvaluationTests.swift /Users/runner/work/orbit/orbit/NotchOrbitPlus/Tests/NotchOrbitPlusTests/LauncherBookmarkTests.swift /Users/runner/work/orbit/orbit/NotchOrbitPlus/Tests/NotchOrbitPlusTests/LauncherSyncTests.swift /Users/runner/work/orbit/orbit/NotchOrbitPlus/Tests/NotchOrbitPlusTests/LocalProductivityTests.swift /Users/runner/work/orbit/orbit/NotchOrbitPlus/Tests/NotchOrbitPlusTests/MediaModelEvaluationTests.swift /Users/runner/work/orbit/orbit/NotchOrbitPlus/Tests/NotchOrbitPlusTests/MediaRemoteSourceTests.swift /Users/runner/work/orbit/orbit/NotchOrbitPlus/Tests/NotchOrbitPlusTests/MeetingCompactEvaluationTests.swift /Users/runner/work/orbit/orbit/NotchOrbitPlus/Tests/NotchOrbitPlusTests/MessagesVerificationCodeTests.swift /Users/runner/work/orbit/orbit/NotchOrbitPlus/Tests/NotchOrbitPlusTests/NativeFeatureEvaluation.swift /Users/runner/work/orbit/orbit/NotchOrbitPlus/Tests/NotchOrbitPlusTests/NativeImageFixtures.swift /Users/runner/work/orbit/orbit/NotchOrbitPlus/Tests/NotchOrbitPlusTests/NativeImageTests.swift /Users/runner/work/orbit/orbit/NotchOrbitPlus/Tests/NotchOrbitPlusTests/NativePanelEvaluationTests.swift /Users/runner/work/orbit/orbit/NotchOrbitPlus/Tests/NotchOrbitPlusTests/NativePasteboardTests.swift /Users/runner/work/orbit/orbit/NotchOrbitPlus/Tests/NotchOrbitPlusTests/NativeVisibilityEvaluationTests.swift /Users/runner/work/orbit/orbit/NotchOrbitPlus/Tests/NotchOrbitPlusTests/PersonalLibraryEvaluationTests.swift /Users/runner/work/orbit/orbit/NotchOrbitPlus/Tests/NotchOrbitPlusTests/PlanningServiceEvaluationTests.swift (in target 'NotchOrbitPlusTests' from project 'NotchOrbitPlus')

SwiftCompile normal arm64 /Users/runner/work/orbit/orbit/NotchOrbitPlus/Tests/NotchOrbitPlusTests/LauncherBookmarkTests.swift (in target 'NotchOrbitPlusTests' from project 'NotchOrbitPlus')
    cd /Users/runner/work/orbit/orbit/NotchOrbitPlus
    

SwiftCompile normal arm64 /Users/runner/work/orbit/orbit/NotchOrbitPlus/Tests/NotchOrbitPlusTests/LauncherSyncTests.swift (in target 'NotchOrbitPlusTests' from project 'NotchOrbitPlus')
    cd /Users/runner/work/orbit/orbit/NotchOrbitPlus
    

SwiftCompile normal arm64 /Users/runner/work/orbit/orbit/NotchOrbitPlus/Tests/NotchOrbitPlusTests/LocalProductivityTests.swift (in target 'NotchOrbitPlusTests' from project 'NotchOrbitPlus')
    cd /Users/runner/work/orbit/orbit/NotchOrbitPlus
    

SwiftCompile normal arm64 /Users/runner/work/orbit/orbit/NotchOrbitPlus/Tests/NotchOrbitPlusTests/MediaModelEvaluationTests.swift (in target 'NotchOrbitPlusTests' from project 'NotchOrbitPlus')
    cd /Users/runner/work/orbit/orbit/NotchOrbitPlus
    

SwiftCompile normal arm64 /Users/runner/work/orbit/orbit/NotchOrbitPlus/Tests/NotchOrbitPlusTests/MediaRemoteSourceTests.swift (in target 'NotchOrbitPlusTests' from project 'NotchOrbitPlus')
    cd /Users/runner/work/orbit/orbit/NotchOrbitPlus
    

SwiftCompile normal arm64 /Users/runner/work/orbit/orbit/NotchOrbitPlus/Tests/NotchOrbitPlusTests/MeetingCompactEvaluationTests.swift (in target 'NotchOrbitPlusTests' from project 'NotchOrbitPlus')
    cd /Users/runner/work/orbit/orbit/NotchOrbitPlus
    

SwiftCompile normal arm64 /Users/runner/work/orbit/orbit/NotchOrbitPlus/Tests/NotchOrbitPlusTests/MessagesVerificationCodeTests.swift (in target 'NotchOrbitPlusTests' from project 'NotchOrbitPlus')
    cd /Users/runner/work/orbit/orbit/NotchOrbitPlus
    

SwiftCompile normal arm64 /Users/runner/work/orbit/orbit/NotchOrbitPlus/Tests/NotchOrbitPlusTests/NativeFeatureEvaluation.swift (in target 'NotchOrbitPlusTests' from project 'NotchOrbitPlus')
    cd /Users/runner/work/orbit/orbit/NotchOrbitPlus
    

SwiftCompile normal arm64 /Users/runner/work/orbit/orbit/NotchOrbitPlus/Tests/NotchOrbitPlusTests/NativeImageFixtures.swift (in target 'NotchOrbitPlusTests' from project 'NotchOrbitPlus')
    cd /Users/runner/work/orbit/orbit/NotchOrbitPlus
    

SwiftCompile normal arm64 /Users/runner/work/orbit/orbit/NotchOrbitPlus/Tests/NotchOrbitPlusTests/NativeImageTests.swift (in target 'NotchOrbitPlusTests' from project 'NotchOrbitPlus')
    cd /Users/runner/work/orbit/orbit/NotchOrbitPlus
    

SwiftCompile normal arm64 /Users/runner/work/orbit/orbit/NotchOrbitPlus/Tests/NotchOrbitPlusTests/NativePanelEvaluationTests.swift (in target 'NotchOrbitPlusTests' from project 'NotchOrbitPlus')
    cd /Users/runner/work/orbit/orbit/NotchOrbitPlus
    

SwiftCompile normal arm64 /Users/runner/work/orbit/orbit/NotchOrbitPlus/Tests/NotchOrbitPlusTests/NativePasteboardTests.swift (in target 'NotchOrbitPlusTests' from project 'NotchOrbitPlus')
    cd /Users/runner/work/orbit/orbit/NotchOrbitPlus
    

SwiftCompile normal arm64 /Users/runner/work/orbit/orbit/NotchOrbitPlus/Tests/NotchOrbitPlusTests/NativeVisibilityEvaluationTests.swift (in target 'NotchOrbitPlusTests' from project 'NotchOrbitPlus')
    cd /Users/runner/work/orbit/orbit/NotchOrbitPlus
    

SwiftCompile normal arm64 /Users/runner/work/orbit/orbit/NotchOrbitPlus/Tests/NotchOrbitPlusTests/PersonalLibraryEvaluationTests.swift (in target 'NotchOrbitPlusTests' from project 'NotchOrbitPlus')
    cd /Users/runner/work/orbit/orbit/NotchOrbitPlus
    

SwiftCompile normal arm64 /Users/runner/work/orbit/orbit/NotchOrbitPlus/Tests/NotchOrbitPlusTests/PlanningServiceEvaluationTests.swift (in target 'NotchOrbitPlusTests' from project 'NotchOrbitPlus')
    cd /Users/runner/work/orbit/orbit/NotchOrbitPlus
    

SwiftDriverJobDiscovery normal arm64 Emitting module for NotchOrbitPlusTests (in target 'NotchOrbitPlusTests' from project 'NotchOrbitPlus')

SwiftDriver\ Compilation\ Requirements NotchOrbitPlusTests normal arm64 com.apple.xcode.tools.swift.compiler (in target 'NotchOrbitPlusTests' from project 'NotchOrbitPlus')
    cd /Users/runner/work/orbit/orbit/NotchOrbitPlus
    builtin-Swift-Compilation-Requirements -- /Applications/Xcode_26.6.app/Contents/Developer/Toolchains/XcodeDefault.xctoolchain/usr/bin/swiftc -module-name NotchOrbitPlusTests -Onone @/Users/runner/work/orbit/orbit/NotchOrbitPlus/build/DerivedData/Build/Intermediates.noindex/NotchOrbitPlus.build/Debug/NotchOrbitPlusTests.build/Objects-normal/arm64/NotchOrbitPlusTests.SwiftFileList -DDEBUG -plugin-path /Applications/Xcode_26.6.app/Contents/Developer/Toolchains/XcodeDefault.xctoolchain/usr/lib/swift/host/plugins/testing -enable-experimental-feature DebugDescriptionMacro -sdk /Applications/Xcode_26.6.app/Contents/Developer/Platforms/MacOSX.platform/Developer/SDKs/MacOSX26.5.sdk -target arm64-apple-macos14.0 -g -module-cache-path /Users/runner/work/orbit/orbit/NotchOrbitPlus/build/DerivedData/ModuleCache.noindex -Xfrontend -serialize-debugging-options -enable-testing -index-store-path /Users/runner/work/orbit/orbit/NotchOrbitPlus/build/DerivedData/Index.noindex/DataStore -swift-version 6 -I /Users/runner/work/orbit/orbit/NotchOrbitPlus/build/DerivedData/Build/Products/Debug -I /Users/runner/work/orbit/orbit/NotchOrbitPlus/build/DerivedData/Build/Products/Debug -Isystem /Applications/Xcode_26.6.app/Contents/Developer/Platforms/MacOSX.platform/Developer/usr/lib -F /Users/runner/work/orbit/orbit/NotchOrbitPlus/build/DerivedData/Build/Products/Debug -F /Applications/Xcode_26.6.app/Contents/Developer/Platforms/MacOSX.platform/Developer/Library/Frameworks -c -j3 -enable-batch-mode -incremental -Xcc -ivfsstatcache -Xcc /Users/runner/work/orbit/orbit/NotchOrbitPlus/build/DerivedData/SDKStatCaches.noindex/macosx26.5-25F70-688ef53f1462e2c8f657fdc38a81448fee0e6409aa6676c5e6c013d148225433.sdkstatcache -output-file-map /Users/runner/work/orbit/orbit/NotchOrbitPlus/build/DerivedData/Build/Intermediates.noindex/NotchOrbitPlus.build/Debug/NotchOrbitPlusTests.build/Objects-normal/arm64/NotchOrbitPlusTests-OutputFileMap.json -use-frontend-parseable-output -save-temps -no-color-diagnostics -explicit-module-build -module-cache-path /Users/runner/work/orbit/orbit/NotchOrbitPlus/build/DerivedData/Build/Intermediates.noindex/SwiftExplicitPrecompiledModules -clang-scanner-module-cache-path /Users/runner/work/orbit/orbit/NotchOrbitPlus/build/DerivedData/ModuleCache.noindex -sdk-module-cache-path /Users/runner/work/orbit/orbit/NotchOrbitPlus/build/DerivedData/ModuleCache.noindex -serialize-diagnostics -emit-dependencies -emit-module -emit-module-path /Users/runner/work/orbit/orbit/NotchOrbitPlus/build/DerivedData/Build/Intermediates.noindex/NotchOrbitPlus.build/Debug/NotchOrbitPlusTests.build/Objects-normal/arm64/NotchOrbitPlusTests.swiftmodule -validate-clang-modules-once -clang-build-session-file /Users/runner/work/orbit/orbit/NotchOrbitPlus/build/DerivedData/ModuleCache.noindex/Session.modulevalidation -Xcc -I/Users/runner/work/orbit/orbit/NotchOrbitPlus/build/DerivedData/Build/Intermediates.noindex/NotchOrbitPlus.build/Debug/NotchOrbitPlusTests.build/swift-overrides.hmap -emit-const-values -Xfrontend -const-gather-protocols-file -Xfrontend /Users/runner/work/orbit/orbit/NotchOrbitPlus/build/DerivedData/Build/Intermediates.noindex/NotchOrbitPlus.build/Debug/NotchOrbitPlusTests.build/Objects-normal/arm64/NotchOrbitPlusTests_const_extract_protocols.json -Xcc -iquote -Xcc /Users/runner/work/orbit/orbit/NotchOrbitPlus/build/DerivedData/Build/Intermediates.noindex/NotchOrbitPlus.build/Debug/NotchOrbitPlusTests.build/NotchOrbitPlusTests-generated-files.hmap -Xcc -I/Users/runner/work/orbit/orbit/NotchOrbitPlus/build/DerivedData/Build/Intermediates.noindex/NotchOrbitPlus.build/Debug/NotchOrbitPlusTests.build/NotchOrbitPlusTests-own-target-headers.hmap -Xcc -I/Users/runner/work/orbit/orbit/NotchOrbitPlus/build/DerivedData/Build/Intermediates.noindex/NotchOrbitPlus.build/Debug/NotchOrbitPlusTests.build/NotchOrbitPlusTests-all-non-framework-target-headers.hmap -Xcc -ivfsoverlay -Xcc /Users/runner/work/orbit/orbit/NotchOrbitPlus/build/DerivedData/Build/Intermediates.noindex/NotchOrbitPlus.build/Debug/NotchOrbitPlus-f72668d2e0dd56b95fac80a5a9a4b360-VFS/all-product-headers.yaml -Xcc -iquote -Xcc /Users/runner/work/orbit/orbit/NotchOrbitPlus/build/DerivedData/Build/Intermediates.noindex/NotchOrbitPlus.build/Debug/NotchOrbitPlusTests.build/NotchOrbitPlusTests-project-headers.hmap -Xcc -I/Users/runner/work/orbit/orbit/NotchOrbitPlus/build/DerivedData/Build/Products/Debug/include -Xcc -I/Users/runner/work/orbit/orbit/build/WebP/include -Xcc -I/Users/runner/work/orbit/orbit/NotchOrbitPlus/build/DerivedData/Build/Intermediates.noindex/NotchOrbitPlus.build/Debug/NotchOrbitPlusTests.build/DerivedSources-normal/arm64 -Xcc -I/Users/runner/work/orbit/orbit/NotchOrbitPlus/build/DerivedData/Build/Intermediates.noindex/NotchOrbitPlus.build/Debug/NotchOrbitPlusTests.build/DerivedSources/arm64 -Xcc -I/Users/runner/work/orbit/orbit/NotchOrbitPlus/build/DerivedData/Build/Intermediates.noindex/NotchOrbitPlus.build/Debug/NotchOrbitPlusTests.build/DerivedSources -emit-objc-header -emit-objc-header-path /Users/runner/work/orbit/orbit/NotchOrbitPlus/build/DerivedData/Build/Intermediates.noindex/NotchOrbitPlus.build/Debug/NotchOrbitPlusTests.build/Objects-normal/arm64/NotchOrbitPlusTests-Swift.h -working-directory /Users/runner/work/orbit/orbit/NotchOrbitPlus -experimental-emit-module-separately -disable-cmo

SwiftDriverJobDiscovery normal arm64 Compiling LauncherBookmarkTests.swift, LauncherSyncTests.swift, LocalProductivityTests.swift, MediaModelEvaluationTests.swift, MediaRemoteSourceTests.swift, MeetingCompactEvaluationTests.swift, MessagesVerificationCodeTests.swift, NativeFeatureEvaluation.swift, NativeImageFixtures.swift, NativeImageTests.swift, NativePanelEvaluationTests.swift, NativePasteboardTests.swift, NativeVisibilityEvaluationTests.swift, PersonalLibraryEvaluationTests.swift, PlanningServiceEvaluationTests.swift (in target 'NotchOrbitPlusTests' from project 'NotchOrbitPlus')

SwiftCompile normal arm64 Compiling\ PluginSandboxTests.swift,\ PluginsStateEvaluationTests.swift,\ ProviderRequestContractTests.swift,\ ProviderStateEvaluationTests.swift,\ PublicServiceEvaluationTests.swift,\ QRToolEvaluationTests.swift,\ ShelfQuickLookEvaluationTests.swift,\ SpotifyArtworkClientTests.swift,\ SyncFolderIOTests.swift,\ SyncLocalTransactionTests.swift,\ TranslationEvaluationTests.swift,\ UpdateClientEvaluationTests.swift,\ WorkflowExplicitRunTests.swift,\ WorkflowRunnerTests.swift,\ WorkflowVideoTests.swift /Users/runner/work/orbit/orbit/NotchOrbitPlus/Tests/NotchOrbitPlusTests/PluginSandboxTests.swift /Users/runner/work/orbit/orbit/NotchOrbitPlus/Tests/NotchOrbitPlusTests/PluginsStateEvaluationTests.swift /Users/runner/work/orbit/orbit/NotchOrbitPlus/Tests/NotchOrbitPlusTests/ProviderRequestContractTests.swift /Users/runner/work/orbit/orbit/NotchOrbitPlus/Tests/NotchOrbitPlusTests/ProviderStateEvaluationTests.swift /Users/runner/work/orbit/orbit/NotchOrbitPlus/Tests/NotchOrbitPlusTests/PublicServiceEvaluationTests.swift /Users/runner/work/orbit/orbit/NotchOrbitPlus/Tests/NotchOrbitPlusTests/QRToolEvaluationTests.swift /Users/runner/work/orbit/orbit/NotchOrbitPlus/Tests/NotchOrbitPlusTests/ShelfQuickLookEvaluationTests.swift /Users/runner/work/orbit/orbit/NotchOrbitPlus/Tests/NotchOrbitPlusTests/SpotifyArtworkClientTests.swift /Users/runner/work/orbit/orbit/NotchOrbitPlus/Tests/NotchOrbitPlusTests/SyncFolderIOTests.swift /Users/runner/work/orbit/orbit/NotchOrbitPlus/Tests/NotchOrbitPlusTests/SyncLocalTransactionTests.swift /Users/runner/work/orbit/orbit/NotchOrbitPlus/Tests/NotchOrbitPlusTests/TranslationEvaluationTests.swift /Users/runner/work/orbit/orbit/NotchOrbitPlus/Tests/NotchOrbitPlusTests/UpdateClientEvaluationTests.swift /Users/runner/work/orbit/orbit/NotchOrbitPlus/Tests/NotchOrbitPlusTests/WorkflowExplicitRunTests.swift /Users/runner/work/orbit/orbit/NotchOrbitPlus/Tests/NotchOrbitPlusTests/WorkflowRunnerTests.swift /Users/runner/work/orbit/orbit/NotchOrbitPlus/Tests/NotchOrbitPlusTests/WorkflowVideoTests.swift (in target 'NotchOrbitPlusTests' from project 'NotchOrbitPlus')
SwiftCompile normal arm64 /Users/runner/work/orbit/orbit/NotchOrbitPlus/Tests/NotchOrbitPlusTests/PluginSandboxTests.swift (in target 'NotchOrbitPlusTests' from project 'NotchOrbitPlus')
    cd /Users/runner/work/orbit/orbit/NotchOrbitPlus
    

SwiftCompile normal arm64 /Users/runner/work/orbit/orbit/NotchOrbitPlus/Tests/NotchOrbitPlusTests/PluginsStateEvaluationTests.swift (in target 'NotchOrbitPlusTests' from project 'NotchOrbitPlus')
    cd /Users/runner/work/orbit/orbit/NotchOrbitPlus
    

SwiftCompile normal arm64 /Users/runner/work/orbit/orbit/NotchOrbitPlus/Tests/NotchOrbitPlusTests/ProviderRequestContractTests.swift (in target 'NotchOrbitPlusTests' from project 'NotchOrbitPlus')
    cd /Users/runner/work/orbit/orbit/NotchOrbitPlus
    

SwiftCompile normal arm64 /Users/runner/work/orbit/orbit/NotchOrbitPlus/Tests/NotchOrbitPlusTests/ProviderStateEvaluationTests.swift (in target 'NotchOrbitPlusTests' from project 'NotchOrbitPlus')
    cd /Users/runner/work/orbit/orbit/NotchOrbitPlus
    

SwiftCompile normal arm64 /Users/runner/work/orbit/orbit/NotchOrbitPlus/Tests/NotchOrbitPlusTests/PublicServiceEvaluationTests.swift (in target 'NotchOrbitPlusTests' from project 'NotchOrbitPlus')
    cd /Users/runner/work/orbit/orbit/NotchOrbitPlus
    

SwiftCompile normal arm64 /Users/runner/work/orbit/orbit/NotchOrbitPlus/Tests/NotchOrbitPlusTests/QRToolEvaluationTests.swift (in target 'NotchOrbitPlusTests' from project 'NotchOrbitPlus')
    cd /Users/runner/work/orbit/orbit/NotchOrbitPlus
    

SwiftCompile normal arm64 /Users/runner/work/orbit/orbit/NotchOrbitPlus/Tests/NotchOrbitPlusTests/ShelfQuickLookEvaluationTests.swift (in target 'NotchOrbitPlusTests' from project 'NotchOrbitPlus')
    cd /Users/runner/work/orbit/orbit/NotchOrbitPlus
    

SwiftCompile normal arm64 /Users/runner/work/orbit/orbit/NotchOrbitPlus/Tests/NotchOrbitPlusTests/SpotifyArtworkClientTests.swift (in target 'NotchOrbitPlusTests' from project 'NotchOrbitPlus')
    cd /Users/runner/work/orbit/orbit/NotchOrbitPlus
    

SwiftCompile normal arm64 /Users/runner/work/orbit/orbit/NotchOrbitPlus/Tests/NotchOrbitPlusTests/SyncFolderIOTests.swift (in target 'NotchOrbitPlusTests' from project 'NotchOrbitPlus')
    cd /Users/runner/work/orbit/orbit/NotchOrbitPlus
    

SwiftCompile normal arm64 /Users/runner/work/orbit/orbit/NotchOrbitPlus/Tests/NotchOrbitPlusTests/SyncLocalTransactionTests.swift (in target 'NotchOrbitPlusTests' from project 'NotchOrbitPlus')
    cd /Users/runner/work/orbit/orbit/NotchOrbitPlus
    

SwiftCompile normal arm64 /Users/runner/work/orbit/orbit/NotchOrbitPlus/Tests/NotchOrbitPlusTests/TranslationEvaluationTests.swift (in target 'NotchOrbitPlusTests' from project 'NotchOrbitPlus')
    cd /Users/runner/work/orbit/orbit/NotchOrbitPlus
    

SwiftCompile normal arm64 /Users/runner/work/orbit/orbit/NotchOrbitPlus/Tests/NotchOrbitPlusTests/UpdateClientEvaluationTests.swift (in target 'NotchOrbitPlusTests' from project 'NotchOrbitPlus')
    cd /Users/runner/work/orbit/orbit/NotchOrbitPlus
    

SwiftCompile normal arm64 /Users/runner/work/orbit/orbit/NotchOrbitPlus/Tests/NotchOrbitPlusTests/WorkflowExplicitRunTests.swift (in target 'NotchOrbitPlusTests' from project 'NotchOrbitPlus')
    cd /Users/runner/work/orbit/orbit/NotchOrbitPlus
    

SwiftCompile normal arm64 /Users/runner/work/orbit/orbit/NotchOrbitPlus/Tests/NotchOrbitPlusTests/WorkflowRunnerTests.swift (in target 'NotchOrbitPlusTests' from project 'NotchOrbitPlus')
    cd /Users/runner/work/orbit/orbit/NotchOrbitPlus
    

SwiftCompile normal arm64 /Users/runner/work/orbit/orbit/NotchOrbitPlus/Tests/NotchOrbitPlusTests/WorkflowVideoTests.swift (in target 'NotchOrbitPlusTests' from project 'NotchOrbitPlus')
    cd /Users/runner/work/orbit/orbit/NotchOrbitPlus
    

SwiftMergeGeneratedHeaders /Users/runner/work/orbit/orbit/NotchOrbitPlus/build/DerivedData/Build/Intermediates.noindex/NotchOrbitPlus.build/Debug/NotchOrbitPlusTests.build/DerivedSources/NotchOrbitPlusTests-Swift.h /Users/runner/work/orbit/orbit/NotchOrbitPlus/build/DerivedData/Build/Intermediates.noindex/NotchOrbitPlus.build/Debug/NotchOrbitPlusTests.build/Objects-normal/arm64/NotchOrbitPlusTests-Swift.h (in target 'NotchOrbitPlusTests' from project 'NotchOrbitPlus')
    cd /Users/runner/work/orbit/orbit/NotchOrbitPlus
    builtin-swiftHeaderTool -arch arm64 /Users/runner/work/orbit/orbit/NotchOrbitPlus/build/DerivedData/Build/Intermediates.noindex/NotchOrbitPlus.build/Debug/NotchOrbitPlusTests.build/Objects-normal/arm64/NotchOrbitPlusTests-Swift.h -o /Users/runner/work/orbit/orbit/NotchOrbitPlus/build/DerivedData/Build/Intermediates.noindex/NotchOrbitPlus.build/Debug/NotchOrbitPlusTests.build/DerivedSources/NotchOrbitPlusTests-Swift.h

SwiftDriverJobDiscovery normal arm64 Compiling ClipboardImageOCR.swift, ClipboardToolView.swift, ConverterToolView.swift, CurrencyConverterTool.swift, EmojiToolView.swift, FileShelfToolView.swift, LocalProductivityLifecycle.swift, LocalToolStorage.swift, OrbitInboxStore.swift, QuickNoteToolView.swift, ShelfCollectionsStore.swift, ShelfQuickLookController.swift, ShelfSettingsView.swift, ToDosToolView.swift, AssistantTool.swift, MirrorTool.swift, NativeToolVisibility.swift, NowPlayingTool.swift, PlusLRCLyricsClient.swift, PlusMediaRemoteSource.swift, PlusSpotifyArtworkClient.swift, ShortcutsTool.swift (in target 'NotchOrbitPlus' from project 'NotchOrbitPlus')

Copy /Users/runner/work/orbit/orbit/NotchOrbitPlus/build/DerivedData/Build/Products/Debug/NotchOrbitPlusTests.swiftmodule/arm64-apple-macos.swiftmodule /Users/runner/work/orbit/orbit/NotchOrbitPlus/build/DerivedData/Build/Intermediates.noindex/NotchOrbitPlus.build/Debug/NotchOrbitPlusTests.build/Objects-normal/arm64/NotchOrbitPlusTests.swiftmodule (in target 'NotchOrbitPlusTests' from project 'NotchOrbitPlus')
    cd /Users/runner/work/orbit/orbit/NotchOrbitPlus
    builtin-copy -exclude .DS_Store -exclude CVS -exclude .svn -exclude .git -exclude .hg -strip-unsigned-binaries -strip-deterministic -strip-tool /Applications/Xcode_26.6.app/Contents/Developer/Toolchains/XcodeDefault.xctoolchain/usr/bin/strip -resolve-src-symlinks -rename /Users/runner/work/orbit/orbit/NotchOrbitPlus/build/DerivedData/Build/Intermediates.noindex/NotchOrbitPlus.build/Debug/NotchOrbitPlusTests.build/Objects-normal/arm64/NotchOrbitPlusTests.swiftmodule /Users/runner/work/orbit/orbit/NotchOrbitPlus/build/DerivedData/Build/Products/Debug/NotchOrbitPlusTests.swiftmodule/arm64-apple-macos.swiftmodule

Copy /Users/runner/work/orbit/orbit/NotchOrbitPlus/build/DerivedData/Build/Products/Debug/NotchOrbitPlusTests.swiftmodule/arm64-apple-macos.swiftdoc /Users/runner/work/orbit/orbit/NotchOrbitPlus/build/DerivedData/Build/Intermediates.noindex/NotchOrbitPlus.build/Debug/NotchOrbitPlusTests.build/Objects-normal/arm64/NotchOrbitPlusTests.swiftdoc (in target 'NotchOrbitPlusTests' from project 'NotchOrbitPlus')
    cd /Users/runner/work/orbit/orbit/NotchOrbitPlus
    builtin-copy -exclude .DS_Store -exclude CVS -exclude .svn -exclude .git -exclude .hg -strip-unsigned-binaries -strip-deterministic -strip-tool /Applications/Xcode_26.6.app/Contents/Developer/Toolchains/XcodeDefault.xctoolchain/usr/bin/strip -resolve-src-symlinks -rename /Users/runner/work/orbit/orbit/NotchOrbitPlus/build/DerivedData/Build/Intermediates.noindex/NotchOrbitPlus.build/Debug/NotchOrbitPlusTests.build/Objects-normal/arm64/NotchOrbitPlusTests.swiftdoc /Users/runner/work/orbit/orbit/NotchOrbitPlus/build/DerivedData/Build/Products/Debug/NotchOrbitPlusTests.swiftmodule/arm64-apple-macos.swiftdoc

Copy /Users/runner/work/orbit/orbit/NotchOrbitPlus/build/DerivedData/Build/Products/Debug/NotchOrbitPlusTests.swiftmodule/arm64-apple-macos.abi.json /Users/runner/work/orbit/orbit/NotchOrbitPlus/build/DerivedData/Build/Intermediates.noindex/NotchOrbitPlus.build/Debug/NotchOrbitPlusTests.build/Objects-normal/arm64/NotchOrbitPlusTests.abi.json (in target 'NotchOrbitPlusTests' from project 'NotchOrbitPlus')
    cd /Users/runner/work/orbit/orbit/NotchOrbitPlus
    builtin-copy -exclude .DS_Store -exclude CVS -exclude .svn -exclude .git -exclude .hg -strip-unsigned-binaries -strip-deterministic -strip-tool /Applications/Xcode_26.6.app/Contents/Developer/Toolchains/XcodeDefault.xctoolchain/usr/bin/strip -resolve-src-symlinks -rename /Users/runner/work/orbit/orbit/NotchOrbitPlus/build/DerivedData/Build/Intermediates.noindex/NotchOrbitPlus.build/Debug/NotchOrbitPlusTests.build/Objects-normal/arm64/NotchOrbitPlusTests.abi.json /Users/runner/work/orbit/orbit/NotchOrbitPlus/build/DerivedData/Build/Products/Debug/NotchOrbitPlusTests.swiftmodule/arm64-apple-macos.abi.json

Copy /Users/runner/work/orbit/orbit/NotchOrbitPlus/build/DerivedData/Build/Products/Debug/NotchOrbitPlusTests.swiftmodule/Project/arm64-apple-macos.swiftsourceinfo /Users/runner/work/orbit/orbit/NotchOrbitPlus/build/DerivedData/Build/Intermediates.noindex/NotchOrbitPlus.build/Debug/NotchOrbitPlusTests.build/Objects-normal/arm64/NotchOrbitPlusTests.swiftsourceinfo (in target 'NotchOrbitPlusTests' from project 'NotchOrbitPlus')
    cd /Users/runner/work/orbit/orbit/NotchOrbitPlus
    builtin-copy -exclude .DS_Store -exclude CVS -exclude .svn -exclude .git -exclude .hg -strip-unsigned-binaries -strip-deterministic -strip-tool /Applications/Xcode_26.6.app/Contents/Developer/Toolchains/XcodeDefault.xctoolchain/usr/bin/strip -resolve-src-symlinks -rename /Users/runner/work/orbit/orbit/NotchOrbitPlus/build/DerivedData/Build/Intermediates.noindex/NotchOrbitPlus.build/Debug/NotchOrbitPlusTests.build/Objects-normal/arm64/NotchOrbitPlusTests.swiftsourceinfo /Users/runner/work/orbit/orbit/NotchOrbitPlus/build/DerivedData/Build/Products/Debug/NotchOrbitPlusTests.swiftmodule/Project/arm64-apple-macos.swiftsourceinfo

SwiftCompile normal arm64 Compiling\ AppIntentEvaluationTests.swift,\ AppearancePriorityEvaluationTests.swift,\ AssistantFileActionsEvaluationTests.swift,\ CaptureFilesEvaluationTests.swift,\ ClipboardOCREvaluationTests.swift,\ CodexQuotaRunnerTests.swift,\ ColorPickerEvaluationTests.swift,\ ContextActivityEvaluationTests.swift,\ DashboardEvaluationTests.swift,\ DictationEvaluationTests.swift,\ DistributionEvaluationTests.swift,\ ExpandedCompactEvaluationTests.swift,\ FocusAppHidingEvaluationTests.swift,\ GithubActionsClientTests.swift,\ HUDLifecycleEvaluationTests.swift,\ LRCLyricsClientTests.swift /Users/runner/work/orbit/orbit/NotchOrbitPlus/Tests/NotchOrbitPlusTests/AppIntentEvaluationTests.swift /Users/runner/work/orbit/orbit/NotchOrbitPlus/Tests/NotchOrbitPlusTests/AppearancePriorityEvaluationTests.swift /Users/runner/work/orbit/orbit/NotchOrbitPlus/Tests/NotchOrbitPlusTests/AssistantFileActionsEvaluationTests.swift /Users/runner/work/orbit/orbit/NotchOrbitPlus/Tests/NotchOrbitPlusTests/CaptureFilesEvaluationTests.swift /Users/runner/work/orbit/orbit/NotchOrbitPlus/Tests/NotchOrbitPlusTests/ClipboardOCREvaluationTests.swift /Users/runner/work/orbit/orbit/NotchOrbitPlus/Tests/NotchOrbitPlusTests/CodexQuotaRunnerTests.swift /Users/runner/work/orbit/orbit/NotchOrbitPlus/Tests/NotchOrbitPlusTests/ColorPickerEvaluationTests.swift /Users/runner/work/orbit/orbit/NotchOrbitPlus/Tests/NotchOrbitPlusTests/ContextActivityEvaluationTests.swift /Users/runner/work/orbit/orbit/NotchOrbitPlus/Tests/NotchOrbitPlusTests/DashboardEvaluationTests.swift /Users/runner/work/orbit/orbit/NotchOrbitPlus/Tests/NotchOrbitPlusTests/DictationEvaluationTests.swift /Users/runner/work/orbit/orbit/NotchOrbitPlus/Tests/NotchOrbitPlusTests/DistributionEvaluationTests.swift /Users/runner/work/orbit/orbit/NotchOrbitPlus/Tests/NotchOrbitPlusTests/ExpandedCompactEvaluationTests.swift /Users/runner/work/orbit/orbit/NotchOrbitPlus/Tests/NotchOrbitPlusTests/FocusAppHidingEvaluationTests.swift /Users/runner/work/orbit/orbit/NotchOrbitPlus/Tests/NotchOrbitPlusTests/GithubActionsClientTests.swift /Users/runner/work/orbit/orbit/NotchOrbitPlus/Tests/NotchOrbitPlusTests/HUDLifecycleEvaluationTests.swift /Users/runner/work/orbit/orbit/NotchOrbitPlus/Tests/NotchOrbitPlusTests/LRCLyricsClientTests.swift (in target 'NotchOrbitPlusTests' from project 'NotchOrbitPlus')
SwiftCompile normal arm64 /Users/runner/work/orbit/orbit/NotchOrbitPlus/Tests/NotchOrbitPlusTests/AppIntentEvaluationTests.swift (in target 'NotchOrbitPlusTests' from project 'NotchOrbitPlus')
    cd /Users/runner/work/orbit/orbit/NotchOrbitPlus
    

SwiftCompile normal arm64 /Users/runner/work/orbit/orbit/NotchOrbitPlus/Tests/NotchOrbitPlusTests/AppearancePriorityEvaluationTests.swift (in target 'NotchOrbitPlusTests' from project 'NotchOrbitPlus')
    cd /Users/runner/work/orbit/orbit/NotchOrbitPlus
    

SwiftCompile normal arm64 /Users/runner/work/orbit/orbit/NotchOrbitPlus/Tests/NotchOrbitPlusTests/AssistantFileActionsEvaluationTests.swift (in target 'NotchOrbitPlusTests' from project 'NotchOrbitPlus')
    cd /Users/runner/work/orbit/orbit/NotchOrbitPlus
    

SwiftCompile normal arm64 /Users/runner/work/orbit/orbit/NotchOrbitPlus/Tests/NotchOrbitPlusTests/CaptureFilesEvaluationTests.swift (in target 'NotchOrbitPlusTests' from project 'NotchOrbitPlus')
    cd /Users/runner/work/orbit/orbit/NotchOrbitPlus
    

SwiftCompile normal arm64 /Users/runner/work/orbit/orbit/NotchOrbitPlus/Tests/NotchOrbitPlusTests/ClipboardOCREvaluationTests.swift (in target 'NotchOrbitPlusTests' from project 'NotchOrbitPlus')
    cd /Users/runner/work/orbit/orbit/NotchOrbitPlus
    

SwiftCompile normal arm64 /Users/runner/work/orbit/orbit/NotchOrbitPlus/Tests/NotchOrbitPlusTests/CodexQuotaRunnerTests.swift (in target 'NotchOrbitPlusTests' from project 'NotchOrbitPlus')
    cd /Users/runner/work/orbit/orbit/NotchOrbitPlus
    

SwiftCompile normal arm64 /Users/runner/work/orbit/orbit/NotchOrbitPlus/Tests/NotchOrbitPlusTests/ColorPickerEvaluationTests.swift (in target 'NotchOrbitPlusTests' from project 'NotchOrbitPlus')
    cd /Users/runner/work/orbit/orbit/NotchOrbitPlus
    

SwiftCompile normal arm64 /Users/runner/work/orbit/orbit/NotchOrbitPlus/Tests/NotchOrbitPlusTests/ContextActivityEvaluationTests.swift (in target 'NotchOrbitPlusTests' from project 'NotchOrbitPlus')
    cd /Users/runner/work/orbit/orbit/NotchOrbitPlus
    

SwiftCompile normal arm64 /Users/runner/work/orbit/orbit/NotchOrbitPlus/Tests/NotchOrbitPlusTests/DashboardEvaluationTests.swift (in target 'NotchOrbitPlusTests' from project 'NotchOrbitPlus')
    cd /Users/runner/work/orbit/orbit/NotchOrbitPlus
    

SwiftCompile normal arm64 /Users/runner/work/orbit/orbit/NotchOrbitPlus/Tests/NotchOrbitPlusTests/DictationEvaluationTests.swift (in target 'NotchOrbitPlusTests' from project 'NotchOrbitPlus')
    cd /Users/runner/work/orbit/orbit/NotchOrbitPlus
    

SwiftCompile normal arm64 /Users/runner/work/orbit/orbit/NotchOrbitPlus/Tests/NotchOrbitPlusTests/DistributionEvaluationTests.swift (in target 'NotchOrbitPlusTests' from project 'NotchOrbitPlus')
    cd /Users/runner/work/orbit/orbit/NotchOrbitPlus
    

SwiftCompile normal arm64 /Users/runner/work/orbit/orbit/NotchOrbitPlus/Tests/NotchOrbitPlusTests/ExpandedCompactEvaluationTests.swift (in target 'NotchOrbitPlusTests' from project 'NotchOrbitPlus')
    cd /Users/runner/work/orbit/orbit/NotchOrbitPlus
    

SwiftCompile normal arm64 /Users/runner/work/orbit/orbit/NotchOrbitPlus/Tests/NotchOrbitPlusTests/FocusAppHidingEvaluationTests.swift (in target 'NotchOrbitPlusTests' from project 'NotchOrbitPlus')
    cd /Users/runner/work/orbit/orbit/NotchOrbitPlus
    
/Users/runner/work/orbit/orbit/NotchOrbitPlus/Tests/NotchOrbitPlusTests/FocusAppHidingEvaluationTests.swift:70:22: warning: 'allowRestore' mutated after capture by sendable closure
        allowRestore = true; store.restore()
                     ^
/Users/runner/work/orbit/orbit/NotchOrbitPlus/Tests/NotchOrbitPlusTests/FocusAppHidingEvaluationTests.swift:16:13: note: variable defined here
        var allowRestore = true
            ^
/Users/runner/work/orbit/orbit/NotchOrbitPlus/Tests/NotchOrbitPlusTests/FocusAppHidingEvaluationTests.swift:22:24: note: variable captured by sendable closure
            }, unhide: { pid in
                       ^
/Users/runner/work/orbit/orbit/NotchOrbitPlus/Tests/NotchOrbitPlusTests/FocusAppHidingEvaluationTests.swift:24:23: note: capturing use
                guard allowRestore else { return false }
                      ^
/Users/runner/work/orbit/orbit/NotchOrbitPlus/Tests/NotchOrbitPlusTests/FocusAppHidingEvaluationTests.swift:16:13: note: variable defined here
        var allowRestore = true
            ^
/Users/runner/work/orbit/orbit/NotchOrbitPlus/Tests/NotchOrbitPlusTests/FocusAppHidingEvaluationTests.swift:22:24: note: variable captured by sendable closure
            }, unhide: { pid in
                       ^
/Users/runner/work/orbit/orbit/NotchOrbitPlus/Tests/NotchOrbitPlusTests/FocusAppHidingEvaluationTests.swift:24:23: note: capturing use
                guard allowRestore else { return false }
                      ^
/Users/runner/work/orbit/orbit/NotchOrbitPlus/Tests/NotchOrbitPlusTests/FocusAppHidingEvaluationTests.swift:187:30: warning: 'allowCapacityRestore' mutated after capture by sendable closure
        allowCapacityRestore = true
                             ^
/Users/runner/work/orbit/orbit/NotchOrbitPlus/Tests/NotchOrbitPlusTests/FocusAppHidingEvaluationTests.swift:117:13: note: variable defined here
        var allowCapacityRestore = false
            ^
/Users/runner/work/orbit/orbit/NotchOrbitPlus/Tests/NotchOrbitPlusTests/FocusAppHidingEvaluationTests.swift:124:24: note: variable captured by sendable closure
            }, unhide: { pid in
                       ^
/Users/runner/work/orbit/orbit/NotchOrbitPlus/Tests/NotchOrbitPlusTests/FocusAppHidingEvaluationTests.swift:126:23: note: capturing use
                guard allowCapacityRestore else { return false }
                      ^
/Users/runner/work/orbit/orbit/NotchOrbitPlus/Tests/NotchOrbitPlusTests/FocusAppHidingEvaluationTests.swift:117:13: note: variable defined here
        var allowCapacityRestore = false
            ^
/Users/runner/work/orbit/orbit/NotchOrbitPlus/Tests/NotchOrbitPlusTests/FocusAppHidingEvaluationTests.swift:124:24: note: variable captured by sendable closure
            }, unhide: { pid in
                       ^
/Users/runner/work/orbit/orbit/NotchOrbitPlus/Tests/NotchOrbitPlusTests/FocusAppHidingEvaluationTests.swift:126:23: note: capturing use
                guard allowCapacityRestore else { return false }
                      ^

SwiftCompile normal arm64 /Users/runner/work/orbit/orbit/NotchOrbitPlus/Tests/NotchOrbitPlusTests/GithubActionsClientTests.swift (in target 'NotchOrbitPlusTests' from project 'NotchOrbitPlus')
    cd /Users/runner/work/orbit/orbit/NotchOrbitPlus
    

SwiftCompile normal arm64 /Users/runner/work/orbit/orbit/NotchOrbitPlus/Tests/NotchOrbitPlusTests/HUDLifecycleEvaluationTests.swift (in target 'NotchOrbitPlusTests' from project 'NotchOrbitPlus')
    cd /Users/runner/work/orbit/orbit/NotchOrbitPlus
    

SwiftCompile normal arm64 /Users/runner/work/orbit/orbit/NotchOrbitPlus/Tests/NotchOrbitPlusTests/LRCLyricsClientTests.swift (in target 'NotchOrbitPlusTests' from project 'NotchOrbitPlus')
    cd /Users/runner/work/orbit/orbit/NotchOrbitPlus
    

SwiftDriverJobDiscovery normal arm64 Compiling AppModel.swift, ArchiveEngine.swift, FileEngine.swift, FileInspector.swift, ImageEngine.swift, MediaEngine.swift, OutputTransaction.swift, PDFEngine.swift, DashboardPreferences.swift, GlobalNotchShortcut.swift, LiveCompactView.swift, NotchDashboardController.swift, NotchDashboardView.swift, PlusFullscreenDetection.swift, PlusIntegration.swift, NotchDragMonitor.swift, NotchPanelController.swift, NotchScreenLayout.swift, NotchOrbitPlusApp.swift, CommandHelpers.swift, CommandSocketListener.swift, CommandsTool.swift, DownloadsTool.swift (in target 'NotchOrbitPlus' from project 'NotchOrbitPlus')

SwiftDriverJobDiscovery normal arm64 Compiling PluginSandboxTests.swift, PluginsStateEvaluationTests.swift, ProviderRequestContractTests.swift, ProviderStateEvaluationTests.swift, PublicServiceEvaluationTests.swift, QRToolEvaluationTests.swift, ShelfQuickLookEvaluationTests.swift, SpotifyArtworkClientTests.swift, SyncFolderIOTests.swift, SyncLocalTransactionTests.swift, TranslationEvaluationTests.swift, UpdateClientEvaluationTests.swift, WorkflowExplicitRunTests.swift, WorkflowRunnerTests.swift, WorkflowVideoTests.swift (in target 'NotchOrbitPlusTests' from project 'NotchOrbitPlus')

SwiftDriver\ Compilation NotchOrbitPlus normal arm64 com.apple.xcode.tools.swift.compiler (in target 'NotchOrbitPlus' from project 'NotchOrbitPlus')
    cd /Users/runner/work/orbit/orbit/NotchOrbitPlus
    builtin-Swift-Compilation -- /Applications/Xcode_26.6.app/Contents/Developer/Toolchains/XcodeDefault.xctoolchain/usr/bin/swiftc -module-name NotchOrbitPlus -Onone @/Users/runner/work/orbit/orbit/NotchOrbitPlus/build/DerivedData/Build/Intermediates.noindex/NotchOrbitPlus.build/Debug/NotchOrbitPlus.build/Objects-normal/arm64/NotchOrbitPlus.SwiftFileList -DDEBUG -enable-experimental-feature DebugDescriptionMacro -sdk /Applications/Xcode_26.6.app/Contents/Developer/Platforms/MacOSX.platform/Developer/SDKs/MacOSX26.5.sdk -target arm64-apple-macos14.0 -g -module-cache-path /Users/runner/work/orbit/orbit/NotchOrbitPlus/build/DerivedData/ModuleCache.noindex -Xfrontend -serialize-debugging-options -enable-testing -index-store-path /Users/runner/work/orbit/orbit/NotchOrbitPlus/build/DerivedData/Index.noindex/DataStore -swift-version 6 -I /Users/runner/work/orbit/orbit/NotchOrbitPlus/build/DerivedData/Build/Products/Debug -I /Users/runner/work/orbit/orbit/NotchOrbitPlus/build/DerivedData/Build/Products/Debug -F /Users/runner/work/orbit/orbit/NotchOrbitPlus/build/DerivedData/Build/Products/Debug -c -j3 -enable-batch-mode -incremental -Xcc -ivfsstatcache -Xcc /Users/runner/work/orbit/orbit/NotchOrbitPlus/build/DerivedData/SDKStatCaches.noindex/macosx26.5-25F70-688ef53f1462e2c8f657fdc38a81448fee0e6409aa6676c5e6c013d148225433.sdkstatcache -output-file-map /Users/runner/work/orbit/orbit/NotchOrbitPlus/build/DerivedData/Build/Intermediates.noindex/NotchOrbitPlus.build/Debug/NotchOrbitPlus.build/Objects-normal/arm64/NotchOrbitPlus-OutputFileMap.json -use-frontend-parseable-output -save-temps -no-color-diagnostics -explicit-module-build -module-cache-path /Users/runner/work/orbit/orbit/NotchOrbitPlus/build/DerivedData/Build/Intermediates.noindex/SwiftExplicitPrecompiledModules -clang-scanner-module-cache-path /Users/runner/work/orbit/orbit/NotchOrbitPlus/build/DerivedData/ModuleCache.noindex -sdk-module-cache-path /Users/runner/work/orbit/orbit/NotchOrbitPlus/build/DerivedData/ModuleCache.noindex -serialize-diagnostics -emit-dependencies -emit-module -emit-module-path /Users/runner/work/orbit/orbit/NotchOrbitPlus/build/DerivedData/Build/Intermediates.noindex/NotchOrbitPlus.build/Debug/NotchOrbitPlus.build/Objects-normal/arm64/NotchOrbitPlus.swiftmodule -validate-clang-modules-once -clang-build-session-file /Users/runner/work/orbit/orbit/NotchOrbitPlus/build/DerivedData/ModuleCache.noindex/Session.modulevalidation -Xcc -I/Users/runner/work/orbit/orbit/NotchOrbitPlus/build/DerivedData/Build/Intermediates.noindex/NotchOrbitPlus.build/Debug/NotchOrbitPlus.build/swift-overrides.hmap -emit-const-values -Xfrontend -const-gather-protocols-file -Xfrontend /Users/runner/work/orbit/orbit/NotchOrbitPlus/build/DerivedData/Build/Intermediates.noindex/NotchOrbitPlus.build/Debug/NotchOrbitPlus.build/Objects-normal/arm64/NotchOrbitPlus_const_extract_protocols.json -Xcc -iquote -Xcc /Users/runner/work/orbit/orbit/NotchOrbitPlus/build/DerivedData/Build/Intermediates.noindex/NotchOrbitPlus.build/Debug/NotchOrbitPlus.build/NotchOrbitPlus-generated-files.hmap -Xcc -I/Users/runner/work/orbit/orbit/NotchOrbitPlus/build/DerivedData/Build/Intermediates.noindex/NotchOrbitPlus.build/Debug/NotchOrbitPlus.build/NotchOrbitPlus-own-target-headers.hmap -Xcc -I/Users/runner/work/orbit/orbit/NotchOrbitPlus/build/DerivedData/Build/Intermediates.noindex/NotchOrbitPlus.build/Debug/NotchOrbitPlus.build/NotchOrbitPlus-all-non-framework-target-headers.hmap -Xcc -ivfsoverlay -Xcc /Users/runner/work/orbit/orbit/NotchOrbitPlus/build/DerivedData/Build/Intermediates.noindex/NotchOrbitPlus.build/Debug/NotchOrbitPlus-f72668d2e0dd56b95fac80a5a9a4b360-VFS/all-product-headers.yaml -Xcc -iquote -Xcc /Users/runner/work/orbit/orbit/NotchOrbitPlus/build/DerivedData/Build/Intermediates.noindex/NotchOrbitPlus.build/Debug/NotchOrbitPlus.build/NotchOrbitPlus-project-headers.hmap -Xcc -I/Users/runner/work/orbit/orbit/NotchOrbitPlus/build/DerivedData/Build/Products/Debug/include -Xcc -I/Users/runner/work/orbit/orbit/build/WebP/include -Xcc -I/Users/runner/work/orbit/orbit/NotchOrbitPlus/build/DerivedData/Build/Intermediates.noindex/NotchOrbitPlus.build/Debug/NotchOrbitPlus.build/DerivedSources-normal/arm64 -Xcc -I/Users/runner/work/orbit/orbit/NotchOrbitPlus/build/DerivedData/Build/Intermediates.noindex/NotchOrbitPlus.build/Debug/NotchOrbitPlus.build/DerivedSources/arm64 -Xcc -I/Users/runner/work/orbit/orbit/NotchOrbitPlus/build/DerivedData/Build/Intermediates.noindex/NotchOrbitPlus.build/Debug/NotchOrbitPlus.build/DerivedSources -emit-objc-header -emit-objc-header-path /Users/runner/work/orbit/orbit/NotchOrbitPlus/build/DerivedData/Build/Intermediates.noindex/NotchOrbitPlus.build/Debug/NotchOrbitPlus.build/Objects-normal/arm64/NotchOrbitPlus-Swift.h -import-objc-header /Users/runner/work/orbit/orbit/Sources/OrbitDrop/WebPBridge.h -working-directory /Users/runner/work/orbit/orbit/NotchOrbitPlus -experimental-emit-module-separately -disable-cmo

Ld /Users/runner/work/orbit/orbit/NotchOrbitPlus/build/DerivedData/Build/Products/Debug/NotchOrbitPlus.app/Contents/MacOS/NotchOrbitPlus.debug.dylib normal (in target 'NotchOrbitPlus' from project 'NotchOrbitPlus')
    cd /Users/runner/work/orbit/orbit/NotchOrbitPlus
    /Applications/Xcode_26.6.app/Contents/Developer/Toolchains/XcodeDefault.xctoolchain/usr/bin/clang -Xlinker -reproducible -target arm64-apple-macos14.0 -dynamiclib -isysroot /Applications/Xcode_26.6.app/Contents/Developer/Platforms/MacOSX.platform/Developer/SDKs/MacOSX26.5.sdk -Os -L/Users/runner/work/orbit/orbit/NotchOrbitPlus/build/DerivedData/Build/Intermediates.noindex/EagerLinkingTBDs/Debug -L/Users/runner/work/orbit/orbit/NotchOrbitPlus/build/DerivedData/Build/Products/Debug -F/Users/runner/work/orbit/orbit/NotchOrbitPlus/build/DerivedData/Build/Intermediates.noindex/EagerLinkingTBDs/Debug -F/Users/runner/work/orbit/orbit/NotchOrbitPlus/build/DerivedData/Build/Products/Debug -filelist /Users/runner/work/orbit/orbit/NotchOrbitPlus/build/DerivedData/Build/Intermediates.noindex/NotchOrbitPlus.build/Debug/NotchOrbitPlus.build/Objects-normal/arm64/NotchOrbitPlus.LinkFileList -install_name @rpath/NotchOrbitPlus.debug.dylib -Xlinker -rpath -Xlinker /usr/lib/swift -Xlinker -rpath -Xlinker @executable_path/../Frameworks -Xlinker -object_path_lto -Xlinker /Users/runner/work/orbit/orbit/NotchOrbitPlus/build/DerivedData/Build/Intermediates.noindex/NotchOrbitPlus.build/Debug/NotchOrbitPlus.build/Objects-normal/arm64/NotchOrbitPlus_lto.o -rdynamic -Xlinker -dependency_info -Xlinker /Users/runner/work/orbit/orbit/NotchOrbitPlus/build/DerivedData/Build/Intermediates.noindex/NotchOrbitPlus.build/Debug/NotchOrbitPlus.build/Objects-normal/arm64/NotchOrbitPlus_dependency_info.dat -fobjc-link-runtime -L/Applications/Xcode_26.6.app/Contents/Developer/Toolchains/XcodeDefault.xctoolchain/usr/lib/swift/macosx -L/usr/lib/swift -Xlinker -add_ast_path -Xlinker /Users/runner/work/orbit/orbit/NotchOrbitPlus/build/DerivedData/Build/Intermediates.noindex/NotchOrbitPlus.build/Debug/NotchOrbitPlus.build/Objects-normal/arm64/NotchOrbitPlus.swiftmodule @/Users/runner/work/orbit/orbit/NotchOrbitPlus/build/DerivedData/Build/Intermediates.noindex/NotchOrbitPlus.build/Debug/NotchOrbitPlus.build/Objects-normal/arm64/NotchOrbitPlus-linker-args.resp -L/Users/runner/work/orbit/orbit/NotchOrbitPlus/../build/WebP/lib -lwebp -lsharpyuv -weak_framework FoundationModels -weak_framework Translation -Xlinker -alias -Xlinker _main -Xlinker ___debug_main_executable_dylib_entry_point -lOrbitCore -lNotchCore -o /Users/runner/work/orbit/orbit/NotchOrbitPlus/build/DerivedData/Build/Products/Debug/NotchOrbitPlus.app/Contents/MacOS/NotchOrbitPlus.debug.dylib -Xlinker -add_ast_path -Xlinker /Users/runner/work/orbit/orbit/NotchOrbitPlus/build/DerivedData/Build/Intermediates.noindex/NotchOrbitPlus.build/Debug/OrbitCore.build/Objects-normal/arm64/OrbitCore.swiftmodule @/Users/runner/work/orbit/orbit/NotchOrbitPlus/build/DerivedData/Build/Intermediates.noindex/NotchOrbitPlus.build/Debug/OrbitCore.build/Objects-normal/arm64/OrbitCore-linker-args.resp -Xlinker -add_ast_path -Xlinker /Users/runner/work/orbit/orbit/NotchOrbitPlus/build/DerivedData/Build/Intermediates.noindex/NotchOrbitPlus.build/Debug/NotchCore.build/Objects-normal/arm64/NotchCore.swiftmodule @/Users/runner/work/orbit/orbit/NotchOrbitPlus/build/DerivedData/Build/Intermediates.noindex/NotchOrbitPlus.build/Debug/NotchCore.build/Objects-normal/arm64/NotchCore-linker-args.resp

ConstructStubExecutorLinkFileList /Users/runner/work/orbit/orbit/NotchOrbitPlus/build/DerivedData/Build/Intermediates.noindex/NotchOrbitPlus.build/Debug/NotchOrbitPlus.build/NotchOrbitPlus-ExecutorLinkFileList-normal-arm64.txt (in target 'NotchOrbitPlus' from project 'NotchOrbitPlus')
    cd /Users/runner/work/orbit/orbit/NotchOrbitPlus
    construct-stub-executor-link-file-list /Users/runner/work/orbit/orbit/NotchOrbitPlus/build/DerivedData/Build/Products/Debug/NotchOrbitPlus.app/Contents/MacOS/NotchOrbitPlus.debug.dylib /Applications/Xcode_26.6.app/Contents/Developer/Platforms/MacOSX.platform/Developer/usr/lib/libPreviewsJITStubExecutor_no_swift_entry_point.a /Applications/Xcode_26.6.app/Contents/Developer/Platforms/MacOSX.platform/Developer/usr/lib/libPreviewsJITStubExecutor.a --output /Users/runner/work/orbit/orbit/NotchOrbitPlus/build/DerivedData/Build/Intermediates.noindex/NotchOrbitPlus.build/Debug/NotchOrbitPlus.build/NotchOrbitPlus-ExecutorLinkFileList-normal-arm64.txt
note: Using stub executor library with Swift entry point. (in target 'NotchOrbitPlus' from project 'NotchOrbitPlus')

Ld /Users/runner/work/orbit/orbit/NotchOrbitPlus/build/DerivedData/Build/Products/Debug/NotchOrbitPlus.app/Contents/MacOS/NotchOrbitPlus normal (in target 'NotchOrbitPlus' from project 'NotchOrbitPlus')
    cd /Users/runner/work/orbit/orbit/NotchOrbitPlus
    /Applications/Xcode_26.6.app/Contents/Developer/Toolchains/XcodeDefault.xctoolchain/usr/bin/clang -Xlinker -reproducible -target arm64-apple-macos14.0 -isysroot /Applications/Xcode_26.6.app/Contents/Developer/Platforms/MacOSX.platform/Developer/SDKs/MacOSX26.5.sdk -Os -L/Users/runner/work/orbit/orbit/NotchOrbitPlus/build/DerivedData/Build/Products/Debug -F/Users/runner/work/orbit/orbit/NotchOrbitPlus/build/DerivedData/Build/Products/Debug -Xlinker -rpath -Xlinker @executable_path -Xlinker -rpath -Xlinker @executable_path/../Frameworks -rdynamic -e ___debug_blank_executor_main -Xlinker -sectcreate -Xlinker __TEXT -Xlinker __debug_dylib -Xlinker /Users/runner/work/orbit/orbit/NotchOrbitPlus/build/DerivedData/Build/Intermediates.noindex/NotchOrbitPlus.build/Debug/NotchOrbitPlus.build/NotchOrbitPlus-DebugDylibPath-normal-arm64.txt -Xlinker -sectcreate -Xlinker __TEXT -Xlinker __debug_instlnm -Xlinker /Users/runner/work/orbit/orbit/NotchOrbitPlus/build/DerivedData/Build/Intermediates.noindex/NotchOrbitPlus.build/Debug/NotchOrbitPlus.build/NotchOrbitPlus-DebugDylibInstallName-normal-arm64.txt -Xlinker -filelist -Xlinker /Users/runner/work/orbit/orbit/NotchOrbitPlus/build/DerivedData/Build/Intermediates.noindex/NotchOrbitPlus.build/Debug/NotchOrbitPlus.build/NotchOrbitPlus-ExecutorLinkFileList-normal-arm64.txt /Users/runner/work/orbit/orbit/NotchOrbitPlus/build/DerivedData/Build/Products/Debug/NotchOrbitPlus.app/Contents/MacOS/NotchOrbitPlus.debug.dylib -o /Users/runner/work/orbit/orbit/NotchOrbitPlus/build/DerivedData/Build/Products/Debug/NotchOrbitPlus.app/Contents/MacOS/NotchOrbitPlus

ExtractAppIntentsMetadata (in target 'NotchOrbitPlus' from project 'NotchOrbitPlus')
    cd /Users/runner/work/orbit/orbit/NotchOrbitPlus
    /Applications/Xcode_26.6.app/Contents/Developer/Toolchains/XcodeDefault.xctoolchain/usr/bin/appintentsmetadataprocessor --toolchain-dir /var/run/com.apple.security.cryptexd/mnt/com.apple.MobileAsset.MetalToolchain-v17.6.109.0.5QT25n/Metal.xctoolchain --module-name NotchOrbitPlus --sdk-root /Applications/Xcode_26.6.app/Contents/Developer/Platforms/MacOSX.platform/Developer/SDKs/MacOSX26.5.sdk --xcode-version 17F113 --platform-family macOS --deployment-target 14.0 --bundle-identifier com.sknitd.NotchOrbitPlus --output /Users/runner/work/orbit/orbit/NotchOrbitPlus/build/DerivedData/Build/Products/Debug/NotchOrbitPlus.app/Contents/Resources --target-triple arm64-apple-macos14.0 --binary-file /Users/runner/work/orbit/orbit/NotchOrbitPlus/build/DerivedData/Build/Products/Debug/NotchOrbitPlus.app/Contents/MacOS/NotchOrbitPlus --dependency-file /Users/runner/work/orbit/orbit/NotchOrbitPlus/build/DerivedData/Build/Intermediates.noindex/NotchOrbitPlus.build/Debug/NotchOrbitPlus.build/Objects-normal/arm64/NotchOrbitPlus_dependency_info.dat --stringsdata-file /Users/runner/work/orbit/orbit/NotchOrbitPlus/build/DerivedData/Build/Intermediates.noindex/NotchOrbitPlus.build/Debug/NotchOrbitPlus.build/Objects-normal/arm64/ExtractedAppShortcutsMetadata.stringsdata --source-file-list /Users/runner/work/orbit/orbit/NotchOrbitPlus/build/DerivedData/Build/Intermediates.noindex/NotchOrbitPlus.build/Debug/NotchOrbitPlus.build/Objects-normal/arm64/NotchOrbitPlus.SwiftFileList --metadata-file-list /Users/runner/work/orbit/orbit/NotchOrbitPlus/build/DerivedData/Build/Intermediates.noindex/NotchOrbitPlus.build/Debug/NotchOrbitPlus.build/NotchOrbitPlus.DependencyMetadataFileList --static-metadata-file-list /Users/runner/work/orbit/orbit/NotchOrbitPlus/build/DerivedData/Build/Intermediates.noindex/NotchOrbitPlus.build/Debug/NotchOrbitPlus.build/NotchOrbitPlus.DependencyStaticMetadataFileList --swift-const-vals-list /Users/runner/work/orbit/orbit/NotchOrbitPlus/build/DerivedData/Build/Intermediates.noindex/NotchOrbitPlus.build/Debug/NotchOrbitPlus.build/Objects-normal/arm64/NotchOrbitPlus.SwiftConstValuesFileList --compile-time-extraction --deployment-aware-processing --validate-assistant-intents --no-app-shortcuts-localization
2026-10-04 20:35:56.219 appintentsmetadataprocessor[31672:78000] Starting appintentsmetadataprocessor export
2026-10-04 20:35:56.269 appintentsmetadataprocessor[31672:78000] Writing Metadata.appintents
2026-10-04 20:35:56.269 appintentsmetadataprocessor[31672:78000] Metadata root: /Users/runner/work/orbit/orbit/NotchOrbitPlus/build/DerivedData/Build/Products/Debug/NotchOrbitPlus.app/Contents/Resources/Metadata.appintents

CopySwiftLibs /Users/runner/work/orbit/orbit/NotchOrbitPlus/build/DerivedData/Build/Products/Debug/NotchOrbitPlus.app (in target 'NotchOrbitPlus' from project 'NotchOrbitPlus')
    cd /Users/runner/work/orbit/orbit/NotchOrbitPlus
    builtin-swiftStdLibTool --copy --verbose --scan-executable /Users/runner/work/orbit/orbit/NotchOrbitPlus/build/DerivedData/Build/Products/Debug/NotchOrbitPlus.app/Contents/MacOS/NotchOrbitPlus.debug.dylib --scan-folder /Users/runner/work/orbit/orbit/NotchOrbitPlus/build/DerivedData/Build/Products/Debug/NotchOrbitPlus.app/Contents/Frameworks --scan-folder /Users/runner/work/orbit/orbit/NotchOrbitPlus/build/DerivedData/Build/Products/Debug/NotchOrbitPlus.app/Contents/PlugIns --scan-folder /Users/runner/work/orbit/orbit/NotchOrbitPlus/build/DerivedData/Build/Products/Debug/NotchOrbitPlus.app/Contents/Library/SystemExtensions --scan-folder /Users/runner/work/orbit/orbit/NotchOrbitPlus/build/DerivedData/Build/Products/Debug/NotchOrbitPlus.app/Contents/Extensions --platform macosx --toolchain /var/run/com.apple.security.cryptexd/mnt/com.apple.MobileAsset.MetalToolchain-v17.6.109.0.5QT25n/Metal.xctoolchain --toolchain /Applications/Xcode_26.6.app/Contents/Developer/Toolchains/XcodeDefault.xctoolchain --destination /Users/runner/work/orbit/orbit/NotchOrbitPlus/build/DerivedData/Build/Products/Debug/NotchOrbitPlus.app/Contents/Frameworks --strip-bitcode --strip-bitcode-tool /Applications/Xcode_26.6.app/Contents/Developer/Toolchains/XcodeDefault.xctoolchain/usr/bin/bitcode_strip --emit-dependency-info /Users/runner/work/orbit/orbit/NotchOrbitPlus/build/DerivedData/Build/Intermediates.noindex/NotchOrbitPlus.build/Debug/NotchOrbitPlus.build/SwiftStdLibToolInputDependencies.dep --filter-for-swift-os --back-deploy-swift-span
Ignoring --strip-bitcode because --sign was not passed

ProcessInfoPlistFile /Users/runner/work/orbit/orbit/NotchOrbitPlus/build/DerivedData/Build/Products/Debug/NotchOrbitPlus.app/Contents/PlugIns/NotchOrbitPlusTests.xctest/Contents/Info.plist /Users/runner/work/orbit/orbit/NotchOrbitPlus/build/DerivedData/Build/Intermediates.noindex/NotchOrbitPlus.build/Debug/NotchOrbitPlusTests.build/empty-NotchOrbitPlusTests.plist (in target 'NotchOrbitPlusTests' from project 'NotchOrbitPlus')
    cd /Users/runner/work/orbit/orbit/NotchOrbitPlus
    builtin-infoPlistUtility /Users/runner/work/orbit/orbit/NotchOrbitPlus/build/DerivedData/Build/Intermediates.noindex/NotchOrbitPlus.build/Debug/NotchOrbitPlusTests.build/empty-NotchOrbitPlusTests.plist -producttype com.apple.product-type.bundle.unit-test -expandbuildsettings -platform macosx -o /Users/runner/work/orbit/orbit/NotchOrbitPlus/build/DerivedData/Build/Products/Debug/NotchOrbitPlus.app/Contents/PlugIns/NotchOrbitPlusTests.xctest/Contents/Info.plist

SwiftDriverJobDiscovery normal arm64 Compiling AppIntentEvaluationTests.swift, AppearancePriorityEvaluationTests.swift, AssistantFileActionsEvaluationTests.swift, CaptureFilesEvaluationTests.swift, ClipboardOCREvaluationTests.swift, CodexQuotaRunnerTests.swift, ColorPickerEvaluationTests.swift, ContextActivityEvaluationTests.swift, DashboardEvaluationTests.swift, DictationEvaluationTests.swift, DistributionEvaluationTests.swift, ExpandedCompactEvaluationTests.swift, FocusAppHidingEvaluationTests.swift, GithubActionsClientTests.swift, HUDLifecycleEvaluationTests.swift, LRCLyricsClientTests.swift (in target 'NotchOrbitPlusTests' from project 'NotchOrbitPlus')

SwiftDriver\ Compilation NotchOrbitPlusTests normal arm64 com.apple.xcode.tools.swift.compiler (in target 'NotchOrbitPlusTests' from project 'NotchOrbitPlus')
    cd /Users/runner/work/orbit/orbit/NotchOrbitPlus
    builtin-Swift-Compilation -- /Applications/Xcode_26.6.app/Contents/Developer/Toolchains/XcodeDefault.xctoolchain/usr/bin/swiftc -module-name NotchOrbitPlusTests -Onone @/Users/runner/work/orbit/orbit/NotchOrbitPlus/build/DerivedData/Build/Intermediates.noindex/NotchOrbitPlus.build/Debug/NotchOrbitPlusTests.build/Objects-normal/arm64/NotchOrbitPlusTests.SwiftFileList -DDEBUG -plugin-path /Applications/Xcode_26.6.app/Contents/Developer/Toolchains/XcodeDefault.xctoolchain/usr/lib/swift/host/plugins/testing -enable-experimental-feature DebugDescriptionMacro -sdk /Applications/Xcode_26.6.app/Contents/Developer/Platforms/MacOSX.platform/Developer/SDKs/MacOSX26.5.sdk -target arm64-apple-macos14.0 -g -module-cache-path /Users/runner/work/orbit/orbit/NotchOrbitPlus/build/DerivedData/ModuleCache.noindex -Xfrontend -serialize-debugging-options -enable-testing -index-store-path /Users/runner/work/orbit/orbit/NotchOrbitPlus/build/DerivedData/Index.noindex/DataStore -swift-version 6 -I /Users/runner/work/orbit/orbit/NotchOrbitPlus/build/DerivedData/Build/Products/Debug -I /Users/runner/work/orbit/orbit/NotchOrbitPlus/build/DerivedData/Build/Products/Debug -Isystem /Applications/Xcode_26.6.app/Contents/Developer/Platforms/MacOSX.platform/Developer/usr/lib -F /Users/runner/work/orbit/orbit/NotchOrbitPlus/build/DerivedData/Build/Products/Debug -F /Applications/Xcode_26.6.app/Contents/Developer/Platforms/MacOSX.platform/Developer/Library/Frameworks -c -j3 -enable-batch-mode -incremental -Xcc -ivfsstatcache -Xcc /Users/runner/work/orbit/orbit/NotchOrbitPlus/build/DerivedData/SDKStatCaches.noindex/macosx26.5-25F70-688ef53f1462e2c8f657fdc38a81448fee0e6409aa6676c5e6c013d148225433.sdkstatcache -output-file-map /Users/runner/work/orbit/orbit/NotchOrbitPlus/build/DerivedData/Build/Intermediates.noindex/NotchOrbitPlus.build/Debug/NotchOrbitPlusTests.build/Objects-normal/arm64/NotchOrbitPlusTests-OutputFileMap.json -use-frontend-parseable-output -save-temps -no-color-diagnostics -explicit-module-build -module-cache-path /Users/runner/work/orbit/orbit/NotchOrbitPlus/build/DerivedData/Build/Intermediates.noindex/SwiftExplicitPrecompiledModules -clang-scanner-module-cache-path /Users/runner/work/orbit/orbit/NotchOrbitPlus/build/DerivedData/ModuleCache.noindex -sdk-module-cache-path /Users/runner/work/orbit/orbit/NotchOrbitPlus/build/DerivedData/ModuleCache.noindex -serialize-diagnostics -emit-dependencies -emit-module -emit-module-path /Users/runner/work/orbit/orbit/NotchOrbitPlus/build/DerivedData/Build/Intermediates.noindex/NotchOrbitPlus.build/Debug/NotchOrbitPlusTests.build/Objects-normal/arm64/NotchOrbitPlusTests.swiftmodule -validate-clang-modules-once -clang-build-session-file /Users/runner/work/orbit/orbit/NotchOrbitPlus/build/DerivedData/ModuleCache.noindex/Session.modulevalidation -Xcc -I/Users/runner/work/orbit/orbit/NotchOrbitPlus/build/DerivedData/Build/Intermediates.noindex/NotchOrbitPlus.build/Debug/NotchOrbitPlusTests.build/swift-overrides.hmap -emit-const-values -Xfrontend -const-gather-protocols-file -Xfrontend /Users/runner/work/orbit/orbit/NotchOrbitPlus/build/DerivedData/Build/Intermediates.noindex/NotchOrbitPlus.build/Debug/NotchOrbitPlusTests.build/Objects-normal/arm64/NotchOrbitPlusTests_const_extract_protocols.json -Xcc -iquote -Xcc /Users/runner/work/orbit/orbit/NotchOrbitPlus/build/DerivedData/Build/Intermediates.noindex/NotchOrbitPlus.build/Debug/NotchOrbitPlusTests.build/NotchOrbitPlusTests-generated-files.hmap -Xcc -I/Users/runner/work/orbit/orbit/NotchOrbitPlus/build/DerivedData/Build/Intermediates.noindex/NotchOrbitPlus.build/Debug/NotchOrbitPlusTests.build/NotchOrbitPlusTests-own-target-headers.hmap -Xcc -I/Users/runner/work/orbit/orbit/NotchOrbitPlus/build/DerivedData/Build/Intermediates.noindex/NotchOrbitPlus.build/Debug/NotchOrbitPlusTests.build/NotchOrbitPlusTests-all-non-framework-target-headers.hmap -Xcc -ivfsoverlay -Xcc /Users/runner/work/orbit/orbit/NotchOrbitPlus/build/DerivedData/Build/Intermediates.noindex/NotchOrbitPlus.build/Debug/NotchOrbitPlus-f72668d2e0dd56b95fac80a5a9a4b360-VFS/all-product-headers.yaml -Xcc -iquote -Xcc /Users/runner/work/orbit/orbit/NotchOrbitPlus/build/DerivedData/Build/Intermediates.noindex/NotchOrbitPlus.build/Debug/NotchOrbitPlusTests.build/NotchOrbitPlusTests-project-headers.hmap -Xcc -I/Users/runner/work/orbit/orbit/NotchOrbitPlus/build/DerivedData/Build/Products/Debug/include -Xcc -I/Users/runner/work/orbit/orbit/build/WebP/include -Xcc -I/Users/runner/work/orbit/orbit/NotchOrbitPlus/build/DerivedData/Build/Intermediates.noindex/NotchOrbitPlus.build/Debug/NotchOrbitPlusTests.build/DerivedSources-normal/arm64 -Xcc -I/Users/runner/work/orbit/orbit/NotchOrbitPlus/build/DerivedData/Build/Intermediates.noindex/NotchOrbitPlus.build/Debug/NotchOrbitPlusTests.build/DerivedSources/arm64 -Xcc -I/Users/runner/work/orbit/orbit/NotchOrbitPlus/build/DerivedData/Build/Intermediates.noindex/NotchOrbitPlus.build/Debug/NotchOrbitPlusTests.build/DerivedSources -emit-objc-header -emit-objc-header-path /Users/runner/work/orbit/orbit/NotchOrbitPlus/build/DerivedData/Build/Intermediates.noindex/NotchOrbitPlus.build/Debug/NotchOrbitPlusTests.build/Objects-normal/arm64/NotchOrbitPlusTests-Swift.h -working-directory /Users/runner/work/orbit/orbit/NotchOrbitPlus -experimental-emit-module-separately -disable-cmo

Ld /Users/runner/work/orbit/orbit/NotchOrbitPlus/build/DerivedData/Build/Products/Debug/NotchOrbitPlus.app/Contents/PlugIns/NotchOrbitPlusTests.xctest/Contents/MacOS/NotchOrbitPlusTests normal (in target 'NotchOrbitPlusTests' from project 'NotchOrbitPlus')
    cd /Users/runner/work/orbit/orbit/NotchOrbitPlus
    /Applications/Xcode_26.6.app/Contents/Developer/Toolchains/XcodeDefault.xctoolchain/usr/bin/clang -Xlinker -reproducible -target arm64-apple-macos14.0 -bundle -isysroot /Applications/Xcode_26.6.app/Contents/Developer/Platforms/MacOSX.platform/Developer/SDKs/MacOSX26.5.sdk -Os -L/Users/runner/work/orbit/orbit/NotchOrbitPlus/build/DerivedData/Build/Intermediates.noindex/EagerLinkingTBDs/Debug -L/Users/runner/work/orbit/orbit/NotchOrbitPlus/build/DerivedData/Build/Products/Debug -L/Applications/Xcode_26.6.app/Contents/Developer/Platforms/MacOSX.platform/Developer/usr/lib -F/Users/runner/work/orbit/orbit/NotchOrbitPlus/build/DerivedData/Build/Intermediates.noindex/EagerLinkingTBDs/Debug -F/Users/runner/work/orbit/orbit/NotchOrbitPlus/build/DerivedData/Build/Products/Debug -iframework /Applications/Xcode_26.6.app/Contents/Developer/Platforms/MacOSX.platform/Developer/Library/Frameworks -filelist /Users/runner/work/orbit/orbit/NotchOrbitPlus/build/DerivedData/Build/Intermediates.noindex/NotchOrbitPlus.build/Debug/NotchOrbitPlusTests.build/Objects-normal/arm64/NotchOrbitPlusTests.LinkFileList -Xlinker -rpath -Xlinker /usr/lib/swift -Xlinker -rpath -Xlinker @loader_path/../Frameworks -Xlinker -rpath -Xlinker @executable_path/../Frameworks -bundle_loader /Users/runner/work/orbit/orbit/NotchOrbitPlus/build/DerivedData/Build/Products/Debug/NotchOrbitPlus.app/Contents/MacOS/NotchOrbitPlus -Xlinker -object_path_lto -Xlinker /Users/runner/work/orbit/orbit/NotchOrbitPlus/build/DerivedData/Build/Intermediates.noindex/NotchOrbitPlus.build/Debug/NotchOrbitPlusTests.build/Objects-normal/arm64/NotchOrbitPlusTests_lto.o -rdynamic -Xlinker -dependency_info -Xlinker /Users/runner/work/orbit/orbit/NotchOrbitPlus/build/DerivedData/Build/Intermediates.noindex/NotchOrbitPlus.build/Debug/NotchOrbitPlusTests.build/Objects-normal/arm64/NotchOrbitPlusTests_dependency_info.dat -fobjc-link-runtime -L/Applications/Xcode_26.6.app/Contents/Developer/Toolchains/XcodeDefault.xctoolchain/usr/lib/swift/macosx -L/usr/lib/swift -Xlinker -add_ast_path -Xlinker /Users/runner/work/orbit/orbit/NotchOrbitPlus/build/DerivedData/Build/Intermediates.noindex/NotchOrbitPlus.build/Debug/NotchOrbitPlusTests.build/Objects-normal/arm64/NotchOrbitPlusTests.swiftmodule @/Users/runner/work/orbit/orbit/NotchOrbitPlus/build/DerivedData/Build/Intermediates.noindex/NotchOrbitPlus.build/Debug/NotchOrbitPlusTests.build/Objects-normal/arm64/NotchOrbitPlusTests-linker-args.resp -Xlinker -needed_framework -Xlinker XCTest -framework XCTest -Xlinker -needed-lXCTestSwiftSupport -lXCTestSwiftSupport -lOrbitCore -lNotchCore /Users/runner/work/orbit/orbit/NotchOrbitPlus/build/DerivedData/Build/Products/Debug/NotchOrbitPlus.app/Contents/MacOS/NotchOrbitPlus.debug.dylib -o /Users/runner/work/orbit/orbit/NotchOrbitPlus/build/DerivedData/Build/Products/Debug/NotchOrbitPlus.app/Contents/PlugIns/NotchOrbitPlusTests.xctest/Contents/MacOS/NotchOrbitPlusTests -Xlinker -add_ast_path -Xlinker /Users/runner/work/orbit/orbit/NotchOrbitPlus/build/DerivedData/Build/Intermediates.noindex/NotchOrbitPlus.build/Debug/OrbitCore.build/Objects-normal/arm64/OrbitCore.swiftmodule @/Users/runner/work/orbit/orbit/NotchOrbitPlus/build/DerivedData/Build/Intermediates.noindex/NotchOrbitPlus.build/Debug/OrbitCore.build/Objects-normal/arm64/OrbitCore-linker-args.resp -Xlinker -add_ast_path -Xlinker /Users/runner/work/orbit/orbit/NotchOrbitPlus/build/DerivedData/Build/Intermediates.noindex/NotchOrbitPlus.build/Debug/NotchCore.build/Objects-normal/arm64/NotchCore.swiftmodule @/Users/runner/work/orbit/orbit/NotchOrbitPlus/build/DerivedData/Build/Intermediates.noindex/NotchOrbitPlus.build/Debug/NotchCore.build/Objects-normal/arm64/NotchCore-linker-args.resp

ExtractAppIntentsMetadata (in target 'NotchOrbitPlusTests' from project 'NotchOrbitPlus')
    cd /Users/runner/work/orbit/orbit/NotchOrbitPlus
    /Applications/Xcode_26.6.app/Contents/Developer/Toolchains/XcodeDefault.xctoolchain/usr/bin/appintentsmetadataprocessor --toolchain-dir /var/run/com.apple.security.cryptexd/mnt/com.apple.MobileAsset.MetalToolchain-v17.6.109.0.5QT25n/Metal.xctoolchain --module-name NotchOrbitPlusTests --sdk-root /Applications/Xcode_26.6.app/Contents/Developer/Platforms/MacOSX.platform/Developer/SDKs/MacOSX26.5.sdk --xcode-version 17F113 --platform-family macOS --deployment-target 14.0 --bundle-identifier com.sknitd.NotchOrbitPlusTests --output /Users/runner/work/orbit/orbit/NotchOrbitPlus/build/DerivedData/Build/Products/Debug/NotchOrbitPlus.app/Contents/PlugIns/NotchOrbitPlusTests.xctest/Contents/Resources --target-triple arm64-apple-macos14.0 --binary-file /Users/runner/work/orbit/orbit/NotchOrbitPlus/build/DerivedData/Build/Products/Debug/NotchOrbitPlus.app/Contents/PlugIns/NotchOrbitPlusTests.xctest/Contents/MacOS/NotchOrbitPlusTests --dependency-file /Users/runner/work/orbit/orbit/NotchOrbitPlus/build/DerivedData/Build/Intermediates.noindex/NotchOrbitPlus.build/Debug/NotchOrbitPlusTests.build/Objects-normal/arm64/NotchOrbitPlusTests_dependency_info.dat --stringsdata-file /Users/runner/work/orbit/orbit/NotchOrbitPlus/build/DerivedData/Build/Intermediates.noindex/NotchOrbitPlus.build/Debug/NotchOrbitPlusTests.build/Objects-normal/arm64/ExtractedAppShortcutsMetadata.stringsdata --source-file-list /Users/runner/work/orbit/orbit/NotchOrbitPlus/build/DerivedData/Build/Intermediates.noindex/NotchOrbitPlus.build/Debug/NotchOrbitPlusTests.build/Objects-normal/arm64/NotchOrbitPlusTests.SwiftFileList --metadata-file-list /Users/runner/work/orbit/orbit/NotchOrbitPlus/build/DerivedData/Build/Intermediates.noindex/NotchOrbitPlus.build/Debug/NotchOrbitPlusTests.build/NotchOrbitPlusTests.DependencyMetadataFileList --static-metadata-file-list /Users/runner/work/orbit/orbit/NotchOrbitPlus/build/DerivedData/Build/Intermediates.noindex/NotchOrbitPlus.build/Debug/NotchOrbitPlusTests.build/NotchOrbitPlusTests.DependencyStaticMetadataFileList --swift-const-vals-list /Users/runner/work/orbit/orbit/NotchOrbitPlus/build/DerivedData/Build/Intermediates.noindex/NotchOrbitPlus.build/Debug/NotchOrbitPlusTests.build/Objects-normal/arm64/NotchOrbitPlusTests.SwiftConstValuesFileList --compile-time-extraction --deployment-aware-processing --validate-assistant-intents --no-app-shortcuts-localization
2026-10-04 20:35:57.898 appintentsmetadataprocessor[31678:78043] Starting appintentsmetadataprocessor export
2026-10-04 20:35:57.911 appintentsmetadataprocessor[31678:78043] Extracted no relevant App Intents symbols, skipping writing output

CopySwiftLibs /Users/runner/work/orbit/orbit/NotchOrbitPlus/build/DerivedData/Build/Products/Debug/NotchOrbitPlus.app/Contents/PlugIns/NotchOrbitPlusTests.xctest (in target 'NotchOrbitPlusTests' from project 'NotchOrbitPlus')
    cd /Users/runner/work/orbit/orbit/NotchOrbitPlus
    builtin-swiftStdLibTool --copy --verbose --scan-executable /Users/runner/work/orbit/orbit/NotchOrbitPlus/build/DerivedData/Build/Products/Debug/NotchOrbitPlus.app/Contents/PlugIns/NotchOrbitPlusTests.xctest/Contents/MacOS/NotchOrbitPlusTests --scan-folder /Users/runner/work/orbit/orbit/NotchOrbitPlus/build/DerivedData/Build/Products/Debug/NotchOrbitPlus.app/Contents/PlugIns/NotchOrbitPlusTests.xctest/Contents/Frameworks --scan-folder /Users/runner/work/orbit/orbit/NotchOrbitPlus/build/DerivedData/Build/Products/Debug/NotchOrbitPlus.app/Contents/PlugIns/NotchOrbitPlusTests.xctest/Contents/PlugIns --scan-folder /Users/runner/work/orbit/orbit/NotchOrbitPlus/build/DerivedData/Build/Products/Debug/NotchOrbitPlus.app/Contents/PlugIns/NotchOrbitPlusTests.xctest/Contents/Library/SystemExtensions --scan-folder /Users/runner/work/orbit/orbit/NotchOrbitPlus/build/DerivedData/Build/Products/Debug/NotchOrbitPlus.app/Contents/PlugIns/NotchOrbitPlusTests.xctest/Contents/Extensions --platform macosx --toolchain /var/run/com.apple.security.cryptexd/mnt/com.apple.MobileAsset.MetalToolchain-v17.6.109.0.5QT25n/Metal.xctoolchain --toolchain /Applications/Xcode_26.6.app/Contents/Developer/Toolchains/XcodeDefault.xctoolchain --destination /Users/runner/work/orbit/orbit/NotchOrbitPlus/build/DerivedData/Build/Products/Debug/NotchOrbitPlus.app/Contents/PlugIns/NotchOrbitPlusTests.xctest/Contents/Frameworks --strip-bitcode --scan-executable /Applications/Xcode_26.6.app/Contents/Developer/Platforms/MacOSX.platform/Developer/usr/lib/libXCTestSwiftSupport.dylib --strip-bitcode-tool /Applications/Xcode_26.6.app/Contents/Developer/Toolchains/XcodeDefault.xctoolchain/usr/bin/bitcode_strip --emit-dependency-info /Users/runner/work/orbit/orbit/NotchOrbitPlus/build/DerivedData/Build/Intermediates.noindex/NotchOrbitPlus.build/Debug/NotchOrbitPlusTests.build/SwiftStdLibToolInputDependencies.dep --filter-for-swift-os --back-deploy-swift-span
Ignoring --strip-bitcode because --sign was not passed

RegisterExecutionPolicyException /Users/runner/work/orbit/orbit/NotchOrbitPlus/build/DerivedData/Build/Products/Debug/NotchOrbitPlus.app/Contents/PlugIns/NotchOrbitPlusTests.xctest (in target 'NotchOrbitPlusTests' from project 'NotchOrbitPlus')
    cd /Users/runner/work/orbit/orbit/NotchOrbitPlus
    builtin-RegisterExecutionPolicyException /Users/runner/work/orbit/orbit/NotchOrbitPlus/build/DerivedData/Build/Products/Debug/NotchOrbitPlus.app/Contents/PlugIns/NotchOrbitPlusTests.xctest

Touch /Users/runner/work/orbit/orbit/NotchOrbitPlus/build/DerivedData/Build/Products/Debug/NotchOrbitPlus.app/Contents/PlugIns/NotchOrbitPlusTests.xctest (in target 'NotchOrbitPlusTests' from project 'NotchOrbitPlus')
    cd /Users/runner/work/orbit/orbit/NotchOrbitPlus
    /usr/bin/touch -c /Users/runner/work/orbit/orbit/NotchOrbitPlus/build/DerivedData/Build/Products/Debug/NotchOrbitPlus.app/Contents/PlugIns/NotchOrbitPlusTests.xctest

RegisterExecutionPolicyException /Users/runner/work/orbit/orbit/NotchOrbitPlus/build/DerivedData/Build/Products/Debug/NotchOrbitPlus.app (in target 'NotchOrbitPlus' from project 'NotchOrbitPlus')
    cd /Users/runner/work/orbit/orbit/NotchOrbitPlus
    builtin-RegisterExecutionPolicyException /Users/runner/work/orbit/orbit/NotchOrbitPlus/build/DerivedData/Build/Products/Debug/NotchOrbitPlus.app

Validate /Users/runner/work/orbit/orbit/NotchOrbitPlus/build/DerivedData/Build/Products/Debug/NotchOrbitPlus.app (in target 'NotchOrbitPlus' from project 'NotchOrbitPlus')
    cd /Users/runner/work/orbit/orbit/NotchOrbitPlus
    builtin-validationUtility /Users/runner/work/orbit/orbit/NotchOrbitPlus/build/DerivedData/Build/Products/Debug/NotchOrbitPlus.app -no-validate-extension -infoplist-subpath Contents/Info.plist

Touch /Users/runner/work/orbit/orbit/NotchOrbitPlus/build/DerivedData/Build/Products/Debug/NotchOrbitPlus.app (in target 'NotchOrbitPlus' from project 'NotchOrbitPlus')
    cd /Users/runner/work/orbit/orbit/NotchOrbitPlus
    /usr/bin/touch -c /Users/runner/work/orbit/orbit/NotchOrbitPlus/build/DerivedData/Build/Products/Debug/NotchOrbitPlus.app

RegisterWithLaunchServices /Users/runner/work/orbit/orbit/NotchOrbitPlus/build/DerivedData/Build/Products/Debug/NotchOrbitPlus.app (in target 'NotchOrbitPlus' from project 'NotchOrbitPlus')
    cd /Users/runner/work/orbit/orbit/NotchOrbitPlus
    /System/Library/Frameworks/CoreServices.framework/Versions/Current/Frameworks/LaunchServices.framework/Versions/Current/Support/lsregister -f -R -trusted /Users/runner/work/orbit/orbit/NotchOrbitPlus/build/DerivedData/Build/Products/Debug/NotchOrbitPlus.app

2026-10-04 20:35:59.127914+0000 NotchOrbitPlus[31689:78177] [Connection] Unable to get synchronousRemoteObjectProxy, error: Error Domain=NSCocoaErrorDomain Code=4097 "connection to service named com.apple.linkd.autoShortcut" UserInfo={NSDebugDescription=connection to service named com.apple.linkd.autoShortcut}
2026-10-04 20:35:59.128550+0000 NotchOrbitPlus[31689:78182] [Connection] Unable to get synchronousRemoteObjectProxy, error: Error Domain=NSCocoaErrorDomain Code=4097 "connection to service named com.apple.linkd.autoShortcut" UserInfo={NSDebugDescription=connection to service named com.apple.linkd.autoShortcut}
2026-10-04 20:35:59.129192+0000 NotchOrbitPlus[31689:78177] [Application] Error registering app with intents framework: Error Domain=NSCocoaErrorDomain Code=4097 "connection to service named com.apple.linkd.autoShortcut" UserInfo={NSDebugDescription=connection to service named com.apple.linkd.autoShortcut}
2026-10-04 20:35:59.129201+0000 NotchOrbitPlus[31689:78176] [Connection] Unable to get synchronousRemoteObjectProxy, error: Error Domain=NSCocoaErrorDomain Code=4097 "connection to service named com.apple.linkd.autoShortcut" UserInfo={NSDebugDescription=connection to service named com.apple.linkd.autoShortcut}
2026-10-04 20:35:59.129212+0000 NotchOrbitPlus[31689:78182] [Connection] Unable to re-register with Process Instance Registry, error: Error Domain=NSCocoaErrorDomain Code=4097 "connection to service named com.apple.linkd.autoShortcut" UserInfo={NSDebugDescription=connection to service named com.apple.linkd.autoShortcut}
2026-10-04 20:35:59.129289+0000 NotchOrbitPlus[31689:78176] [Connection] Unable to re-register with Process Instance Registry, error: Error Domain=NSCocoaErrorDomain Code=4097 "connection to service named com.apple.linkd.autoShortcut" UserInfo={NSDebugDescription=connection to service named com.apple.linkd.autoShortcut}
2026-10-04 20:35:59.129744+0000 NotchOrbitPlus[31689:78182] [Connection] Will NOT re-try to establish the connection
2026-10-04 20:35:59.129914+0000 NotchOrbitPlus[31689:78177] [Connection] Unable to get synchronousRemoteObjectProxy, error: Error Domain=NSCocoaErrorDomain Code=4097 "connection to service named com.apple.linkd.autoShortcut" UserInfo={NSDebugDescription=connection to service named com.apple.linkd.autoShortcut}
2026-10-04 20:35:59.131780+0000 NotchOrbitPlus[31689:78177] [Connection] Unable to re-register with Process Instance Registry, error: Error Domain=NSCocoaErrorDomain Code=4097 "connection to service named com.apple.linkd.autoShortcut" UserInfo={NSDebugDescription=connection to service named com.apple.linkd.autoShortcut}
2026-10-04 20:36:00.055916+0000 NotchOrbitPlus[31689:78157] [WarnOnce] It's not legal to call -layoutSubtreeIfNeeded on a view which is already being laid out.  If you are implementing the view's -layout method, you can call -[super layout] instead.  Break on void _NSDetectedLayoutRecursion(void) to debug.  This will be logged only once.  This may break in the future.
Test Suite 'All tests' started at 2026-10-04 20:36:01.186.
Test Suite 'NotchOrbitPlusTests.xctest' started at 2026-10-04 20:36:01.187.
Test Suite 'AppIntentEvaluationTests' started at 2026-10-04 20:36:01.187.
Test Case '-[NotchOrbitPlusTests.AppIntentEvaluationTests testMemoryFileIsMaterializedOnlyDuringTheExplicitAction]' started.
Test Case '-[NotchOrbitPlusTests.AppIntentEvaluationTests testMemoryFileIsMaterializedOnlyDuringTheExplicitAction]' passed (0.107 seconds).
Test Case '-[NotchOrbitPlusTests.AppIntentEvaluationTests testRealFileIsPreservedAndOversizedOrLinkedInputsNeverReachTheAction]' started.
Test Case '-[NotchOrbitPlusTests.AppIntentEvaluationTests testRealFileIsPreservedAndOversizedOrLinkedInputsNeverReachTheAction]' passed (0.106 seconds).
Test Case '-[NotchOrbitPlusTests.AppIntentEvaluationTests testShelfIntentPublishesGenericFilesBeforeRemovingPrivateInput]' started.
Test Case '-[NotchOrbitPlusTests.AppIntentEvaluationTests testShelfIntentPublishesGenericFilesBeforeRemovingPrivateInput]' passed (0.010 seconds).
Test Case '-[NotchOrbitPlusTests.AppIntentEvaluationTests testShortcutRegistryAndDashboardActionRequireAnInstalledHandler]' started.
Test Case '-[NotchOrbitPlusTests.AppIntentEvaluationTests testShortcutRegistryAndDashboardActionRequireAnInstalledHandler]' passed (0.008 seconds).
Test Suite 'AppIntentEvaluationTests' passed at 2026-10-04 20:36:01.419.
	 Executed 4 tests, with 0 failures (0 unexpected) in 0.231 (0.232) seconds
Test Suite 'AppearancePriorityEvaluationTests' started at 2026-10-04 20:36:01.420.
Test Case '-[NotchOrbitPlusTests.AppearancePriorityEvaluationTests testActualDashboardSettingsRenderLocalDisplayAndSpacePreferencesWithoutPermissionActions]' started.
Test Case '-[NotchOrbitPlusTests.AppearancePriorityEvaluationTests testActualDashboardSettingsRenderLocalDisplayAndSpacePreferencesWithoutPermissionActions]' passed (1.272 seconds).
Test Case '-[NotchOrbitPlusTests.AppearancePriorityEvaluationTests testNativeAppearanceAndPriorityPersistAndRenderWithoutImplicitChanges]' started.
2026-10-04 20:36:02.793451+0000 NotchOrbitPlus[31689:78181] unable to find air64_v27 slice or a compatible one in binary archive 'file:///System/Library/PrivateFrameworks/RenderBox.framework/Resources/archive.metallib' 
 available slices: applegpu_g15g, applegpu_g15s, applegpu_g15d, applegpu_g15d, applegpu_g15g, applegpu_g16s, applegpu_g13g, applegpu_g17p, applegpu_g17g, applegpu_g17s, applegpu_g14g, applegpu_g16g, applegpu_g15s, applegpu_g14s, applegpu_g16s, applegpu_g14d, applegpu_g13s, applegpu_g13d,
2026-10-04 20:36:02.793646+0000 NotchOrbitPlus[31689:78181] unable to find air64_v27 slice or a compatible one in binary archive 'file:///System/Library/PrivateFrameworks/RenderBox.framework/Resources/archive.metallib' 
 available slices: applegpu_g15g, applegpu_g15s, applegpu_g15d, applegpu_g15d, applegpu_g15g, applegpu_g16s, applegpu_g13g, applegpu_g17p, applegpu_g17g, applegpu_g17s, applegpu_g14g, applegpu_g16g, applegpu_g15s, applegpu_g14s, applegpu_g16s, applegpu_g14d, applegpu_g13s, applegpu_g13d,
2026-10-04 20:36:02.793973+0000 NotchOrbitPlus[31689:78181] fopen failed for data file: errno = 2 (No such file or directory)
2026-10-04 20:36:03.043343+0000 NotchOrbitPlus[31689:78157] fopen failed for data file: errno = 2 (No such file or directory)
Test Case '-[NotchOrbitPlusTests.AppearancePriorityEvaluationTests testNativeAppearanceAndPriorityPersistAndRenderWithoutImplicitChanges]' passed (1.210 seconds).
Test Case '-[NotchOrbitPlusTests.AppearancePriorityEvaluationTests testSyncRollbackRestoresTypedPreferencesAndExactPriorStoredObjects]' started.
Test Case '-[NotchOrbitPlusTests.AppearancePriorityEvaluationTests testSyncRollbackRestoresTypedPreferencesAndExactPriorStoredObjects]' passed (0.008 seconds).
Test Case '-[NotchOrbitPlusTests.AppearancePriorityEvaluationTests testUnreadablePreferenceBytesAreRetainedUntilExplicitBackupReset]' started.
Test Case '-[NotchOrbitPlusTests.AppearancePriorityEvaluationTests testUnreadablePreferenceBytesAreRetainedUntilExplicitBackupReset]' passed (0.006 seconds).
Test Suite 'AppearancePriorityEvaluationTests' passed at 2026-10-04 20:36:03.917.
	 Executed 4 tests, with 0 failures (0 unexpected) in 2.496 (2.498) seconds
Test Suite 'AssistantFileActionsEvaluationTests' started at 2026-10-04 20:36:03.918.
Test Case '-[NotchOrbitPlusTests.AssistantFileActionsEvaluationTests testActualMarkdownAndPDFReadersKeepOriginalsAndReadableText]' started.
Test Case '-[NotchOrbitPlusTests.AssistantFileActionsEvaluationTests testActualMarkdownAndPDFReadersKeepOriginalsAndReadableText]' passed (0.035 seconds).
Test Case '-[NotchOrbitPlusTests.AssistantFileActionsEvaluationTests testActualScreenshotOCRBatchCreatesConfirmedNamedCopiesWithoutChangingImages]' started.
IOServiceMatchingfailed for: AppleM2ScalerParavirtDriver
Test Case '-[NotchOrbitPlusTests.AssistantFileActionsEvaluationTests testActualScreenshotOCRBatchCreatesConfirmedNamedCopiesWithoutChangingImages]' passed (1.442 seconds).
Test Case '-[NotchOrbitPlusTests.AssistantFileActionsEvaluationTests testCancelledGeneratorCannotPublishLateFileProposals]' started.
Test Case '-[NotchOrbitPlusTests.AssistantFileActionsEvaluationTests testCancelledGeneratorCannotPublishLateFileProposals]' passed (0.059 seconds).
Test Case '-[NotchOrbitPlusTests.AssistantFileActionsEvaluationTests testNamedCopiesThroughParentAliasNeverOverwriteAndUndoRetainsEditedOutput]' started.
Test Case '-[NotchOrbitPlusTests.AssistantFileActionsEvaluationTests testNamedCopiesThroughParentAliasNeverOverwriteAndUndoRetainsEditedOutput]' passed (0.017 seconds).
Test Case '-[NotchOrbitPlusTests.AssistantFileActionsEvaluationTests testRealFileCSVPreviewRendersWithoutLoadingTheOnDeviceModel]' started.
Test Case '-[NotchOrbitPlusTests.AssistantFileActionsEvaluationTests testRealFileCSVPreviewRendersWithoutLoadingTheOnDeviceModel]' passed (0.361 seconds).
Test Suite 'AssistantFileActionsEvaluationTests' passed at 2026-10-04 20:36:05.834.
	 Executed 5 tests, with 0 failures (0 unexpected) in 1.914 (1.917) seconds
Test Suite 'CaptureFilesEvaluationTests' started at 2026-10-04 20:36:05.835.
Test Case '-[NotchOrbitPlusTests.CaptureFilesEvaluationTests testActualHideCancelsAwaitedScreenshotBeforeScreenCaptureAndPublication]' started.
Test Case '-[NotchOrbitPlusTests.CaptureFilesEvaluationTests testActualHideCancelsAwaitedScreenshotBeforeScreenCaptureAndPublication]' passed (0.007 seconds).
Test Case '-[NotchOrbitPlusTests.CaptureFilesEvaluationTests testDisconnectedVisibilityCancelsQueuedVisibleDeliveryAndCannotReattachAfterDismantle]' started.
Test Case '-[NotchOrbitPlusTests.CaptureFilesEvaluationTests testDisconnectedVisibilityCancelsQueuedVisibleDeliveryAndCannotReattachAfterDismantle]' passed (0.124 seconds).
Test Case '-[NotchOrbitPlusTests.CaptureFilesEvaluationTests testEmptyAndCancelledNativeWriterCannotPublishAPlayableMovie]' started.
2026-10-04 20:36:06.005309+0000 NotchOrbitPlus[31689:78176] [] (Fig) signalled err=0 at <>:85
Test Case '-[NotchOrbitPlusTests.CaptureFilesEvaluationTests testEmptyAndCancelledNativeWriterCannotPublishAPlayableMovie]' passed (0.632 seconds).
Test Case '-[NotchOrbitPlusTests.CaptureFilesEvaluationTests testHostedVisibilityDefersPublishedChangesAndStopsPickerOnHideAndTeardown]' started.
Test Case '-[NotchOrbitPlusTests.CaptureFilesEvaluationTests testHostedVisibilityDefersPublishedChangesAndStopsPickerOnHideAndTeardown]' passed (0.207 seconds).
Test Case '-[NotchOrbitPlusTests.CaptureFilesEvaluationTests testImmediateRecordingHideNeverChecksOrRequestsPermission]' started.
Test Case '-[NotchOrbitPlusTests.CaptureFilesEvaluationTests testImmediateRecordingHideNeverChecksOrRequestsPermission]' passed (0.043 seconds).
Test Case '-[NotchOrbitPlusTests.CaptureFilesEvaluationTests testInvalidatedCaptureGenerationRemovesOnlyItsUnpublishedCopy]' started.
Test Case '-[NotchOrbitPlusTests.CaptureFilesEvaluationTests testInvalidatedCaptureGenerationRemovesOnlyItsUnpublishedCopy]' passed (0.005 seconds).
Test Case '-[NotchOrbitPlusTests.CaptureFilesEvaluationTests testNativeWriterCreatesDecodableMOVAndExtendsAnUnchangedRealFrame]' started.
Test Case '-[NotchOrbitPlusTests.CaptureFilesEvaluationTests testNativeWriterCreatesDecodableMOVAndExtendsAnUnchangedRealFrame]' passed (0.181 seconds).
Test Case '-[NotchOrbitPlusTests.CaptureFilesEvaluationTests testRealPNGBecomesManagedShelfCopyEvenWhenAutoSaveIsOff]' started.
Test Case '-[NotchOrbitPlusTests.CaptureFilesEvaluationTests testRealPNGBecomesManagedShelfCopyEvenWhenAutoSaveIsOff]' passed (0.010 seconds).
Test Case '-[NotchOrbitPlusTests.CaptureFilesEvaluationTests testUnstartedLifecycleNeverRequestsPermissionAndDeniedIntentProducesNoFile]' started.
Test Case '-[NotchOrbitPlusTests.CaptureFilesEvaluationTests testUnstartedLifecycleNeverRequestsPermissionAndDeniedIntentProducesNoFile]' passed (0.002 seconds).
Test Suite 'CaptureFilesEvaluationTests' passed at 2026-10-04 20:36:07.050.
	 Executed 9 tests, with 0 failures (0 unexpected) in 1.210 (1.215) seconds
Test Suite 'ClipboardOCREvaluationTests' started at 2026-10-04 20:36:07.050.
Test Case '-[NotchOrbitPlusTests.ClipboardOCREvaluationTests testCancelledRecognitionOfAValidImageThrowsCancellation]' started.
Test Case '-[NotchOrbitPlusTests.ClipboardOCREvaluationTests testCancelledRecognitionOfAValidImageThrowsCancellation]' passed (0.012 seconds).
Test Case '-[NotchOrbitPlusTests.ClipboardOCREvaluationTests testCapturedImageRecognizesRealTextThatCanBeSearchedAndCopied]' started.
Test Case '-[NotchOrbitPlusTests.ClipboardOCREvaluationTests testCapturedImageRecognizesRealTextThatCanBeSearchedAndCopied]' passed (0.705 seconds).
Test Case '-[NotchOrbitPlusTests.ClipboardOCREvaluationTests testClearingAnImageWithPendingRecognitionCannotRestoreHistory]' started.
Test Case '-[NotchOrbitPlusTests.ClipboardOCREvaluationTests testClearingAnImageWithPendingRecognitionCannotRestoreHistory]' passed (0.039 seconds).
Test Case '-[NotchOrbitPlusTests.ClipboardOCREvaluationTests testInvalidAndOversizedImagesFailWithoutInventedText]' started.
Test Case '-[NotchOrbitPlusTests.ClipboardOCREvaluationTests testInvalidAndOversizedImagesFailWithoutInventedText]' passed (0.513 seconds).
Test Suite 'ClipboardOCREvaluationTests' passed at 2026-10-04 20:36:08.322.
	 Executed 4 tests, with 0 failures (0 unexpected) in 1.269 (1.272) seconds
Test Suite 'CodexQuotaRunnerTests' started at 2026-10-04 20:36:08.322.
Test Case '-[NotchOrbitPlusTests.CodexQuotaRunnerTests testCancellationTerminatesItsOwnPendingSubprocess]' started.
Test Case '-[NotchOrbitPlusTests.CodexQuotaRunnerTests testCancellationTerminatesItsOwnPendingSubprocess]' passed (0.237 seconds).
Test Case '-[NotchOrbitPlusTests.CodexQuotaRunnerTests testClosedCLIInputProducesAnErrorWithoutCrashingTheApplication]' started.
Test Case '-[NotchOrbitPlusTests.CodexQuotaRunnerTests testClosedCLIInputProducesAnErrorWithoutCrashingTheApplication]' passed (0.099 seconds).
Test Case '-[NotchOrbitPlusTests.CodexQuotaRunnerTests testRealSubprocessUsesOnlyDocumentedQuotaHandshake]' started.
Test Case '-[NotchOrbitPlusTests.CodexQuotaRunnerTests testRealSubprocessUsesOnlyDocumentedQuotaHandshake]' passed (0.129 seconds).
Test Suite 'CodexQuotaRunnerTests' passed at 2026-10-04 20:36:08.789.
	 Executed 3 tests, with 0 failures (0 unexpected) in 0.464 (0.467) seconds
Test Suite 'ColorPickerEvaluationTests' started at 2026-10-04 20:36:08.790.
Test Case '-[NotchOrbitPlusTests.ColorPickerEvaluationTests testActualColorPickerRendersWithoutSamplingOrPermissionRequests]' started.
Test Case '-[NotchOrbitPlusTests.ColorPickerEvaluationTests testActualColorPickerRendersWithoutSamplingOrPermissionRequests]' passed (0.497 seconds).
Test Case '-[NotchOrbitPlusTests.ColorPickerEvaluationTests testActualNSColorConvertsToSRGBAndCopiesEverySupportedFormat]' started.
Test Case '-[NotchOrbitPlusTests.ColorPickerEvaluationTests testActualNSColorConvertsToSRGBAndCopiesEverySupportedFormat]' passed (0.005 seconds).
Test Case '-[NotchOrbitPlusTests.ColorPickerEvaluationTests testHiddenPickerIgnoresLateCompletionWithoutOpeningSystemSampler]' started.
Test Case '-[NotchOrbitPlusTests.ColorPickerEvaluationTests testHiddenPickerIgnoresLateCompletionWithoutOpeningSystemSampler]' passed (0.054 seconds).
Test Case '-[NotchOrbitPlusTests.ColorPickerEvaluationTests testSyncPreservesHistoryAndFailedPersistenceLeavesExistingStateUntouched]' started.
Test Case '-[NotchOrbitPlusTests.ColorPickerEvaluationTests testSyncPreservesHistoryAndFailedPersistenceLeavesExistingStateUntouched]' passed (0.004 seconds).
Test Suite 'ColorPickerEvaluationTests' passed at 2026-10-04 20:36:09.353.
	 Executed 4 tests, with 0 failures (0 unexpected) in 0.560 (0.563) seconds
Test Suite 'ContextActivityEvaluationTests' started at 2026-10-04 20:36:09.353.
Test Case '-[NotchOrbitPlusTests.ContextActivityEvaluationTests testCommandListenerRapidHideShowAndDisableEnableHaveDeterministicTeardown]' started.
Thread Performance Checker: Thread running at User-interactive quality-of-service class waiting on a lower QoS thread running at Utility quality-of-service class. Investigate ways to avoid priority inversions
PID: 31689, TID: 78157
Backtrace
=================================================================
0   NotchOrbitPlus.debug.dylib          0x000000010662db74 $s14NotchOrbitPlus21CommandSocketListenerC4stopyyF + 408
1   NotchOrbitPlus.debug.dylib          0x000000010662f408 $s14NotchOrbitPlus15CommandsServiceC9reconcile33_7561B8BA3FFC2BB2A069BA2F0B87FFE0LLyyF + 1384
2   NotchOrbitPlus.debug.dylib          0x0000000106632924 $s14NotchOrbitPlus15CommandsServiceC4stopyyF + 80
3   NotchOrbitPlusTests                 0x000000010e50ab20 $s19NotchOrbitPlusTests025ContextActivityEvaluationD0C73testCommandListenerRapidHideShowAndDisableEnableHaveDeterministicTeardownyyF + 188
4   NotchOrbitPlusTests                 0x000000010e50b168 $s19NotchOrbitPlusTests025ContextActivityEvaluationD0C73testCommandListenerRapidHideShowAndDisableEnableHaveDeterministicTeardownyyFTo + 132
5   CoreFoundation                      0x00000001885a5664 __invoking___ + 148
6   CoreFoundation                      0x00000001885a54f0 -[NSInvocation invoke] + 424
7   XCTestCore                          0x000000010543374c +[XCTFailableInvocation invokeStandardConventionInvocation:completion:] + 64
8   XCTestCore                          0x0000000105433704 __90+[XCTFailableInvocation invokeInvocation:withTestMethodConvention:lastObservedErrorIssue:]_block_invoke_3 + 28
9   XCTestCore                          0x0000000105432db0 __81+[XCTFailableInvocation invokeWithAsynchronousWait:lastObservedErrorIssue:block:]_block_invoke + 364
10  XCTestCore                          0x00000001054234cc __49+[XCTSwiftErrorObservation observeErrorsInBlock:]_block_invoke + 36
11  XCTestCore                          0x00000001054ac4f4 $sSo24XCTSwiftErrorObservationC10XCTestCoreE14_observeErrors33_4641E344ACA55A25D2B1EC985574C54DLL2inSo0abC6ResultCSgyyXE_tFZ + 336
12  XCTestCore                          0x00000001054ac590 $sSo24XCTSwiftErrorObservationC10XCTestCoreE14_observeErrors33_4641E344ACA55A25D2B1EC985574C54DLL2inSo0abC6ResultCSgyyXE_tFZTo + 60
13  XCTestCore                          0x00000001054233c4 +[XCTSwiftErrorObservation observeErrorsInBlock:] + 208
14  XCTestCore                          0x0000000105432b44 +[XCTFailableInvocation invokeWithAsynchronousWait:lastObservedErrorIssue:block:] + 224
15  XCTestCore                          0x00000001054333d8 +[XCTFailableInvocation invokeInvocation:withTestMethodConvention:lastObservedErrorIssue:] + 548
16  XCTestCore                          0x00000001054337f0 +[XCTFailableInvocation invokeInvocation:lastObservedErrorIssue:] + 72
17  XCTestCore                          0x000000010545aff0 -[XCTestCase invokeTestMethod:] + 64
18  XCTestCore                          0x000000010545bc28 __24-[XCTestCase invokeTest]_block_invoke_4 + 56
19  XCTestCore                          0x0000000105489414 -[XCTMemoryChecker _assertInvalidObjectsDeallocatedAfterScope:] + 84
20  XCTestCore                          0x000000010545f2e8 -[XCTestCase assertInvalidObjectsDeallocatedAfterScope:] + 92
21  XCTestCore                          0x000000010545b970 __24-[XCTestCase invokeTest]_block_invoke.112 + 696
22  XCTestCore                          0x0000000105461da4 -[XCTestCase(XCTIssueHandling) _caughtUnhandledDeveloperExceptionPermittingControlFlowInterruptions:caughtInterruptionException:whileExecutingBlock:] + 168
23  XCTestCore                          0x000000010545b2bc -[XCTestCase invokeTest] + 640
24  XCTestCore                          0x000000010545d28c __26-[XCTestCase performTest:]_block_invoke.170 + 36
25  XCTestCore                          0x0000000105461da4 -[XCTestCase(XCTIssueHandling) _caughtUnhandledDeveloperExceptionPermittingControlFlowInterruptions:caughtInterruptionException:whileExecutingBlock:] + 168
26  XCTestCore                          0x000000010545cc7c __26-[XCTestCase performTest:]_block_invoke.155 + 552
27  XCTestCore                          0x000000010542016c +[XCTContext _runInChildOfContext:forTestCase:markAsReportingBase:block:] + 172
28  XCTestCore                          0x000000010542005c +[XCTContext runInContextForTestCase:markAsReportingBase:block:] + 100
29  XCTestCore                          0x000000010545c70c -[XCTestCase performTest:] + 308
30  XCTestCore                          0x0000000105457c54 -[XCTest runTest] + 48
31  XCTestCore                          0x0000000105468944 -[XCTestSuite runTestBasedOnRepetitionPolicy:testRun:] + 64
32  XCTestCore                          0x0000000105468748 __27-[XCTestSuite performTest:]_block_invoke + 184
33  XCTestCore                          0x0000000105467ce0 __59-[XCTestSuite _performProtectedSectionForTest:testSection:]_block_invoke + 48
34  XCTestCore                          0x000000010542016c +[XCTContext _runInChildOfContext:forTestCase:markAsReportingBase:block:] + 172
35  XCTestCore                          0x000000010542005c +[XCTContext runInContextForTestCase:markAsReportingBase:block:] + 100
36  XCTestCore                          0x0000000105467c50 -[XCTestSuite _performProtectedSectionForTest:testSection:] + 168
37  XCTestCore                          0x00000001054681c8 -[XCTestSuite performTest:] + 236
38  XCTestCore                          0x0000000105457c54 -[XCTest runTest] + 48
39  XCTestCore                          0x0000000105468944 -[XCTestSuite runTestBasedOnRepetitionPolicy:testRun:] + 64
40  XCTestCore                          0x0000000105468748 __27-[XCTestSuite performTest:]_block_invoke + 184
41  XCTestCore                          0x0000000105467ce0 __59-[XCTestSuite _performProtectedSectionForTest:testSection:]_block_invoke + 48
42  XCTestCore                          0x000000010542016c +[XCTContext _runInChildOfContext:forTestCase:markAsReportingBase:block:] + 172
43  XCTestCore                          0x000000010542005c +[XCTContext runInContextForTestCase:markAsReportingBase:block:] + 100
44  XCTestCore                          0x0000000105467c50 -[XCTestSuite _performProtectedSectionForTest:testSection:] + 168
45  XCTestCore                          0x00000001054681c8 -[XCTestSuite performTest:] + 236
46  XCTestCore                          0x0000000105457c54 -[XCTest runTest] + 48
47  XCTestCore                          0x0000000105468944 -[XCTestSuite runTestBasedOnRepetitionPolicy:testRun:] + 64
48  XCTestCore                          0x0000000105468748 __27-[XCTestSuite performTest:]_block_invoke + 184
49  XCTestCore                          0x0000000105467ce0 __59-[XCTestSuite _performProtectedSectionForTest:testSection:]_block_invoke + 48
50  XCTestCore                          0x000000010542016c +[XCTContext _runInChildOfContext:forTestCase:markAsReportingBase:block:] + 172
51  XCTestCore                          0x000000010542005c +[XCTContext runInContextForTestCase:markAsReportingBase:block:] + 100
52  XCTestCore                          0x0000000105467c50 -[XCTestSuite _performProtectedSectionForTest:testSection:] + 168
53  XCTestCore                          0x00000001054681c8 -[XCTestSuite performTest:] + 236
54  XCTestCore                          0x0000000105457c54 -[XCTest runTest] + 48
55  XCTestCore                          0x0000000105486140 __89-[XCTTestRunSession executeTestsWithIdentifiers:skippingTestsWithIdentifiers:completion:]_block_invoke + 100
56  XCTestCore                          0x000000010542016c +[XCTContext _runInChildOfContext:forTestCase:markAsReportingBase:block:] + 172
57  XCTestCore                          0x000000010542005c +[XCTContext runInContextForTestCase:markAsReportingBase:block:] + 100
58  XCTestCore                          0x0000000105485fe8 -[XCTTestRunSession executeTestsWithIdentifiers:skippingTestsWithIdentifiers:completion:] + 340
59  XCTestCore                          0x000000010547b7a4 __72-[XCTExecutionWorker enqueueTestIdentifiersToRun:testIdentifiersToSkip:]_block_invoke_2 + 156
60  XCTestCore                          0x000000010547c804 __XCTAsyncEnumerateWithWaiter_block_invoke + 244
61  XCTestCore                          0x000000010547c9b8 __XCTAsyncEnumerate_block_invoke.117 + 64
62  XCTestCore                          0x000000010547b600 XCTAsyncEnumerateWithWaiter + 568
63  XCTestCore                          0x000000010547b378 __72-[XCTExecutionWorker enqueueTestIdentifiersToRun:testIdentifiersToSkip:]_block_invoke + 148
64  XCTestCore                          0x000000010547b8e8 -[XCTExecutionWorker runWithError:] + 84
65  XCTestCore                          0x0000000105479608 __25-[XCTestDriver _runTests]_block_invoke.400 + 56
66  XCTestCore                          0x00000001054906b0 -[XCTestObservationCenter _observeTestExecutionForTestBundle:inBlock:] + 104
67  XCTestCore                          0x0000000105478fe0 -[XCTestDriver _runTests] + 1192
68  XCTestCore                          0x000000010547aff8 _XCTestMain + 96
69  libXCTestBundleInject.dylib         0x00000001042ed440 __RunTests_block_invoke_2 + 0
70  CoreFoundation                      0x00000001885f043c __CFMachPortPerform + 288
71  CoreFoundation                      0x00000001885c54d8 __CFRUNLOOP_IS_CALLING_OUT_TO_A_SOURCE1_PERFORM_FUNCTION__ + 60
72  CoreFoundation                      0x00000001885c5400 __CFRunLoopDoSource1 + 504
73  CoreFoundation                      0x00000001885c3dc8 __CFRunLoopRun + 2168
74  CoreFoundation                      0x0000000188696264 _CFRunLoopRunSpecificWithOptions + 532
75  HIToolbox                           0x00000001953af560 RunCurrentEventLoopInMode + 320
76  HIToolbox                           0x00000001953b28bc ReceiveNextEventCommon + 488
77  HIToolbox                           0x000000019553c14c _BlockUntilNextEventMatchingListInMode + 48
78  AppKit                              0x000000018d0a63d0 _DPSBlockUntilNextEventMatchingListInMode + 228
79  AppKit                              0x000000018c9fa084 _DPSNextEvent + 576
80  AppKit                              0x000000018d58f96c -[NSApplication(NSEventRouting) _nextEventMatchingEventMask:untilDate:inMode:dequeue:] + 688
81  AppKit                              0x000000018d58f678 -[NSApplication(NSEventRouting) nextEventMatchingMask:untilDate:inMode:dequeue:] + 72
82  AppKit                              0x000000018c9ed13c -[NSApplication run] + 368
83  AppKit                              0x000000018c9c57b0 NSApplicationMain + 880
84  SwiftUI                             0x00000001bda59af8 $s7SwiftUI6runAppys5NeverOSo21NSApplicationDelegate_So11NSResponderCXcFTf4e_nAA07TestingdG0C_Tg5Tm + 140
85  SwiftUI                             0x00000001bde148d8 $s7SwiftUI6runAppys5NeverOxAA0D0RzlF + 104
86  SwiftUI                             0x00000001be0e0778 $s7SwiftUI3AppPAAE4mainyyFZ + 224
87  NotchOrbitPlus.debug.dylib          0x000000010660eed0 $s14NotchOrbitPlus0abC3AppV5$mainyyFZ + 40
88  NotchOrbitPlus.debug.dylib          0x0000000106623da0 __debug_main_executable_dylib_entry_point + 12
89  dyld                                0x000000018813c4e4 start + 6992
Thread Performance Checker: Thread running at User-interactive quality-of-service class waiting on a lower QoS thread running at Utility quality-of-service class. Investigate ways to avoid priority inversions
PID: 31689, TID: 78157
Backtrace
=================================================================
0   NotchOrbitPlus.debug.dylib          0x000000010662db74 $s14NotchOrbitPlus21CommandSocketListenerC4stopyyF + 408
1   NotchOrbitPlus.debug.dylib          0x000000010662f408 $s14NotchOrbitPlus15CommandsServiceC9reconcile33_7561B8BA3FFC2BB2A069BA2F0B87FFE0LLyyF + 1384
2   NotchOrbitPlus.debug.dylib          0x000000010662ee94 $s14NotchOrbitPlus15CommandsServiceC20backgroundMonitoringSbvW + 28
3   NotchOrbitPlus.debug.dylib          0x000000010662ee6c $s14NotchOrbitPlus15CommandsServiceC20backgroundMonitoringSbvs + 120
4   NotchOrbitPlus.debug.dylib          0x00000001066329a4 $s14NotchOrbitPlus15CommandsServiceC8shutdownyyF + 116
5   NotchOrbitPlusTests                 0x000000010e50ad08 $s19NotchOrbitPlusTests025ContextActivityEvaluationD0C73testCommandListenerRapidHideShowAndDisableEnableHaveDeterministicTeardownyyF + 676
6   NotchOrbitPlusTests                 0x000000010e50b168 $s19NotchOrbitPlusTests025ContextActivityEvaluationD0C73testCommandListenerRapidHideShowAndDisableEnableHaveDeterministicTeardownyyFTo + 132
7   CoreFoundation                      0x00000001885a5664 __invoking___ + 148
8   CoreFoundation                      0x00000001885a54f0 -[NSInvocation invoke] + 424
9   XCTestCore                          0x000000010543374c +[XCTFailableInvocation invokeStandardConventionInvocation:completion:] + 64
10  XCTestCore                          0x0000000105433704 __90+[XCTFailableInvocation invokeInvocation:withTestMethodConvention:lastObservedErrorIssue:]_block_invoke_3 + 28
11  XCTestCore                          0x0000000105432db0 __81+[XCTFailableInvocation invokeWithAsynchronousWait:lastObservedErrorIssue:block:]_block_invoke + 364
12  XCTestCore                          0x00000001054234cc __49+[XCTSwiftErrorObservation observeErrorsInBlock:]_block_invoke + 36
13  XCTestCore                          0x00000001054ac4f4 $sSo24XCTSwiftErrorObservationC10XCTestCoreE14_observeErrors33_4641E344ACA55A25D2B1EC985574C54DLL2inSo0abC6ResultCSgyyXE_tFZ + 336
14  XCTestCore                          0x00000001054ac590 $sSo24XCTSwiftErrorObservationC10XCTestCoreE14_observeErrors33_4641E344ACA55A25D2B1EC985574C54DLL2inSo0abC6ResultCSgyyXE_tFZTo + 60
15  XCTestCore                          0x00000001054233c4 +[XCTSwiftErrorObservation observeErrorsInBlock:] + 208
16  XCTestCore                          0x0000000105432b44 +[XCTFailableInvocation invokeWithAsynchronousWait:lastObservedErrorIssue:block:] + 224
17  XCTestCore                          0x00000001054333d8 +[XCTFailableInvocation invokeInvocation:withTestMethodConvention:lastObservedErrorIssue:] + 548
18  XCTestCore                          0x00000001054337f0 +[XCTFailableInvocation invokeInvocation:lastObservedErrorIssue:] + 72
19  XCTestCore                          0x000000010545aff0 -[XCTestCase invokeTestMethod:] + 64
20  XCTestCore                          0x000000010545bc28 __24-[XCTestCase invokeTest]_block_invoke_4 + 56
21  XCTestCore                          0x0000000105489414 -[XCTMemoryChecker _assertInvalidObjectsDeallocatedAfterScope:] + 84
22  XCTestCore                          0x000000010545f2e8 -[XCTestCase assertInvalidObjectsDeallocatedAfterScope:] + 92
23  XCTestCore                          0x000000010545b970 __24-[XCTestCase invokeTest]_block_invoke.112 + 696
24  XCTestCore                          0x0000000105461da4 -[XCTestCase(XCTIssueHandling) _caughtUnhandledDeveloperExceptionPermittingControlFlowInterruptions:caughtInterruptionException:whileExecutingBlock:] + 168
25  XCTestCore                          0x000000010545b2bc -[XCTestCase invokeTest] + 640
26  XCTestCore                          0x000000010545d28c __26-[XCTestCase performTest:]_block_invoke.170 + 36
27  XCTestCore                          0x0000000105461da4 -[XCTestCase(XCTIssueHandling) _caughtUnhandledDeveloperExceptionPermittingControlFlowInterruptions:caughtInterruptionException:whileExecutingBlock:] + 168
28  XCTestCore                          0x000000010545cc7c __26-[XCTestCase performTest:]_block_invoke.155 + 552
29  XCTestCore                          0x000000010542016c +[XCTContext _runInChildOfContext:forTestCase:markAsReportingBase:block:] + 172
30  XCTestCore                          0x000000010542005c +[XCTContext runInContextForTestCase:markAsReportingBase:block:] + 100
31  XCTestCore                          0x000000010545c70c -[XCTestCase performTest:] + 308
32  XCTestCore                          0x0000000105457c54 -[XCTest runTest] + 48
33  XCTestCore                          0x0000000105468944 -[XCTestSuite runTestBasedOnRepetitionPolicy:testRun:] + 64
34  XCTestCore                          0x0000000105468748 __27-[XCTestSuite performTest:]_block_invoke + 184
35  XCTestCore                          0x0000000105467ce0 __59-[XCTestSuite _performProtectedSectionForTest:testSection:]_block_invoke + 48
36  XCTestCore                          0x000000010542016c +[XCTContext _runInChildOfContext:forTestCase:markAsReportingBase:block:] + 172
37  XCTestCore                          0x000000010542005c +[XCTContext runInContextForTestCase:markAsReportingBase:block:] + 100
38  XCTestCore                          0x0000000105467c50 -[XCTestSuite _performProtectedSectionForTest:testSection:] + 168
39  XCTestCore                          0x00000001054681c8 -[XCTestSuite performTest:] + 236
40  XCTestCore                          0x0000000105457c54 -[XCTest runTest] + 48
41  XCTestCore                          0x0000000105468944 -[XCTestSuite runTestBasedOnRepetitionPolicy:testRun:] + 64
42  XCTestCore                          0x0000000105468748 __27-[XCTestSuite performTest:]_block_invoke + 184
43  XCTestCore                          0x0000000105467ce0 __59-[XCTestSuite _performProtectedSectionForTest:testSection:]_block_invoke + 48
44  XCTestCore                          0x000000010542016c +[XCTContext _runInChildOfContext:forTestCase:markAsReportingBase:block:] + 172
45  XCTestCore                          0x000000010542005c +[XCTContext runInContextForTestCase:markAsReportingBase:block:] + 100
46  XCTestCore                          0x0000000105467c50 -[XCTestSuite _performProtectedSectionForTest:testSection:] + 168
47  XCTestCore                          0x00000001054681c8 -[XCTestSuite performTest:] + 236
48  XCTestCore                          0x0000000105457c54 -[XCTest runTest] + 48
49  XCTestCore                          0x0000000105468944 -[XCTestSuite runTestBasedOnRepetitionPolicy:testRun:] + 64
50  XCTestCore                          0x0000000105468748 __27-[XCTestSuite performTest:]_block_invoke + 184
51  XCTestCore                          0x0000000105467ce0 __59-[XCTestSuite _performProtectedSectionForTest:testSection:]_block_invoke + 48
52  XCTestCore                          0x000000010542016c +[XCTContext _runInChildOfContext:forTestCase:markAsReportingBase:block:] + 172
53  XCTestCore                          0x000000010542005c +[XCTContext runInContextForTestCase:markAsReportingBase:block:] + 100
54  XCTestCore                          0x0000000105467c50 -[XCTestSuite _performProtectedSectionForTest:testSection:] + 168
55  XCTestCore                          0x00000001054681c8 -[XCTestSuite performTest:] + 236
56  XCTestCore                          0x0000000105457c54 -[XCTest runTest] + 48
57  XCTestCore                          0x0000000105486140 __89-[XCTTestRunSession executeTestsWithIdentifiers:skippingTestsWithIdentifiers:completion:]_block_invoke + 100
58  XCTestCore                          0x000000010542016c +[XCTContext _runInChildOfContext:forTestCase:markAsReportingBase:block:] + 172
59  XCTestCore                          0x000000010542005c +[XCTContext runInContextForTestCase:markAsReportingBase:block:] + 100
60  XCTestCore                          0x0000000105485fe8 -[XCTTestRunSession executeTestsWithIdentifiers:skippingTestsWithIdentifiers:completion:] + 340
61  XCTestCore                          0x000000010547b7a4 __72-[XCTExecutionWorker enqueueTestIdentifiersToRun:testIdentifiersToSkip:]_block_invoke_2 + 156
62  XCTestCore                          0x000000010547c804 __XCTAsyncEnumerateWithWaiter_block_invoke + 244
63  XCTestCore                          0x000000010547c9b8 __XCTAsyncEnumerate_block_invoke.117 + 64
64  XCTestCore                          0x000000010547b600 XCTAsyncEnumerateWithWaiter + 568
65  XCTestCore                          0x000000010547b378 __72-[XCTExecutionWorker enqueueTestIdentifiersToRun:testIdentifiersToSkip:]_block_invoke + 148
66  XCTestCore                          0x000000010547b8e8 -[XCTExecutionWorker runWithError:] + 84
67  XCTestCore                          0x0000000105479608 __25-[XCTestDriver _runTests]_block_invoke.400 + 56
68  XCTestCore                          0x00000001054906b0 -[XCTestObservationCenter _observeTestExecutionForTestBundle:inBlock:] + 104
69  XCTestCore                          0x0000000105478fe0 -[XCTestDriver _runTests] + 1192
70  XCTestCore                          0x000000010547aff8 _XCTestMain + 96
71  libXCTestBundleInject.dylib         0x00000001042ed440 __RunTests_block_invoke_2 + 0
72  CoreFoundation                      0x00000001885f043c __CFMachPortPerform + 288
73  CoreFoundation                      0x00000001885c54d8 __CFRUNLOOP_IS_CALLING_OUT_TO_A_SOURCE1_PERFORM_FUNCTION__ + 60
74  CoreFoundation                      0x00000001885c5400 __CFRunLoopDoSource1 + 504
75  CoreFoundation                      0x00000001885c3dc8 __CFRunLoopRun + 2168
76  CoreFoundation                      0x0000000188696264 _CFRunLoopRunSpecificWithOptions + 532
77  HIToolbox                           0x00000001953af560 RunCurrentEventLoopInMode + 320
78  HIToolbox                           0x00000001953b28bc ReceiveNextEventCommon + 488
79  HIToolbox                           0x000000019553c14c _BlockUntilNextEventMatchingListInMode + 48
80  AppKit                              0x000000018d0a63d0 _DPSBlockUntilNextEventMatchingListInMode + 228
81  AppKit                              0x000000018c9fa084 _DPSNextEvent + 576
82  AppKit                              0x000000018d58f96c -[NSApplication(NSEventRouting) _nextEventMatchingEventMask:untilDate:inMode:dequeue:] + 688
83  AppKit                              0x000000018d58f678 -[NSApplication(NSEventRouting) nextEventMatchingMask:untilDate:inMode:dequeue:] + 72
84  AppKit                              0x000000018c9ed13c -[NSApplication run] + 368
85  AppKit                              0x000000018c9c57b0 NSApplicationMain + 880
86  SwiftUI                             0x00000001bda59af8 $s7SwiftUI6runAppys5NeverOSo21NSApplicationDelegate_So11NSResponderCXcFTf4e_nAA07TestingdG0C_Tg5Tm + 140
87  SwiftUI                             0x00000001bde148d8 $s7SwiftUI6runAppys5NeverOxAA0D0RzlF + 104
88  SwiftUI                             0x00000001be0e0778 $s7SwiftUI3AppPAAE4mainyyFZ + 224
89  NotchOrbitPlus.debug.dylib          0x000000010660eed0 $s14NotchOrbitPlus0abC3AppV5$mainyyFZ + 40
90  NotchOrbitPlus.debug.dylib          0x0000000106623da0 __debug_main_executable_dylib_entry_point + 12
91  dyld                                0x000000018813c4e4 start + 6992
Test Case '-[NotchOrbitPlusTests.ContextActivityEvaluationTests testCommandListenerRapidHideShowAndDisableEnableHaveDeterministicTeardown]' passed (0.108 seconds).
Test Case '-[NotchOrbitPlusTests.ContextActivityEvaluationTests testDisabledServicesNeverStartObservationOrListenerWhenViewsBecomeVisible]' started.
Test Case '-[NotchOrbitPlusTests.ContextActivityEvaluationTests testDisabledServicesNeverStartObservationOrListenerWhenViewsBecomeVisible]' passed (0.008 seconds).
Test Case '-[NotchOrbitPlusTests.ContextActivityEvaluationTests testInstalledHelpersReportRealExplicitCommandThroughOwnedPrivateSocket]' started.
Thread Performance Checker: Thread running at User-initiated quality-of-service class waiting on a lower QoS thread running at Utility quality-of-service class. Investigate ways to avoid priority inversions
PID: 31689, TID: 78941
Backtrace
=================================================================
0   NotchOrbitPlus.debug.dylib          0x000000010662db74 $s14NotchOrbitPlus21CommandSocketListenerC4stopyyF + 408
1   NotchOrbitPlusTests                 0x000000010e50f714 $s19NotchOrbitPlusTests025ContextActivityEvaluationD0C70testInstalledHelpersReportRealExplicitCommandThroughOwnedPrivateSocketyyYaKF6$deferL_yyF + 36
2   NotchOrbitPlusTests                 0x000000010e50ce64 $s19NotchOrbitPlusTests025ContextActivityEvaluationD0C70testInstalledHelpersReportRealExplicitCommandThroughOwnedPrivateSocketyyYaKFTY0_ + 6764
3   libswift_Concurrency.dylib          0x000000028dc19e18 _ZN5swift34runJobInEstablishedExecutorContextEPNS_3JobE + 472
4   libswift_Concurrency.dylib          0x000000028dc1b6ec _ZL17swift_job_runImplPN5swift3JobENS_17SerialExecutorRefE + 156
5   libdispatch.dylib                   0x000000018835d980 _dispatch_root_queue_drain + 360
6   libdispatch.dylib                   0x000000018835e120 _dispatch_worker_thread2 + 184
7   libsystem_pthread.dylib             0x0000000188503e84 _pthread_wqthread + 232
8   libsystem_pthread.dylib             0x0000000188502c10 start_wqthread + 8
Test Case '-[NotchOrbitPlusTests.ContextActivityEvaluationTests testInstalledHelpersReportRealExplicitCommandThroughOwnedPrivateSocket]' passed (3.244 seconds).
Test Case '-[NotchOrbitPlusTests.ContextActivityEvaluationTests testPrivateFolderObservationRetainsActualRenameAndNeverDeletesEitherFile]' started.
Test Case '-[NotchOrbitPlusTests.ContextActivityEvaluationTests testPrivateFolderObservationRetainsActualRenameAndNeverDeletesEitherFile]' passed (0.008 seconds).
Test Case '-[NotchOrbitPlusTests.ContextActivityEvaluationTests testRealDefaultContextAndActivityViewsRenderWithoutEnablingServices]' started.
Test Case '-[NotchOrbitPlusTests.ContextActivityEvaluationTests testRealDefaultContextAndActivityViewsRenderWithoutEnablingServices]' passed (1.213 seconds).
Test Suite 'ContextActivityEvaluationTests' passed at 2026-10-04 20:36:13.938.
	 Executed 5 tests, with 0 failures (0 unexpected) in 4.581 (4.585) seconds
Test Suite 'DashboardEvaluationTests' started at 2026-10-04 20:36:13.939.
Test Case '-[NotchOrbitPlusTests.DashboardEvaluationTests testActualAppRegistersEveryToolOnceAndMakesEveryTabSelectable]' started.
Test Case '-[NotchOrbitPlusTests.DashboardEvaluationTests testActualAppRegistersEveryToolOnceAndMakesEveryTabSelectable]' passed (0.678 seconds).
Test Case '-[NotchOrbitPlusTests.DashboardEvaluationTests testActualWindowControlTabSkipsHiddenToolsAndEscapeCollapses]' started.
Test Case '-[NotchOrbitPlusTests.DashboardEvaluationTests testActualWindowControlTabSkipsHiddenToolsAndEscapeCollapses]' passed (0.326 seconds).
Test Case '-[NotchOrbitPlusTests.DashboardEvaluationTests testAllActualToolsRenderAtMinimumWidthAndFitTheDisplay]' started.
2026-10-04 20:36:15.657155+0000 NotchOrbitPlus[31689:78940] [Common] Unable to obtain a task name port right for pid 166: (os/kern) failure (0x5)
2026-10-04 20:36:39.142051+0000 NotchOrbitPlus[31689:78182] [plugin] AddInstanceForFactory: No factory registered for id <CFUUID 0x7980f2da0> F8BB1C28-BAE8-11D6-9C31-00039315CD46
Test Case '-[NotchOrbitPlusTests.DashboardEvaluationTests testAllActualToolsRenderAtMinimumWidthAndFitTheDisplay]' passed (31.889 seconds).
Test Case '-[NotchOrbitPlusTests.DashboardEvaluationTests testBundledUnicodeCatalogContainsCompleteSequencesAndSearchableNames]' started.
Test Case '-[NotchOrbitPlusTests.DashboardEvaluationTests testBundledUnicodeCatalogContainsCompleteSequencesAndSearchableNames]' passed (0.070 seconds).
Test Case '-[NotchOrbitPlusTests.DashboardEvaluationTests testHiddenToolsAndReorderedPreferencesSurviveARealReload]' started.
Test Case '-[NotchOrbitPlusTests.DashboardEvaluationTests testHiddenToolsAndReorderedPreferencesSurviveARealReload]' passed (0.019 seconds).
Test Case '-[NotchOrbitPlusTests.DashboardEvaluationTests testOlderSyncedOrderKeepsNewToolsReorderableAndPersistsTheirPositions]' started.
Test Case '-[NotchOrbitPlusTests.DashboardEvaluationTests testOlderSyncedOrderKeepsNewToolsReorderableAndPersistsTheirPositions]' passed (0.006 seconds).
Test Case '-[NotchOrbitPlusTests.DashboardEvaluationTests testSuspensionRemovesTheDashboardUntilFileActionsReleaseIt]' started.
Test Case '-[NotchOrbitPlusTests.DashboardEvaluationTests testSuspensionRemovesTheDashboardUntilFileActionsReleaseIt]' passed (0.218 seconds).
Test Suite 'DashboardEvaluationTests' passed at 2026-10-04 20:36:47.149.
	 Executed 7 tests, with 0 failures (0 unexpected) in 33.205 (33.211) seconds
Test Suite 'DictationEvaluationTests' started at 2026-10-04 20:36:47.150.
Test Case '-[NotchOrbitPlusTests.DictationEvaluationTests testActualDriverEventsAndHiddenCancellationPreserveTranscriptAndReportQuickNoteFailure]' started.
Test Case '-[NotchOrbitPlusTests.DictationEvaluationTests testActualDriverEventsAndHiddenCancellationPreserveTranscriptAndReportQuickNoteFailure]' passed (0.077 seconds).
Test Case '-[NotchOrbitPlusTests.DictationEvaluationTests testCancelledSpeechConsentCannotProceedToMicrophoneOrAudioStart]' started.
Test Case '-[NotchOrbitPlusTests.DictationEvaluationTests testCancelledSpeechConsentCannotProceedToMicrophoneOrAudioStart]' passed (0.064 seconds).
Test Case '-[NotchOrbitPlusTests.DictationEvaluationTests testConstructionLifecycleAndImmediatelyHiddenStartNeverRequestPermissions]' started.
Test Case '-[NotchOrbitPlusTests.DictationEvaluationTests testConstructionLifecycleAndImmediatelyHiddenStartNeverRequestPermissions]' passed (0.046 seconds).
Test Case '-[NotchOrbitPlusTests.DictationEvaluationTests testDictationControlsAndMeasuredLevelFixtureRenderWithoutRealSpeechOrMicrophone]' started.
Test Case '-[NotchOrbitPlusTests.DictationEvaluationTests testDictationControlsAndMeasuredLevelFixtureRenderWithoutRealSpeechOrMicrophone]' passed (1.242 seconds).
Test Case '-[NotchOrbitPlusTests.DictationEvaluationTests testFailedHoldRevealAndRepeatedHiddenStateCannotStartPermissionOrPublishText]' started.
Test Case '-[NotchOrbitPlusTests.DictationEvaluationTests testFailedHoldRevealAndRepeatedHiddenStateCannotStartPermissionOrPublishText]' passed (0.095 seconds).
Test Case '-[NotchOrbitPlusTests.DictationEvaluationTests testHoldAppendFailureRetainsFinalTextAndCanceledOrFailedRecognitionNeverAppends]' started.
Test Case '-[NotchOrbitPlusTests.DictationEvaluationTests testHoldAppendFailureRetainsFinalTextAndCanceledOrFailedRecognitionNeverAppends]' passed (0.120 seconds).
Test Case '-[NotchOrbitPlusTests.DictationEvaluationTests testOptedInHoldReleaseAppendsOnlyOneFinalTranscriptAndManualStartStillRequiresSend]' started.
Test Case '-[NotchOrbitPlusTests.DictationEvaluationTests testOptedInHoldReleaseAppendsOnlyOneFinalTranscriptAndManualStartStillRequiresSend]' passed (0.079 seconds).
Test Case '-[NotchOrbitPlusTests.DictationEvaluationTests testUnsupportedOnDeviceRecognizerFailsBeforeConsentAndExplicitBackgroundOptInControlsHide]' started.
Test Case '-[NotchOrbitPlusTests.DictationEvaluationTests testUnsupportedOnDeviceRecognizerFailsBeforeConsentAndExplicitBackgroundOptInControlsHide]' passed (0.036 seconds).
Test Suite 'DictationEvaluationTests' passed at 2026-10-04 20:36:48.913.
	 Executed 8 tests, with 0 failures (0 unexpected) in 1.759 (1.763) seconds
Test Suite 'DistributionEvaluationTests' started at 2026-10-04 20:36:48.913.
Test Case '-[NotchOrbitPlusTests.DistributionEvaluationTests testActualOnboardingAndUpdateSettingsRenderWithoutInvokingSetupActions]' started.
2026-10-04 20:36:49.255120+0000 NotchOrbitPlus[31689:78157] [logging-persist] cannot open file at line 51044 of [f0ca7bba1c]
2026-10-04 20:36:49.255167+0000 NotchOrbitPlus[31689:78157] [logging-persist] os_unix.c:51044: (2) open(/private/var/db/DetachedSignatures) - No such file or directory
Test Case '-[NotchOrbitPlusTests.DistributionEvaluationTests testActualOnboardingAndUpdateSettingsRenderWithoutInvokingSetupActions]' passed (0.711 seconds).
Test Case '-[NotchOrbitPlusTests.DistributionEvaluationTests testUnsignedArchiveCannotReplaceTheRunningAppAndItsBytesRemainIntact]' started.
Test Case '-[NotchOrbitPlusTests.DistributionEvaluationTests testUnsignedArchiveCannotReplaceTheRunningAppAndItsBytesRemainIntact]' passed (0.060 seconds).
Test Suite 'DistributionEvaluationTests' passed at 2026-10-04 20:36:49.686.
	 Executed 2 tests, with 0 failures (0 unexpected) in 0.771 (0.773) seconds
Test Suite 'ExpandedCompactEvaluationTests' started at 2026-10-04 20:36:49.686.
Test Case '-[NotchOrbitPlusTests.ExpandedCompactEvaluationTests testNewActivityFixturesRenderActualClosedNotchAndKeepFileProcessingPrimary]' started.
Test Case '-[NotchOrbitPlusTests.ExpandedCompactEvaluationTests testNewActivityFixturesRenderActualClosedNotchAndKeepFileProcessingPrimary]' passed (6.685 seconds).
Test Case '-[NotchOrbitPlusTests.ExpandedCompactEvaluationTests testOwnedNativeCompactButtonsRouteTheDisplayedActivityWithoutOpeningOtherTools]' started.
Test Case '-[NotchOrbitPlusTests.ExpandedCompactEvaluationTests testOwnedNativeCompactButtonsRouteTheDisplayedActivityWithoutOpeningOtherTools]' passed (0.409 seconds).
Test Suite 'ExpandedCompactEvaluationTests' passed at 2026-10-04 20:36:56.782.
	 Executed 2 tests, with 0 failures (0 unexpected) in 7.094 (7.096) seconds
Test Suite 'FocusAppHidingEvaluationTests' started at 2026-10-04 20:36:56.782.
Test Case '-[NotchOrbitPlusTests.FocusAppHidingEvaluationTests testAlreadyHiddenSelfAndReusedPIDAreNeverRestoredAsOwnedApps]' started.
Test Case '-[NotchOrbitPlusTests.FocusAppHidingEvaluationTests testAlreadyHiddenSelfAndReusedPIDAreNeverRestoredAsOwnedApps]' passed (0.040 seconds).
Test Case '-[NotchOrbitPlusTests.FocusAppHidingEvaluationTests testExplicitFocusHideRestoresOnPauseAndCompletionAndRendersItsPreview]' started.
Test Case '-[NotchOrbitPlusTests.FocusAppHidingEvaluationTests testExplicitFocusHideRestoresOnPauseAndCompletionAndRendersItsPreview]' passed (0.344 seconds).
Test Suite 'FocusAppHidingEvaluationTests' passed at 2026-10-04 20:36:57.166.
	 Executed 2 tests, with 0 failures (0 unexpected) in 0.383 (0.384) seconds
Test Suite 'GithubActionsClientTests' started at 2026-10-04 20:36:57.167.
Test Case '-[NotchOrbitPlusTests.GithubActionsClientTests testFullPagesStopAtRepositoryAndRunCapsAndExposeIncompleteCoverage]' started.
Test Case '-[NotchOrbitPlusTests.GithubActionsClientTests testFullPagesStopAtRepositoryAndRunCapsAndExposeIncompleteCoverage]' passed (0.057 seconds).
Test Case '-[NotchOrbitPlusTests.GithubActionsClientTests testOwnedRepositoriesAndRealRunFieldsUseOnlyExplicitAuthenticatedGETs]' started.
Test Case '-[NotchOrbitPlusTests.GithubActionsClientTests testOwnedRepositoriesAndRealRunFieldsUseOnlyExplicitAuthenticatedGETs]' passed (0.002 seconds).
Test Case '-[NotchOrbitPlusTests.GithubActionsClientTests testPrecancelledClientDoesNotReachInjectedTransport]' started.
Test Case '-[NotchOrbitPlusTests.GithubActionsClientTests testPrecancelledClientDoesNotReachInjectedTransport]' passed (0.001 seconds).
Test Suite 'GithubActionsClientTests' passed at 2026-10-04 20:36:57.228.
	 Executed 3 tests, with 0 failures (0 unexpected) in 0.060 (0.061) seconds
Test Suite 'HUDLifecycleEvaluationTests' started at 2026-10-04 20:36:57.228.
Test Case '-[NotchOrbitPlusTests.HUDLifecycleEvaluationTests testFreshServicesAndDisabledLifecycleDoNotStartBackgroundMonitoringOrInterception]' started.
Test Case '-[NotchOrbitPlusTests.HUDLifecycleEvaluationTests testFreshServicesAndDisabledLifecycleDoNotStartBackgroundMonitoringOrInterception]' passed (0.001 seconds).
Test Case '-[NotchOrbitPlusTests.HUDLifecycleEvaluationTests testRealHUDAndCompactViewsRenderExplicitLevelFixturesWithoutHardwareChanges]' started.
Test Case '-[NotchOrbitPlusTests.HUDLifecycleEvaluationTests testRealHUDAndCompactViewsRenderExplicitLevelFixturesWithoutHardwareChanges]' passed (1.264 seconds).
Test Suite 'HUDLifecycleEvaluationTests' passed at 2026-10-04 20:36:58.495.
	 Executed 2 tests, with 0 failures (0 unexpected) in 1.265 (1.266) seconds
Test Suite 'LRCLyricsClientTests' started at 2026-10-04 20:36:58.496.
Test Case '-[NotchOrbitPlusTests.LRCLyricsClientTests testChangedResponseOriginIsRejected]' started.
Test Case '-[NotchOrbitPlusTests.LRCLyricsClientTests testChangedResponseOriginIsRejected]' passed (0.026 seconds).
Test Case '-[NotchOrbitPlusTests.LRCLyricsClientTests testLookupStreamsMatchingLyricsAndSendsOnlyPublicMetadata]' started.
Test Case '-[NotchOrbitPlusTests.LRCLyricsClientTests testLookupStreamsMatchingLyricsAndSendsOnlyPublicMetadata]' passed (0.007 seconds).
Test Case '-[NotchOrbitPlusTests.LRCLyricsClientTests testNotFoundAndRateLimitDoNotRetryOrSearch]' started.
Test Case '-[NotchOrbitPlusTests.LRCLyricsClientTests testNotFoundAndRateLimitDoNotRetryOrSearch]' passed (0.004 seconds).
Test Case '-[NotchOrbitPlusTests.LRCLyricsClientTests testStreamedResponseWithoutLengthStopsAtSizeLimit]' started.
Test Case '-[NotchOrbitPlusTests.LRCLyricsClientTests testStreamedResponseWithoutLengthStopsAtSizeLimit]' passed (0.271 seconds).
Test Suite 'LRCLyricsClientTests' passed at 2026-10-04 20:36:58.807.
	 Executed 4 tests, with 0 failures (0 unexpected) in 0.308 (0.311) seconds
Test Suite 'LauncherBookmarkTests' started at 2026-10-04 20:36:58.808.
Test Case '-[NotchOrbitPlusTests.LauncherBookmarkTests testInstalledApplicationResolvesWithoutLaunchingIt]' started.
Test Case '-[NotchOrbitPlusTests.LauncherBookmarkTests testInstalledApplicationResolvesWithoutLaunchingIt]' passed (0.042 seconds).
Test Case '-[NotchOrbitPlusTests.LauncherBookmarkTests testRealFolderBookmarkRoundTripAndMissingTargetReporting]' started.
Test Case '-[NotchOrbitPlusTests.LauncherBookmarkTests testRealFolderBookmarkRoundTripAndMissingTargetReporting]' passed (0.010 seconds).
Test Case '-[NotchOrbitPlusTests.LauncherBookmarkTests testRegularFileAndFolderCannotBePinnedAsApplications]' started.
Test Case '-[NotchOrbitPlusTests.LauncherBookmarkTests testRegularFileAndFolderCannotBePinnedAsApplications]' passed (0.004 seconds).
Test Suite 'LauncherBookmarkTests' passed at 2026-10-04 20:36:58.867.
	 Executed 3 tests, with 0 failures (0 unexpected) in 0.057 (0.059) seconds
Test Suite 'LauncherSyncTests' started at 2026-10-04 20:36:58.867.
Test Case '-[NotchOrbitPlusTests.LauncherSyncTests testInstalledApplicationSyncResolvesLocallyWithoutLaunchingOrExportingBookmark]' started.
Test Case '-[NotchOrbitPlusTests.LauncherSyncTests testInstalledApplicationSyncResolvesLocallyWithoutLaunchingOrExportingBookmark]' passed (0.011 seconds).
Test Case '-[NotchOrbitPlusTests.LauncherSyncTests testOpenEditorsBlockChangedSyncedLibrariesAndPreserveSavedOriginals]' started.
Test Case '-[NotchOrbitPlusTests.LauncherSyncTests testOpenEditorsBlockChangedSyncedLibrariesAndPreserveSavedOriginals]' passed (0.008 seconds).
Test Case '-[NotchOrbitPlusTests.LauncherSyncTests testPortableFolderNeedsExplicitLocalResolutionWithoutInventedPathOrBookmark]' started.
Test Case '-[NotchOrbitPlusTests.LauncherSyncTests testPortableFolderNeedsExplicitLocalResolutionWithoutInventedPathOrBookmark]' passed (0.007 seconds).
Test Case '-[NotchOrbitPlusTests.LauncherSyncTests testUnreadableLauncherOriginalBlocksSyncAndExplicitResetKeepsExactBackup]' started.
Test Case '-[NotchOrbitPlusTests.LauncherSyncTests testUnreadableLauncherOriginalBlocksSyncAndExplicitResetKeepsExactBackup]' passed (0.007 seconds).
Test Case '-[NotchOrbitPlusTests.LauncherSyncTests testWrongPropertyTypesBlockEveryPortableStoreAndExplicitResetPreservesOriginal]' started.
Test Case '-[NotchOrbitPlusTests.LauncherSyncTests testWrongPropertyTypesBlockEveryPortableStoreAndExplicitResetPreservesOriginal]' passed (0.009 seconds).
Test Suite 'LauncherSyncTests' passed at 2026-10-04 20:36:58.914.
	 Executed 5 tests, with 0 failures (0 unexpected) in 0.042 (0.046) seconds
Test Suite 'LocalProductivityTests' started at 2026-10-04 20:36:58.914.
Test Case '-[NotchOrbitPlusTests.LocalProductivityTests testClipboardImageAndURLRecopyPreserveRealData]' started.
Test Case '-[NotchOrbitPlusTests.LocalProductivityTests testClipboardImageAndURLRecopyPreserveRealData]' passed (0.008 seconds).
Test Case '-[NotchOrbitPlusTests.LocalProductivityTests testClipboardRequiresOptInAndStopsCapturingAfterOptOut]' started.
Test Case '-[NotchOrbitPlusTests.LocalProductivityTests testClipboardRequiresOptInAndStopsCapturingAfterOptOut]' passed (0.003 seconds).
Test Case '-[NotchOrbitPlusTests.LocalProductivityTests testConcealedTransientAndPasswordManagerMarkersAreSkippedBeforeCapture]' started.
Test Case '-[NotchOrbitPlusTests.LocalProductivityTests testConcealedTransientAndPasswordManagerMarkersAreSkippedBeforeCapture]' passed (0.007 seconds).
Test Case '-[NotchOrbitPlusTests.LocalProductivityTests testRemovingManagedShelfCopyPreservesOriginalBytes]' started.
Test Case '-[NotchOrbitPlusTests.LocalProductivityTests testRemovingManagedShelfCopyPreservesOriginalBytes]' passed (0.039 seconds).
Test Case '-[NotchOrbitPlusTests.LocalProductivityTests testRemovingShelfReferenceNeverDeletesSource]' started.
Test Case '-[NotchOrbitPlusTests.LocalProductivityTests testRemovingShelfReferenceNeverDeletesSource]' passed (0.034 seconds).
Test Case '-[NotchOrbitPlusTests.LocalProductivityTests testSharedStoresSurviveToolViewLifetimeAndLaunchDoesNotOptIn]' started.
Test Case '-[NotchOrbitPlusTests.LocalProductivityTests testSharedStoresSurviveToolViewLifetimeAndLaunchDoesNotOptIn]' passed (0.004 seconds).
Test Suite 'LocalProductivityTests' passed at 2026-10-04 20:36:59.013.
	 Executed 6 tests, with 0 failures (0 unexpected) in 0.095 (0.099) seconds
Test Suite 'MediaModelEvaluationTests' started at 2026-10-04 20:36:59.013.
Test Case '-[NotchOrbitPlusTests.MediaModelEvaluationTests testHiddenOptOutStopsPollingAndShutdownInvalidatesConnectedSession]' started.
Test Case '-[NotchOrbitPlusTests.MediaModelEvaluationTests testHiddenOptOutStopsPollingAndShutdownInvalidatesConnectedSession]' passed (1.339 seconds).
Test Case '-[NotchOrbitPlusTests.MediaModelEvaluationTests testMissingPlaybackStateAndControlsRemainExplicitAndLyricsRequireSeparateAction]' started.
Test Case '-[NotchOrbitPlusTests.MediaModelEvaluationTests testMissingPlaybackStateAndControlsRemainExplicitAndLyricsRequireSeparateAction]' passed (0.476 seconds).
Test Case '-[NotchOrbitPlusTests.MediaModelEvaluationTests testPersistedOptInsAndViewAppearanceNeverConnectOrLookUpLyrics]' started.
Test Case '-[NotchOrbitPlusTests.MediaModelEvaluationTests testPersistedOptInsAndViewAppearanceNeverConnectOrLookUpLyrics]' passed (0.352 seconds).
Test Suite 'MediaModelEvaluationTests' passed at 2026-10-04 20:37:01.182.
	 Executed 3 tests, with 0 failures (0 unexpected) in 2.167 (2.169) seconds
Test Suite 'MediaRemoteSourceTests' started at 2026-10-04 20:37:01.182.
Test Case '-[NotchOrbitPlusTests.MediaRemoteSourceTests testCancellationBeforeContinuationInstallationWinsOnce]' started.
Test Case '-[NotchOrbitPlusTests.MediaRemoteSourceTests testCancellationBeforeContinuationInstallationWinsOnce]' passed (0.002 seconds).
Test Case '-[NotchOrbitPlusTests.MediaRemoteSourceTests testCancellationBeforeReadAvoidsPrivateFrameworkLoad]' started.
Test Case '-[NotchOrbitPlusTests.MediaRemoteSourceTests testCancellationBeforeReadAvoidsPrivateFrameworkLoad]' passed (0.002 seconds).
Test Case '-[NotchOrbitPlusTests.MediaRemoteSourceTests testLatePrivateCallbackCannotResumeTimedOutRequestTwice]' started.
Test Case '-[NotchOrbitPlusTests.MediaRemoteSourceTests testLatePrivateCallbackCannotResumeTimedOutRequestTwice]' passed (0.015 seconds).
Test Case '-[NotchOrbitPlusTests.MediaRemoteSourceTests testMissingSymbolsAndUnknownCommandsFailWithoutPlayback]' started.
Test Case '-[NotchOrbitPlusTests.MediaRemoteSourceTests testMissingSymbolsAndUnknownCommandsFailWithoutPlayback]' passed (0.002 seconds).
Test Case '-[NotchOrbitPlusTests.MediaRemoteSourceTests testUnavailableFrameworkFailsGracefullyOnlyAfterExplicitRead]' started.
Test Case '-[NotchOrbitPlusTests.MediaRemoteSourceTests testUnavailableFrameworkFailsGracefullyOnlyAfterExplicitRead]' passed (0.002 seconds).
Test Suite 'MediaRemoteSourceTests' passed at 2026-10-04 20:37:01.207.
	 Executed 5 tests, with 0 failures (0 unexpected) in 0.022 (0.025) seconds
Test Suite 'MeetingCompactEvaluationTests' started at 2026-10-04 20:37:01.207.
Test Case '-[NotchOrbitPlusTests.MeetingCompactEvaluationTests testActualEventKitProjectionExtractsMeetingLinksFromNotes]' started.
2026-10-04 20:37:01.235616+0000 NotchOrbitPlus[31689:78157] [EventKit] Error getting defaultTimedAlarmOffset: Error Domain=EKCADErrorDomain Code=1013 "Access denied" UserInfo={NSLocalizedDescription=Access denied}
2026-10-04 20:37:01.237877+0000 NotchOrbitPlus[31689:78157] [EventKit] Attempted to set URL on an alarm in a process that is not allowed. Ignoring.
2026-10-04 20:37:01.239968+0000 NotchOrbitPlus[31689:78157] [EventKit] Error getting _defaultAllDayAlarmOffset: Error Domain=EKCADErrorDomain Code=1013 "Access denied" UserInfo={NSLocalizedDescription=Access denied}
2026-10-04 20:37:01.240177+0000 NotchOrbitPlus[31689:78157] [EventKit] Error getting _defaultAllDayAlarmOffset: Error Domain=EKCADErrorDomain Code=1013 "Access denied" UserInfo={NSLocalizedDescription=Access denied}
Test Case '-[NotchOrbitPlusTests.MeetingCompactEvaluationTests testActualEventKitProjectionExtractsMeetingLinksFromNotes]' passed (0.033 seconds).
Test Case '-[NotchOrbitPlusTests.MeetingCompactEvaluationTests testMeetingInitializationAndRefreshNeverOpenAJoinLink]' started.
Test Case '-[NotchOrbitPlusTests.MeetingCompactEvaluationTests testMeetingInitializationAndRefreshNeverOpenAJoinLink]' passed (0.002 seconds).
Test Case '-[NotchOrbitPlusTests.MeetingCompactEvaluationTests testNativeCompactFixturesRenderAllActivitiesAndPriorityTransitions]' started.
Test Case '-[NotchOrbitPlusTests.MeetingCompactEvaluationTests testNativeCompactFixturesRenderAllActivitiesAndPriorityTransitions]' passed (0.021 seconds).
Test Case '-[NotchOrbitPlusTests.MeetingCompactEvaluationTests testUnsafeOrMissingMeetingLinksAndFailedOpenCannotReportJoined]' started.
Test Case '-[NotchOrbitPlusTests.MeetingCompactEvaluationTests testUnsafeOrMissingMeetingLinksAndFailedOpenCannotReportJoined]' passed (0.002 seconds).
Test Suite 'MeetingCompactEvaluationTests' passed at 2026-10-04 20:37:01.266.
	 Executed 4 tests, with 0 failures (0 unexpected) in 0.058 (0.059) seconds
Test Suite 'MessagesVerificationCodeTests' started at 2026-10-04 20:37:01.267.
Test Case '-[NotchOrbitPlusTests.MessagesVerificationCodeTests testOffDefaultAndConcealedCopyDoNotPersistIntoClipboardHistory]' started.
Test Case '-[NotchOrbitPlusTests.MessagesVerificationCodeTests testOffDefaultAndConcealedCopyDoNotPersistIntoClipboardHistory]' passed (0.017 seconds).
Test Case '-[NotchOrbitPlusTests.MessagesVerificationCodeTests testReadOnlyPrivateSQLiteFixtureFiltersAgeOutgoingAndUnrelatedNumbers]' started.
Test Case '-[NotchOrbitPlusTests.MessagesVerificationCodeTests testReadOnlyPrivateSQLiteFixtureFiltersAgeOutgoingAndUnrelatedNumbers]' passed (0.005 seconds).
Test Suite 'MessagesVerificationCodeTests' passed at 2026-10-04 20:37:01.289.
	 Executed 2 tests, with 0 failures (0 unexpected) in 0.022 (0.023) seconds
Test Suite 'NativeImageTests' started at 2026-10-04 20:37:01.289.
Test Case '-[NotchOrbitPlusTests.NativeImageTests testFivePNGResizeOutputsActuallyDecodeAt1600AndRetainOriginals]' started.
Test Case '-[NotchOrbitPlusTests.NativeImageTests testFivePNGResizeOutputsActuallyDecodeAt1600AndRetainOriginals]' passed (3.304 seconds).
Test Case '-[NotchOrbitPlusTests.NativeImageTests testInvalidSecondImageRollsBackPublishedFirstOutput]' started.
Test Case '-[NotchOrbitPlusTests.NativeImageTests testInvalidSecondImageRollsBackPublishedFirstOutput]' passed (0.019 seconds).
Test Case '-[NotchOrbitPlusTests.NativeImageTests testRealJPEGToWebPDecodesAndPreservesSource]' started.
Test Case '-[NotchOrbitPlusTests.NativeImageTests testRealJPEGToWebPDecodesAndPreservesSource]' passed (0.013 seconds).
Test Suite 'NativeImageTests' passed at 2026-10-04 20:37:04.627.
	 Executed 3 tests, with 0 failures (0 unexpected) in 3.336 (3.337) seconds
Test Suite 'NativePanelEvaluationTests' started at 2026-10-04 20:37:04.627.
Test Case '-[NotchOrbitPlusTests.NativePanelEvaluationTests testActualNativePanelRendersConvertOptionsWithoutExecutingAnAction]' started.
Test Case '-[NotchOrbitPlusTests.NativePanelEvaluationTests testActualNativePanelRendersConvertOptionsWithoutExecutingAnAction]' passed (0.504 seconds).
Test Suite 'NativePanelEvaluationTests' passed at 2026-10-04 20:37:05.131.
	 Executed 1 test, with 0 failures (0 unexpected) in 0.504 (0.504) seconds
Test Suite 'NativePasteboardTests' started at 2026-10-04 20:37:05.132.
Test Case '-[NotchOrbitPlusTests.NativePasteboardTests testEmptyPasteboardAndStoppedMonitorDoNotAuthorizeActivation]' started.
Test Case '-[NotchOrbitPlusTests.NativePasteboardTests testEmptyPasteboardAndStoppedMonitorDoNotAuthorizeActivation]' passed (0.004 seconds).
Test Case '-[NotchOrbitPlusTests.NativePasteboardTests testNonFileAndDuplicatePasteboardURLPayloadsCannotBecomeCandidates]' started.
Test Case '-[NotchOrbitPlusTests.NativePasteboardTests testNonFileAndDuplicatePasteboardURLPayloadsCannotBecomeCandidates]' passed (0.005 seconds).
Test Case '-[NotchOrbitPlusTests.NativePasteboardTests testRealFileURLPasteboardUsesCurrentContentAndStopsAcceptingAfterRewrite]' started.
Test Case '-[NotchOrbitPlusTests.NativePasteboardTests testRealFileURLPasteboardUsesCurrentContentAndStopsAcceptingAfterRewrite]' passed (0.004 seconds).
Test Suite 'NativePasteboardTests' passed at 2026-10-04 20:37:05.148.
	 Executed 3 tests, with 0 failures (0 unexpected) in 0.014 (0.016) seconds
Test Suite 'NativeVisibilityEvaluationTests' started at 2026-10-04 20:37:05.148.
Test Case '-[NotchOrbitPlusTests.NativeVisibilityEvaluationTests testActualHostingWindowStopsAndResumesThenTeardownCannotRepublishVisible]' started.
Test Case '-[NotchOrbitPlusTests.NativeVisibilityEvaluationTests testActualHostingWindowStopsAndResumesThenTeardownCannotRepublishVisible]' passed (0.252 seconds).
Test Case '-[NotchOrbitPlusTests.NativeVisibilityEvaluationTests testObservedPublicationsDuringRepeatedActualSwiftUITeardownFinishHidden]' started.
Test Case '-[NotchOrbitPlusTests.NativeVisibilityEvaluationTests testObservedPublicationsDuringRepeatedActualSwiftUITeardownFinishHidden]' passed (0.314 seconds).
Test Suite 'NativeVisibilityEvaluationTests' passed at 2026-10-04 20:37:05.715.
	 Executed 2 tests, with 0 failures (0 unexpected) in 0.566 (0.567) seconds
Test Suite 'PersonalLibraryEvaluationTests' started at 2026-10-04 20:37:05.715.
Test Case '-[NotchOrbitPlusTests.PersonalLibraryEvaluationTests testActualSnippetsHabitsAndShelfSettingsRenderWithoutProviders]' started.
Test Case '-[NotchOrbitPlusTests.PersonalLibraryEvaluationTests testActualSnippetsHabitsAndShelfSettingsRenderWithoutProviders]' passed (0.856 seconds).
Test Case '-[NotchOrbitPlusTests.PersonalLibraryEvaluationTests testChosenFolderRuleDoesNotImportUntilActualPreviewAndExplicitEnable]' started.
Test Case '-[NotchOrbitPlusTests.PersonalLibraryEvaluationTests testChosenFolderRuleDoesNotImportUntilActualPreviewAndExplicitEnable]' passed (0.054 seconds).
Test Case '-[NotchOrbitPlusTests.PersonalLibraryEvaluationTests testCrossShelfCanonicalDescendantAndAncestorReferencesProtectWholeOwnedFolder]' started.
Test Case '-[NotchOrbitPlusTests.PersonalLibraryEvaluationTests testCrossShelfCanonicalDescendantAndAncestorReferencesProtectWholeOwnedFolder]' passed (0.007 seconds).
Test Case '-[NotchOrbitPlusTests.PersonalLibraryEvaluationTests testExpiredOwnedShelfCopiesRemainUntilConfirmedAndUndoRestoresAfterRelaunch]' started.
Test Case '-[NotchOrbitPlusTests.PersonalLibraryEvaluationTests testExpiredOwnedShelfCopiesRemainUntilConfirmedAndUndoRestoresAfterRelaunch]' passed (0.009 seconds).
Test Case '-[NotchOrbitPlusTests.PersonalLibraryEvaluationTests testFailedAutomaticExpiryStaysPausedAcrossRelaunchUntilExplicitRetry]' started.
Test Case '-[NotchOrbitPlusTests.PersonalLibraryEvaluationTests testFailedAutomaticExpiryStaysPausedAcrossRelaunchUntilExplicitRetry]' passed (0.015 seconds).
Test Case '-[NotchOrbitPlusTests.PersonalLibraryEvaluationTests testHabitsActuallyPersistDailyToggleAndPreserveCorruptOriginal]' started.
Test Case '-[NotchOrbitPlusTests.PersonalLibraryEvaluationTests testHabitsActuallyPersistDailyToggleAndPreserveCorruptOriginal]' passed (0.004 seconds).
Test Case '-[NotchOrbitPlusTests.PersonalLibraryEvaluationTests testInboxActualUniqueCoordinatedCopiesPreserveSourceAndRejectLinks]' started.
Test Case '-[NotchOrbitPlusTests.PersonalLibraryEvaluationTests testInboxActualUniqueCoordinatedCopiesPreserveSourceAndRejectLinks]' passed (0.037 seconds).
Test Case '-[NotchOrbitPlusTests.PersonalLibraryEvaluationTests testLateRealIOFailureRollsBackAllNewSyncLibrariesAndAbsentLegacyFiles]' started.
Test Case '-[NotchOrbitPlusTests.PersonalLibraryEvaluationTests testLateRealIOFailureRollsBackAllNewSyncLibrariesAndAbsentLegacyFiles]' passed (0.016 seconds).
Test Case '-[NotchOrbitPlusTests.PersonalLibraryEvaluationTests testOwnSiblingOriginalSurvivesEnabledExpiryRemoveAndConfirmedCleanup]' started.
Test Case '-[NotchOrbitPlusTests.PersonalLibraryEvaluationTests testOwnSiblingOriginalSurvivesEnabledExpiryRemoveAndConfirmedCleanup]' passed (0.005 seconds).
Test Case '-[NotchOrbitPlusTests.PersonalLibraryEvaluationTests testPreviewedEnabledExpiryAutomaticallyRetainsCopiesAndUndoDisablesRulesAcrossRelaunch]' started.
Test Case '-[NotchOrbitPlusTests.PersonalLibraryEvaluationTests testPreviewedEnabledExpiryAutomaticallyRetainsCopiesAndUndoDisablesRulesAcrossRelaunch]' passed (0.020 seconds).
Test Case '-[NotchOrbitPlusTests.PersonalLibraryEvaluationTests testRetainedTrashReferenceBlocksUndoImmediatelyAndAfterRelaunch]' started.
Test Case '-[NotchOrbitPlusTests.PersonalLibraryEvaluationTests testRetainedTrashReferenceBlocksUndoImmediatelyAndAfterRelaunch]' passed (0.035 seconds).
Test Case '-[NotchOrbitPlusTests.PersonalLibraryEvaluationTests testSnippetsActuallyPersistCopyAndKeepLocalSecretAcrossSharedApply]' started.
Test Case '-[NotchOrbitPlusTests.PersonalLibraryEvaluationTests testSnippetsActuallyPersistCopyAndKeepLocalSecretAcrossSharedApply]' passed (0.004 seconds).
Test Case '-[NotchOrbitPlusTests.PersonalLibraryEvaluationTests testUnexpectedSiblingsAndDirectoryCopyChildrenAreRetainedByAllRemovalPaths]' started.
Test Case '-[NotchOrbitPlusTests.PersonalLibraryEvaluationTests testUnexpectedSiblingsAndDirectoryCopyChildrenAreRetainedByAllRemovalPaths]' passed (0.011 seconds).
Test Suite 'PersonalLibraryEvaluationTests' passed at 2026-10-04 20:37:06.792.
	 Executed 13 tests, with 0 failures (0 unexpected) in 1.073 (1.077) seconds
Test Suite 'PlanningServiceEvaluationTests' started at 2026-10-04 20:37:06.792.
Test Case '-[NotchOrbitPlusTests.PlanningServiceEvaluationTests testCancelledOlderCurrencyReadCannotOverwriteNewerRates]' started.
Test Case '-[NotchOrbitPlusTests.PlanningServiceEvaluationTests testCancelledOlderCurrencyReadCannotOverwriteNewerRates]' passed (0.082 seconds).
Test Case '-[NotchOrbitPlusTests.PlanningServiceEvaluationTests testCurrencyReadsOnlyAfterRefreshAndRendersDatedCrossRates]' started.
Test Case '-[NotchOrbitPlusTests.PlanningServiceEvaluationTests testCurrencyReadsOnlyAfterRefreshAndRendersDatedCrossRates]' passed (0.728 seconds).
Test Case '-[NotchOrbitPlusTests.PlanningServiceEvaluationTests testMalformedFocusHistorySurvivesViewingShutdownAndInvalidStartUntilExplicitValidBackup]' started.
Test Case '-[NotchOrbitPlusTests.PlanningServiceEvaluationTests testMalformedFocusHistorySurvivesViewingShutdownAndInvalidStartUntilExplicitValidBackup]' passed (0.006 seconds).
Test Case '-[NotchOrbitPlusTests.PlanningServiceEvaluationTests testNativeFocusCompletionPersistsDeadlineHistoryOnceAndRendersRealStats]' started.
Test Case '-[NotchOrbitPlusTests.PlanningServiceEvaluationTests testNativeFocusCompletionPersistsDeadlineHistoryOnceAndRendersRealStats]' passed (0.327 seconds).
Test Case '-[NotchOrbitPlusTests.PlanningServiceEvaluationTests testWorldClockMalformedPreferencesRequireBackupBeforeEditingAndRealRowsRender]' started.
Test Case '-[NotchOrbitPlusTests.PlanningServiceEvaluationTests testWorldClockMalformedPreferencesRequireBackupBeforeEditingAndRealRowsRender]' passed (1.573 seconds).
Test Suite 'PlanningServiceEvaluationTests' passed at 2026-10-04 20:37:09.512.
	 Executed 5 tests, with 0 failures (0 unexpected) in 2.718 (2.720) seconds
Test Suite 'PluginSandboxTests' started at 2026-10-04 20:37:09.512.
Test Case '-[NotchOrbitPlusTests.PluginSandboxTests testBundledSamplesDecodeWithoutRunningOrImportingThem]' started.
Test Case '-[NotchOrbitPlusTests.PluginSandboxTests testBundledSamplesDecodeWithoutRunningOrImportingThem]' passed (0.006 seconds).
Test Case '-[NotchOrbitPlusTests.PluginSandboxTests testImporterRejectsSymlinkScriptAndProfileHasNoAmbientUserNetworkAccess]' started.
Test Case '-[NotchOrbitPlusTests.PluginSandboxTests testImporterRejectsSymlinkScriptAndProfileHasNoAmbientUserNetworkAccess]' passed (0.007 seconds).
Test Case '-[NotchOrbitPlusTests.PluginSandboxTests testSandboxRunsActualJSONAndDeniesWritingOutsidePluginFolder]' started.
Test Case '-[NotchOrbitPlusTests.PluginSandboxTests testSandboxRunsActualJSONAndDeniesWritingOutsidePluginFolder]' passed (0.429 seconds).
Test Suite 'PluginSandboxTests' passed at 2026-10-04 20:37:09.956.
	 Executed 3 tests, with 0 failures (0 unexpected) in 0.442 (0.444) seconds
Test Suite 'PluginsStateEvaluationTests' started at 2026-10-04 20:37:09.957.
Test Case '-[NotchOrbitPlusTests.PluginsStateEvaluationTests testDisablingImmediatelyAfterImportStartsCannotPublishPluginFilesOrDeclarations]' started.
Test Case '-[NotchOrbitPlusTests.PluginsStateEvaluationTests testDisablingImmediatelyAfterImportStartsCannotPublishPluginFilesOrDeclarations]' passed (0.207 seconds).
Test Case '-[NotchOrbitPlusTests.PluginsStateEvaluationTests testMalformedRegistryBlocksImportsUntilExplicitResetKeepsExactBackup]' started.
Test Case '-[NotchOrbitPlusTests.PluginsStateEvaluationTests testMalformedRegistryBlocksImportsUntilExplicitResetKeepsExactBackup]' passed (0.369 seconds).
Test Case '-[NotchOrbitPlusTests.PluginsStateEvaluationTests testRegistryPublicationObstructionRollsBackOnlyTheNewPluginAndKeepsTheObstruction]' started.
Test Case '-[NotchOrbitPlusTests.PluginsStateEvaluationTests testRegistryPublicationObstructionRollsBackOnlyTheNewPluginAndKeepsTheObstruction]' passed (0.016 seconds).
Test Suite 'PluginsStateEvaluationTests' passed at 2026-10-04 20:37:10.551.
	 Executed 3 tests, with 0 failures (0 unexpected) in 0.592 (0.594) seconds
Test Suite 'ProviderRequestContractTests' started at 2026-10-04 20:37:10.551.
Test Case '-[NotchOrbitPlusTests.ProviderRequestContractTests testAfterShipUsesCurrentHeaderAndThreePageCapOnExplicitRefresh]' started.
Test Case '-[NotchOrbitPlusTests.ProviderRequestContractTests testAfterShipUsesCurrentHeaderAndThreePageCapOnExplicitRefresh]' passed (0.069 seconds).
Test Case '-[NotchOrbitPlusTests.ProviderRequestContractTests testFlightAndChosenTeamFixturesUseTheirOwnOriginsAndKeysOnlyOnRefresh]' started.
Test Case '-[NotchOrbitPlusTests.ProviderRequestContractTests testFlightAndChosenTeamFixturesUseTheirOwnOriginsAndKeysOnlyOnRefresh]' passed (0.396 seconds).
Test Case '-[NotchOrbitPlusTests.ProviderRequestContractTests testReadOnlyTransportRejectsMutationAndWrongOriginCredentialBeforeNetwork]' started.
Test Case '-[NotchOrbitPlusTests.ProviderRequestContractTests testReadOnlyTransportRejectsMutationAndWrongOriginCredentialBeforeNetwork]' passed (0.003 seconds).
Test Case '-[NotchOrbitPlusTests.ProviderRequestContractTests testWeatherExplicitRefreshRequestsActualAQIUVAndQuarterHourRainFields]' started.
Test Case '-[NotchOrbitPlusTests.ProviderRequestContractTests testWeatherExplicitRefreshRequestsActualAQIUVAndQuarterHourRainFields]' passed (0.072 seconds).
Test Suite 'ProviderRequestContractTests' passed at 2026-10-04 20:37:11.092.
	 Executed 4 tests, with 0 failures (0 unexpected) in 0.539 (0.541) seconds
Test Suite 'ProviderStateEvaluationTests' started at 2026-10-04 20:37:11.092.
Test Case '-[NotchOrbitPlusTests.ProviderStateEvaluationTests testCanceledLatePackageResponseCannotPublishAndExplicitRefreshRendersRealDecodedFixture]' started.
Test Case '-[NotchOrbitPlusTests.ProviderStateEvaluationTests testCanceledLatePackageResponseCannotPublishAndExplicitRefreshRendersRealDecodedFixture]' passed (0.624 seconds).
Test Case '-[NotchOrbitPlusTests.ProviderStateEvaluationTests testPackageSemanticAndWrongTypedOriginalsArePreservedThenBackedUpOnExplicitAdd]' started.
Test Case '-[NotchOrbitPlusTests.ProviderStateEvaluationTests testPackageSemanticAndWrongTypedOriginalsArePreservedThenBackedUpOnExplicitAdd]' passed (0.013 seconds).
Test Case '-[NotchOrbitPlusTests.ProviderStateEvaluationTests testProviderInitializationAndActualViewsNeverReadKeysCalendarOrNetwork]' started.
Test Case '-[NotchOrbitPlusTests.ProviderStateEvaluationTests testProviderInitializationAndActualViewsNeverReadKeysCalendarOrNetwork]' passed (1.039 seconds).
Test Case '-[NotchOrbitPlusTests.ProviderStateEvaluationTests testRefreshImmediatelyHiddenBeforeItsTaskStartsCannotReadAKeyOrStartTransport]' started.
Test Case '-[NotchOrbitPlusTests.ProviderStateEvaluationTests testRefreshImmediatelyHiddenBeforeItsTaskStartsCannotReadAKeyOrStartTransport]' passed (0.174 seconds).
Test Case '-[NotchOrbitPlusTests.ProviderStateEvaluationTests testTeamSemanticAndWrongTypedOriginalsArePreservedThenBackedUpOnExplicitAdd]' started.
Test Case '-[NotchOrbitPlusTests.ProviderStateEvaluationTests testTeamSemanticAndWrongTypedOriginalsArePreservedThenBackedUpOnExplicitAdd]' passed (0.018 seconds).
Test Suite 'ProviderStateEvaluationTests' passed at 2026-10-04 20:37:12.962.
	 Executed 5 tests, with 0 failures (0 unexpected) in 1.868 (1.870) seconds
Test Suite 'PublicServiceEvaluationTests' started at 2026-10-04 20:37:12.963.
Test Case '-[NotchOrbitPlusTests.PublicServiceEvaluationTests testRealPublicAirQualityResponseDecodesItsDatedAQIUVAndParticleFields]' started.
Test Case '-[NotchOrbitPlusTests.PublicServiceEvaluationTests testRealPublicAirQualityResponseDecodesItsDatedAQIUVAndParticleFields]' passed (0.004 seconds).
Test Case '-[NotchOrbitPlusTests.PublicServiceEvaluationTests testRealPublicGeocodingResponseDecodesTheBerlinProbe]' started.
Test Case '-[NotchOrbitPlusTests.PublicServiceEvaluationTests testRealPublicGeocodingResponseDecodesTheBerlinProbe]' passed (0.002 seconds).
Test Case '-[NotchOrbitPlusTests.PublicServiceEvaluationTests testRealPublicMinutelyRainResponseDecodesBoundedConsecutiveFifteenMinuteSlots]' started.
Test Case '-[NotchOrbitPlusTests.PublicServiceEvaluationTests testRealPublicMinutelyRainResponseDecodesBoundedConsecutiveFifteenMinuteSlots]' passed (0.003 seconds).
Test Case '-[NotchOrbitPlusTests.PublicServiceEvaluationTests testRealPublicUSDBasedFXResponseIsDatedAndUsableForConversion]' started.
Test Case '-[NotchOrbitPlusTests.PublicServiceEvaluationTests testRealPublicUSDBasedFXResponseIsDatedAndUsableForConversion]' passed (0.004 seconds).
Test Case '-[NotchOrbitPlusTests.PublicServiceEvaluationTests testRealPublicWeatherResponseDecodesSevenAlignedDays]' started.
Test Case '-[NotchOrbitPlusTests.PublicServiceEvaluationTests testRealPublicWeatherResponseDecodesSevenAlignedDays]' passed (0.002 seconds).
Test Suite 'PublicServiceEvaluationTests' passed at 2026-10-04 20:37:12.979.
	 Executed 5 tests, with 0 failures (0 unexpected) in 0.014 (0.016) seconds
Test Suite 'QRToolEvaluationTests' started at 2026-10-04 20:37:12.979.
Test Case '-[NotchOrbitPlusTests.QRToolEvaluationTests testExplicitSelectedCaptureScansRealManagedPNGAndCopiesExactPayload]' started.
E5RT encountered an STL exception. msg = On-device compilation within a VM only supports CPU currently..2026-10-04 20:37:13.206573+0000 NotchOrbitPlus[31689:78943] [Inference] e5rt_e5_compiler_compile failed: (11): OPERATION ERROR
2026-10-04 20:37:13.206675+0000 NotchOrbitPlus[31689:78943] [Inference] E5RTNetwork: unable to compile network: /System/Library/PrivateFrameworks/Quagga.framework/Resources/Networks/anmd-model.espresso.net
Test Case '-[NotchOrbitPlusTests.QRToolEvaluationTests testExplicitSelectedCaptureScansRealManagedPNGAndCopiesExactPayload]' passed (0.298 seconds).
Test Case '-[NotchOrbitPlusTests.QRToolEvaluationTests testGeneratedPreviewRendersAndCancelledLateCaptureCannotReplaceNewerResults]' started.
Test Case '-[NotchOrbitPlusTests.QRToolEvaluationTests testGeneratedPreviewRendersAndCancelledLateCaptureCannotReplaceNewerResults]' passed (0.524 seconds).
Test Case '-[NotchOrbitPlusTests.QRToolEvaluationTests testInitializationRenderingAndImmediateHideNeverCaptureTheScreen]' started.
Test Case '-[NotchOrbitPlusTests.QRToolEvaluationTests testInitializationRenderingAndImmediateHideNeverCaptureTheScreen]' passed (0.450 seconds).
Test Case '-[NotchOrbitPlusTests.QRToolEvaluationTests testInvalidUnencodedAndCancelledImagesNeverInventPayloadsOrAlterSources]' started.
Test Case '-[NotchOrbitPlusTests.QRToolEvaluationTests testInvalidUnencodedAndCancelledImagesNeverInventPayloadsOrAlterSources]' passed (0.102 seconds).
Test Case '-[NotchOrbitPlusTests.QRToolEvaluationTests testRealCoreImagePNGDecodesWithVisionForEveryCorrectionLevelAndKeepsOriginal]' started.
Test Case '-[NotchOrbitPlusTests.QRToolEvaluationTests testRealCoreImagePNGDecodesWithVisionForEveryCorrectionLevelAndKeepsOriginal]' passed (0.284 seconds).
Test Case '-[NotchOrbitPlusTests.QRToolEvaluationTests testVisionSurfacesEveryActualCodeIncludingRepeatedPayloads]' started.
Test Case '-[NotchOrbitPlusTests.QRToolEvaluationTests testVisionSurfacesEveryActualCodeIncludingRepeatedPayloads]' passed (0.090 seconds).
Test Suite 'QRToolEvaluationTests' passed at 2026-10-04 20:37:14.730.
	 Executed 6 tests, with 0 failures (0 unexpected) in 1.748 (1.751) seconds
Test Suite 'ShelfQuickLookEvaluationTests' started at 2026-10-04 20:37:14.730.
Test Case '-[NotchOrbitPlusTests.ShelfQuickLookEvaluationTests testRealQuickLookPanelOwnsTheSelectedItemAndRestoresItsResponderChain]' started.
Test Case '-[NotchOrbitPlusTests.ShelfQuickLookEvaluationTests testRealQuickLookPanelOwnsTheSelectedItemAndRestoresItsResponderChain]' passed (0.127 seconds).
Test Suite 'ShelfQuickLookEvaluationTests' passed at 2026-10-04 20:37:14.858.
	 Executed 1 test, with 0 failures (0 unexpected) in 0.127 (0.127) seconds
Test Suite 'SpotifyArtworkClientTests' started at 2026-10-04 20:37:14.858.
Test Case '-[NotchOrbitPlusTests.SpotifyArtworkClientTests testDeclaredAndStreamingLimitsRejectBeforeImageDecode]' started.
Test Case '-[NotchOrbitPlusTests.SpotifyArtworkClientTests testDeclaredAndStreamingLimitsRejectBeforeImageDecode]' passed (0.467 seconds).
Test Case '-[NotchOrbitPlusTests.SpotifyArtworkClientTests testExplicitLoadStreamsActualBytesWithoutCredentialsOrStartupRequests]' started.
Test Case '-[NotchOrbitPlusTests.SpotifyArtworkClientTests testExplicitLoadStreamsActualBytesWithoutCredentialsOrStartupRequests]' passed (0.002 seconds).
Test Case '-[NotchOrbitPlusTests.SpotifyArtworkClientTests testFinalForeignOriginAndHTTPFailureRemainVisible]' started.
Test Case '-[NotchOrbitPlusTests.SpotifyArtworkClientTests testFinalForeignOriginAndHTTPFailureRemainVisible]' passed (0.002 seconds).
Test Case '-[NotchOrbitPlusTests.SpotifyArtworkClientTests testNamedProviderPolicyRejectsLookalikesCredentialsAndUnsafeTransport]' started.
Test Case '-[NotchOrbitPlusTests.SpotifyArtworkClientTests testNamedProviderPolicyRejectsLookalikesCredentialsAndUnsafeTransport]' passed (0.001 seconds).
Test Case '-[NotchOrbitPlusTests.SpotifyArtworkClientTests testRedirectDelegateOnlyAllowsNamedHTTPSImageHosts]' started.
Test Case '-[NotchOrbitPlusTests.SpotifyArtworkClientTests testRedirectDelegateOnlyAllowsNamedHTTPSImageHosts]' passed (0.007 seconds).
Test Suite 'SpotifyArtworkClientTests' passed at 2026-10-04 20:37:15.338.
	 Executed 5 tests, with 0 failures (0 unexpected) in 0.479 (0.480) seconds
Test Suite 'SyncFolderIOTests' started at 2026-10-04 20:37:15.338.
Test Case '-[NotchOrbitPlusTests.SyncFolderIOTests testCorruptLocalLegacyFilePreventsAnyNoteTaskOrMetadataReplacement]' started.
Test Case '-[NotchOrbitPlusTests.SyncFolderIOTests testCorruptLocalLegacyFilePreventsAnyNoteTaskOrMetadataReplacement]' passed (0.003 seconds).
Test Case '-[NotchOrbitPlusTests.SyncFolderIOTests testCorruptSharedFileRejectsReadAndPublishWithoutReplacingOriginal]' started.
Test Case '-[NotchOrbitPlusTests.SyncFolderIOTests testCorruptSharedFileRejectsReadAndPublishWithoutReplacingOriginal]' passed (0.006 seconds).
Test Case '-[NotchOrbitPlusTests.SyncFolderIOTests testEmptyFolderAndTwoDeviceCoordinatedPublicationRoundTrip]' started.
Test Case '-[NotchOrbitPlusTests.SyncFolderIOTests testEmptyFolderAndTwoDeviceCoordinatedPublicationRoundTrip]' passed (0.013 seconds).
Test Case '-[NotchOrbitPlusTests.SyncFolderIOTests testFileIdentityMismatchRejectsReadAndPublishPreservingValidOtherDeviceData]' started.
Test Case '-[NotchOrbitPlusTests.SyncFolderIOTests testFileIdentityMismatchRejectsReadAndPublishPreservingValidOtherDeviceData]' passed (0.006 seconds).
Test Case '-[NotchOrbitPlusTests.SyncFolderIOTests testOversizedSharedFileRejectsReadAndPublishWithoutReplacingOriginal]' started.
Test Case '-[NotchOrbitPlusTests.SyncFolderIOTests testOversizedSharedFileRejectsReadAndPublishWithoutReplacingOriginal]' passed (0.031 seconds).
Test Case '-[NotchOrbitPlusTests.SyncFolderIOTests testPublicationRereadsExistingOwnFileAndPreservesConcurrentProviderEdit]' started.
Test Case '-[NotchOrbitPlusTests.SyncFolderIOTests testPublicationRereadsExistingOwnFileAndPreservesConcurrentProviderEdit]' passed (0.009 seconds).
Test Case '-[NotchOrbitPlusTests.SyncFolderIOTests testRegularAndDanglingSnapshotSymlinksNeverReplaceTheirTargetsOrLinks]' started.
Test Case '-[NotchOrbitPlusTests.SyncFolderIOTests testRegularAndDanglingSnapshotSymlinksNeverReplaceTheirTargetsOrLinks]' passed (0.007 seconds).
Test Case '-[NotchOrbitPlusTests.SyncFolderIOTests testSymlinkDataDirectoryIsRejectedWithoutWritingThroughIt]' started.
Test Case '-[NotchOrbitPlusTests.SyncFolderIOTests testSymlinkDataDirectoryIsRejectedWithoutWritingThroughIt]' passed (0.002 seconds).
Test Suite 'SyncFolderIOTests' passed at 2026-10-04 20:37:15.423.
	 Executed 8 tests, with 0 failures (0 unexpected) in 0.078 (0.085) seconds
Test Suite 'SyncLocalTransactionTests' started at 2026-10-04 20:37:15.424.
Test Case '-[NotchOrbitPlusTests.SyncLocalTransactionTests testFailedFileRecoveryRetainsPrivateOriginalsAndBlocksAnotherTransaction]' started.
Test Case '-[NotchOrbitPlusTests.SyncLocalTransactionTests testFailedFileRecoveryRetainsPrivateOriginalsAndBlocksAnotherTransaction]' passed (0.011 seconds).
Test Case '-[NotchOrbitPlusTests.SyncLocalTransactionTests testLateFailureRestoresAbsentFilesAndAbsentDefaultsRatherThanCreatingEmptyValues]' started.
Test Case '-[NotchOrbitPlusTests.SyncLocalTransactionTests testLateFailureRestoresAbsentFilesAndAbsentDefaultsRatherThanCreatingEmptyValues]' passed (0.011 seconds).
Test Case '-[NotchOrbitPlusTests.SyncLocalTransactionTests testLatePaletteWriteFailureRestoresExactExistingFilesAndEveryStore]' started.
Test Case '-[NotchOrbitPlusTests.SyncLocalTransactionTests testLatePaletteWriteFailureRestoresExactExistingFilesAndEveryStore]' passed (0.020 seconds).
Test Suite 'SyncLocalTransactionTests' passed at 2026-10-04 20:37:15.479.
	 Executed 3 tests, with 0 failures (0 unexpected) in 0.042 (0.055) seconds
Test Suite 'TranslationEvaluationTests' started at 2026-10-04 20:37:15.479.
Test Case '-[NotchOrbitPlusTests.TranslationEvaluationTests testLocalTranslationControlsRenderWithoutAnActiveSessionOrDownload]' started.
Test Case '-[NotchOrbitPlusTests.TranslationEvaluationTests testLocalTranslationControlsRenderWithoutAnActiveSessionOrDownload]' passed (0.355 seconds).
Test Case '-[NotchOrbitPlusTests.TranslationEvaluationTests testTypedClipboardOutputAndCancelledSessionIdentityWithoutPreparingModels]' started.
Test Case '-[NotchOrbitPlusTests.TranslationEvaluationTests testTypedClipboardOutputAndCancelledSessionIdentityWithoutPreparingModels]' passed (0.002 seconds).
Test Suite 'TranslationEvaluationTests' passed at 2026-10-04 20:37:15.837.
	 Executed 2 tests, with 0 failures (0 unexpected) in 0.357 (0.358) seconds
Test Suite 'UpdateClientEvaluationTests' started at 2026-10-04 20:37:15.837.
Test Case '-[NotchOrbitPlusTests.UpdateClientEvaluationTests testDeclaredAndStreamedOversizeAreRejectedWithoutLeavingCacheFiles]' started.
Test Case '-[NotchOrbitPlusTests.UpdateClientEvaluationTests testDeclaredAndStreamedOversizeAreRejectedWithoutLeavingCacheFiles]' passed (0.202 seconds).
Test Case '-[NotchOrbitPlusTests.UpdateClientEvaluationTests testFetchAndStreamedZIPVerifyBytesProgressAndSavedProvenance]' started.
Test Case '-[NotchOrbitPlusTests.UpdateClientEvaluationTests testFetchAndStreamedZIPVerifyBytesProgressAndSavedProvenance]' passed (0.253 seconds).
Test Case '-[NotchOrbitPlusTests.UpdateClientEvaluationTests testUnexpectedFinalURLAndHTTPFailuresRejectBeforePublication]' started.
Test Case '-[NotchOrbitPlusTests.UpdateClientEvaluationTests testUnexpectedFinalURLAndHTTPFailuresRejectBeforePublication]' passed (0.007 seconds).
Test Case '-[NotchOrbitPlusTests.UpdateClientEvaluationTests testWrongChecksumAndTruncatedStreamRemoveOnlyTheirPartialDownloads]' started.
Test Case '-[NotchOrbitPlusTests.UpdateClientEvaluationTests testWrongChecksumAndTruncatedStreamRemoveOnlyTheirPartialDownloads]' passed (0.219 seconds).
Test Suite 'UpdateClientEvaluationTests' passed at 2026-10-04 20:37:16.519.
	 Executed 4 tests, with 0 failures (0 unexpected) in 0.680 (0.682) seconds
Test Suite 'WorkflowExplicitRunTests' started at 2026-10-04 20:37:16.519.
Test Case '-[NotchOrbitPlusTests.WorkflowExplicitRunTests testExplicitAwaitForwardsPublicationFailureWithoutSuccessCallbackOrSourceReplacement]' started.
Test Case '-[NotchOrbitPlusTests.WorkflowExplicitRunTests testExplicitAwaitForwardsPublicationFailureWithoutSuccessCallbackOrSourceReplacement]' passed (0.017 seconds).
Test Case '-[NotchOrbitPlusTests.WorkflowExplicitRunTests testExplicitAwaitPublishesDurableOutputOutsideTemporaryInputAndPreservesPreference]' started.
Test Case '-[NotchOrbitPlusTests.WorkflowExplicitRunTests testExplicitAwaitPublishesDurableOutputOutsideTemporaryInputAndPreservesPreference]' passed (0.050 seconds).
Test Suite 'WorkflowExplicitRunTests' passed at 2026-10-04 20:37:16.587.
	 Executed 2 tests, with 0 failures (0 unexpected) in 0.067 (0.068) seconds
Test Suite 'WorkflowRunnerTests' started at 2026-10-04 20:37:16.587.
Test Case '-[NotchOrbitPlusTests.WorkflowRunnerTests testCancellationAfterARealStageLeavesExistingOutputAndSourceIntact]' started.
Test Case '-[NotchOrbitPlusTests.WorkflowRunnerTests testCancellationAfterARealStageLeavesExistingOutputAndSourceIntact]' passed (0.020 seconds).
Test Case '-[NotchOrbitPlusTests.WorkflowRunnerTests testCustomResizeAndWebPConversionPublishOnlyTheFinalDecodableFile]' started.
Test Case '-[NotchOrbitPlusTests.WorkflowRunnerTests testCustomResizeAndWebPConversionPublishOnlyTheFinalDecodableFile]' passed (0.070 seconds).
Test Case '-[NotchOrbitPlusTests.WorkflowRunnerTests testEditingAfterRejectedSavedPresetsPreservesTheirExactPriorBytes]' started.
Test Case '-[NotchOrbitPlusTests.WorkflowRunnerTests testEditingAfterRejectedSavedPresetsPreservesTheirExactPriorBytes]' passed (0.007 seconds).
Test Case '-[NotchOrbitPlusTests.WorkflowRunnerTests testExternalSourceReplacementAfterAStageRejectsStaleOutputAndRetainsReplacement]' started.
Test Case '-[NotchOrbitPlusTests.WorkflowRunnerTests testExternalSourceReplacementAfterAStageRejectsStaleOutputAndRetainsReplacement]' passed (0.031 seconds).
Test Case '-[NotchOrbitPlusTests.WorkflowRunnerTests testFourRealStagesProduceOneCollisionSafeZIPWithResizedJPEGs]' started.
Test Case '-[NotchOrbitPlusTests.WorkflowRunnerTests testFourRealStagesProduceOneCollisionSafeZIPWithResizedJPEGs]' passed (0.313 seconds).
Test Case '-[NotchOrbitPlusTests.WorkflowRunnerTests testInvalidSecondInputAndSymbolicSourceRejectWithoutPublishingOrChangingData]' started.
Test Case '-[NotchOrbitPlusTests.WorkflowRunnerTests testInvalidSecondInputAndSymbolicSourceRejectWithoutPublishingOrChangingData]' passed (0.005 seconds).
Test Case '-[NotchOrbitPlusTests.WorkflowRunnerTests testLatePublicationFailurePreservesTheBlockingFileAndOriginal]' started.
Test Case '-[NotchOrbitPlusTests.WorkflowRunnerTests testLatePublicationFailurePreservesTheBlockingFileAndOriginal]' passed (0.030 seconds).
Test Case '-[NotchOrbitPlusTests.WorkflowRunnerTests testTwoPathsThroughASymbolicParentCannotDuplicateOnePhysicalInput]' started.
Test Case '-[NotchOrbitPlusTests.WorkflowRunnerTests testTwoPathsThroughASymbolicParentCannotDuplicateOnePhysicalInput]' passed (0.003 seconds).
Test Case '-[NotchOrbitPlusTests.WorkflowRunnerTests testUnsupportedSecondImageRemovesTheFirstImagesCompletedPrivateStage]' started.
Test Case '-[NotchOrbitPlusTests.WorkflowRunnerTests testUnsupportedSecondImageRemovesTheFirstImagesCompletedPrivateStage]' passed (0.024 seconds).
Test Suite 'WorkflowRunnerTests' passed at 2026-10-04 20:37:17.093.
	 Executed 9 tests, with 0 failures (0 unexpected) in 0.503 (0.506) seconds
Test Suite 'WorkflowVideoTests' started at 2026-10-04 20:37:17.093.
Test Case '-[NotchOrbitPlusTests.WorkflowVideoTests testRealMOVCompressionAndZIPPublishPlayableSmallerVideoWithoutReplacingSources]' started.
Test Case '-[NotchOrbitPlusTests.WorkflowVideoTests testRealMOVCompressionAndZIPPublishPlayableSmallerVideoWithoutReplacingSources]' passed (0.443 seconds).
Test Case '-[NotchOrbitPlusTests.WorkflowVideoTests testUnsupportedSecondMOVRollsBackTheFirstRealCompressionAndPreservesBothSources]' started.
2026-10-04 20:37:17.878223+0000 NotchOrbitPlus[31689:84881] [] <<< FFR_Common >>> signalled err=-12848 at <>:4065
Test Case '-[NotchOrbitPlusTests.WorkflowVideoTests testUnsupportedSecondMOVRollsBackTheFirstRealCompressionAndPreservesBothSources]' passed (0.346 seconds).
Test Suite 'WorkflowVideoTests' passed at 2026-10-04 20:37:17.883.
	 Executed 2 tests, with 0 failures (0 unexpected) in 0.789 (0.790) seconds
Test Suite 'NotchOrbitPlusTests.xctest' passed at 2026-10-04 20:37:17.884.
	 Executed 185 tests, with 0 failures (0 unexpected) in 76.569 (76.697) seconds
Test Suite 'All tests' passed at 2026-10-04 20:37:17.884.
	 Executed 185 tests, with 0 failures (0 unexpected) in 76.569 (76.698) seconds
2026-10-04 20:37:22.250 xcodebuild[29394:72233] [MT] IDETestOperationsObserverDebug: 84.026 elapsed -- Testing started completed.
2026-10-04 20:37:22.250 xcodebuild[29394:72233] [MT] IDETestOperationsObserverDebug: 0.000 sec, +0.000 sec -- start
2026-10-04 20:37:22.250 xcodebuild[29394:72233] [MT] IDETestOperationsObserverDebug: 84.026 sec, +84.026 sec -- end

Test session results, code coverage, and logs:
	/Users/runner/work/orbit/orbit/NotchOrbitPlus/build/DerivedData/Logs/Test/Test-NotchOrbitPlus-2026.10.04_20-34-50-+0000.xcresult

** TEST SUCCEEDED **

Testing started
Command line invocation:
    /Applications/Xcode_26.6.app/Contents/Developer/usr/bin/xcodebuild -project NotchOrbitPlus.xcodeproj -scheme NotchOrbitPlus -configuration Release -derivedDataPath build/DerivedData CODE_SIGNING_ALLOWED=NO ONLY_ACTIVE_ARCH=NO "ARCHS=arm64 x86_64" build

Build settings from command line:
    ARCHS = arm64 x86_64
    CODE_SIGNING_ALLOWED = NO
    ONLY_ACTIVE_ARCH = NO

--- xcodebuild: WARNING: Using the first of multiple matching destinations:
{ platform:macOS, arch:arm64, id:d1d162f486d7279fd5c742585535225c7d6cd046, name:My Mac }
{ platform:macOS, arch:x86_64, id:d1d162f486d7279fd5c742585535225c7d6cd046, name:My Mac }
{ platform:macOS, name:Any Mac }
ComputePackagePrebuildTargetDependencyGraph

Prepare packages

CreateBuildRequest

SendProjectDescription

CreateBuildOperation

ComputeTargetDependencyGraph
note: Building targets in dependency order
note: Target dependency graph (3 targets)
    Target 'NotchOrbitPlus' in project 'NotchOrbitPlus'
        ➜ Explicit dependency on target 'OrbitCore' in project 'NotchOrbitPlus'
        ➜ Explicit dependency on target 'NotchCore' in project 'NotchOrbitPlus'
    Target 'NotchCore' in project 'NotchOrbitPlus' (no dependencies)
    Target 'OrbitCore' in project 'NotchOrbitPlus' (no dependencies)

GatherProvisioningInputs

CreateBuildDescription

ExecuteExternalTool /Applications/Xcode_26.6.app/Contents/Developer/Toolchains/XcodeDefault.xctoolchain/usr/bin/swiftc --version

ExecuteExternalTool /Applications/Xcode_26.6.app/Contents/Developer/Toolchains/XcodeDefault.xctoolchain/usr/bin/clang -v -E -dM -isysroot /Applications/Xcode_26.6.app/Contents/Developer/Platforms/MacOSX.platform/Developer/SDKs/MacOSX26.5.sdk -x c -c /dev/null

ExecuteExternalTool /Applications/Xcode_26.6.app/Contents/Developer/Toolchains/XcodeDefault.xctoolchain/usr/bin/libtool -V

ExecuteExternalTool /Applications/Xcode_26.6.app/Contents/Developer/Toolchains/XcodeDefault.xctoolchain/usr/bin/ld -version_details

Build description signature: 50fb6b09514349e7442e1896a953dc58
Build description path: /Users/runner/work/orbit/orbit/NotchOrbitPlus/build/DerivedData/Build/Intermediates.noindex/XCBuildData/50fb6b09514349e7442e1896a953dc58.xcbuilddata
WriteAuxiliaryFile /Users/runner/work/orbit/orbit/NotchOrbitPlus/build/DerivedData/Build/Intermediates.noindex/NotchOrbitPlus.build/Release/NotchOrbitPlus-f72668d2e0dd56b95fac80a5a9a4b360-VFS/all-product-headers.yaml
    cd /Users/runner/work/orbit/orbit/NotchOrbitPlus/NotchOrbitPlus.xcodeproj
    write-file /Users/runner/work/orbit/orbit/NotchOrbitPlus/build/DerivedData/Build/Intermediates.noindex/NotchOrbitPlus.build/Release/NotchOrbitPlus-f72668d2e0dd56b95fac80a5a9a4b360-VFS/all-product-headers.yaml

CreateBuildDirectory /Users/runner/work/orbit/orbit/NotchOrbitPlus/build/DerivedData/Build/Products/Release
    cd /Users/runner/work/orbit/orbit/NotchOrbitPlus/NotchOrbitPlus.xcodeproj
    builtin-create-build-directory /Users/runner/work/orbit/orbit/NotchOrbitPlus/build/DerivedData/Build/Products/Release

CreateBuildDirectory /Users/runner/work/orbit/orbit/NotchOrbitPlus/build/DerivedData/Build/Intermediates.noindex/EagerLinkingTBDs/Release
    cd /Users/runner/work/orbit/orbit/NotchOrbitPlus/NotchOrbitPlus.xcodeproj
    builtin-create-build-directory /Users/runner/work/orbit/orbit/NotchOrbitPlus/build/DerivedData/Build/Intermediates.noindex/EagerLinkingTBDs/Release

ClangStatCache /Applications/Xcode_26.6.app/Contents/Developer/Toolchains/XcodeDefault.xctoolchain/usr/bin/clang-stat-cache /Applications/Xcode_26.6.app/Contents/Developer/Platforms/MacOSX.platform/Developer/SDKs/MacOSX26.5.sdk /Users/runner/work/orbit/orbit/NotchOrbitPlus/build/DerivedData/SDKStatCaches.noindex/macosx26.5-25F70-688ef53f1462e2c8f657fdc38a81448fee0e6409aa6676c5e6c013d148225433.sdkstatcache
    cd /Users/runner/work/orbit/orbit/NotchOrbitPlus/NotchOrbitPlus.xcodeproj
    /Applications/Xcode_26.6.app/Contents/Developer/Toolchains/XcodeDefault.xctoolchain/usr/bin/clang-stat-cache /Applications/Xcode_26.6.app/Contents/Developer/Platforms/MacOSX.platform/Developer/SDKs/MacOSX26.5.sdk -o /Users/runner/work/orbit/orbit/NotchOrbitPlus/build/DerivedData/SDKStatCaches.noindex/macosx26.5-25F70-688ef53f1462e2c8f657fdc38a81448fee0e6409aa6676c5e6c013d148225433.sdkstatcache

WriteAuxiliaryFile /Users/runner/work/orbit/orbit/NotchOrbitPlus/build/DerivedData/Build/Intermediates.noindex/NotchOrbitPlus.build/Release/OrbitCore.build/OrbitCore.hmap (in target 'OrbitCore' from project 'NotchOrbitPlus')
    cd /Users/runner/work/orbit/orbit/NotchOrbitPlus
    write-file /Users/runner/work/orbit/orbit/NotchOrbitPlus/build/DerivedData/Build/Intermediates.noindex/NotchOrbitPlus.build/Release/OrbitCore.build/OrbitCore.hmap

WriteAuxiliaryFile /Users/runner/work/orbit/orbit/NotchOrbitPlus/build/DerivedData/Build/Intermediates.noindex/NotchOrbitPlus.build/Release/OrbitCore.build/OrbitCore.DependencyStaticMetadataFileList (in target 'OrbitCore' from project 'NotchOrbitPlus')
    cd /Users/runner/work/orbit/orbit/NotchOrbitPlus
    write-file /Users/runner/work/orbit/orbit/NotchOrbitPlus/build/DerivedData/Build/Intermediates.noindex/NotchOrbitPlus.build/Release/OrbitCore.build/OrbitCore.DependencyStaticMetadataFileList

WriteAuxiliaryFile /Users/runner/work/orbit/orbit/NotchOrbitPlus/build/DerivedData/Build/Intermediates.noindex/NotchOrbitPlus.build/Release/OrbitCore.build/OrbitCore.DependencyMetadataFileList (in target 'OrbitCore' from project 'NotchOrbitPlus')
    cd /Users/runner/work/orbit/orbit/NotchOrbitPlus
    write-file /Users/runner/work/orbit/orbit/NotchOrbitPlus/build/DerivedData/Build/Intermediates.noindex/NotchOrbitPlus.build/Release/OrbitCore.build/OrbitCore.DependencyMetadataFileList

WriteAuxiliaryFile /Users/runner/work/orbit/orbit/NotchOrbitPlus/build/DerivedData/Build/Intermediates.noindex/NotchOrbitPlus.build/Release/OrbitCore.build/OrbitCore-project-headers.hmap (in target 'OrbitCore' from project 'NotchOrbitPlus')
    cd /Users/runner/work/orbit/orbit/NotchOrbitPlus
    write-file /Users/runner/work/orbit/orbit/NotchOrbitPlus/build/DerivedData/Build/Intermediates.noindex/NotchOrbitPlus.build/Release/OrbitCore.build/OrbitCore-project-headers.hmap

WriteAuxiliaryFile /Users/runner/work/orbit/orbit/NotchOrbitPlus/build/DerivedData/Build/Intermediates.noindex/NotchOrbitPlus.build/Release/OrbitCore.build/OrbitCore-own-target-headers.hmap (in target 'OrbitCore' from project 'NotchOrbitPlus')
    cd /Users/runner/work/orbit/orbit/NotchOrbitPlus
    write-file /Users/runner/work/orbit/orbit/NotchOrbitPlus/build/DerivedData/Build/Intermediates.noindex/NotchOrbitPlus.build/Release/OrbitCore.build/OrbitCore-own-target-headers.hmap

WriteAuxiliaryFile /Users/runner/work/orbit/orbit/NotchOrbitPlus/build/DerivedData/Build/Intermediates.noindex/NotchOrbitPlus.build/Release/OrbitCore.build/OrbitCore-generated-files.hmap (in target 'OrbitCore' from project 'NotchOrbitPlus')
    cd /Users/runner/work/orbit/orbit/NotchOrbitPlus
    write-file /Users/runner/work/orbit/orbit/NotchOrbitPlus/build/DerivedData/Build/Intermediates.noindex/NotchOrbitPlus.build/Release/OrbitCore.build/OrbitCore-generated-files.hmap

WriteAuxiliaryFile /Users/runner/work/orbit/orbit/NotchOrbitPlus/build/DerivedData/Build/Intermediates.noindex/NotchOrbitPlus.build/Release/OrbitCore.build/OrbitCore-all-target-headers.hmap (in target 'OrbitCore' from project 'NotchOrbitPlus')
    cd /Users/runner/work/orbit/orbit/NotchOrbitPlus
    write-file /Users/runner/work/orbit/orbit/NotchOrbitPlus/build/DerivedData/Build/Intermediates.noindex/NotchOrbitPlus.build/Release/OrbitCore.build/OrbitCore-all-target-headers.hmap

WriteAuxiliaryFile /Users/runner/work/orbit/orbit/NotchOrbitPlus/build/DerivedData/Build/Intermediates.noindex/NotchOrbitPlus.build/Release/OrbitCore.build/OrbitCore-all-non-framework-target-headers.hmap (in target 'OrbitCore' from project 'NotchOrbitPlus')
    cd /Users/runner/work/orbit/orbit/NotchOrbitPlus
    write-file /Users/runner/work/orbit/orbit/NotchOrbitPlus/build/DerivedData/Build/Intermediates.noindex/NotchOrbitPlus.build/Release/OrbitCore.build/OrbitCore-all-non-framework-target-headers.hmap

WriteAuxiliaryFile /Users/runner/work/orbit/orbit/NotchOrbitPlus/build/DerivedData/Build/Intermediates.noindex/NotchOrbitPlus.build/Release/OrbitCore.build/Objects-normal/x86_64/OrbitCore_const_extract_protocols.json (in target 'OrbitCore' from project 'NotchOrbitPlus')
    cd /Users/runner/work/orbit/orbit/NotchOrbitPlus
    write-file /Users/runner/work/orbit/orbit/NotchOrbitPlus/build/DerivedData/Build/Intermediates.noindex/NotchOrbitPlus.build/Release/OrbitCore.build/Objects-normal/x86_64/OrbitCore_const_extract_protocols.json

WriteAuxiliaryFile /Users/runner/work/orbit/orbit/NotchOrbitPlus/build/DerivedData/Build/Intermediates.noindex/NotchOrbitPlus.build/Release/OrbitCore.build/Objects-normal/x86_64/OrbitCore.SwiftFileList (in target 'OrbitCore' from project 'NotchOrbitPlus')
    cd /Users/runner/work/orbit/orbit/NotchOrbitPlus
    write-file /Users/runner/work/orbit/orbit/NotchOrbitPlus/build/DerivedData/Build/Intermediates.noindex/NotchOrbitPlus.build/Release/OrbitCore.build/Objects-normal/x86_64/OrbitCore.SwiftFileList

WriteAuxiliaryFile /Users/runner/work/orbit/orbit/NotchOrbitPlus/build/DerivedData/Build/Intermediates.noindex/NotchOrbitPlus.build/Release/OrbitCore.build/Objects-normal/x86_64/OrbitCore.SwiftConstValuesFileList (in target 'OrbitCore' from project 'NotchOrbitPlus')
    cd /Users/runner/work/orbit/orbit/NotchOrbitPlus
    write-file /Users/runner/work/orbit/orbit/NotchOrbitPlus/build/DerivedData/Build/Intermediates.noindex/NotchOrbitPlus.build/Release/OrbitCore.build/Objects-normal/x86_64/OrbitCore.SwiftConstValuesFileList

WriteAuxiliaryFile /Users/runner/work/orbit/orbit/NotchOrbitPlus/build/DerivedData/Build/Intermediates.noindex/NotchOrbitPlus.build/Release/OrbitCore.build/Objects-normal/x86_64/OrbitCore.LinkFileList (in target 'OrbitCore' from project 'NotchOrbitPlus')
    cd /Users/runner/work/orbit/orbit/NotchOrbitPlus
    write-file /Users/runner/work/orbit/orbit/NotchOrbitPlus/build/DerivedData/Build/Intermediates.noindex/NotchOrbitPlus.build/Release/OrbitCore.build/Objects-normal/x86_64/OrbitCore.LinkFileList

WriteAuxiliaryFile /Users/runner/work/orbit/orbit/NotchOrbitPlus/build/DerivedData/Build/Intermediates.noindex/NotchOrbitPlus.build/Release/OrbitCore.build/Objects-normal/x86_64/OrbitCore-OutputFileMap.json (in target 'OrbitCore' from project 'NotchOrbitPlus')
    cd /Users/runner/work/orbit/orbit/NotchOrbitPlus
    write-file /Users/runner/work/orbit/orbit/NotchOrbitPlus/build/DerivedData/Build/Intermediates.noindex/NotchOrbitPlus.build/Release/OrbitCore.build/Objects-normal/x86_64/OrbitCore-OutputFileMap.json

WriteAuxiliaryFile /Users/runner/work/orbit/orbit/NotchOrbitPlus/build/DerivedData/Build/Intermediates.noindex/NotchOrbitPlus.build/Release/OrbitCore.build/Objects-normal/arm64/OrbitCore_const_extract_protocols.json (in target 'OrbitCore' from project 'NotchOrbitPlus')
    cd /Users/runner/work/orbit/orbit/NotchOrbitPlus
    write-file /Users/runner/work/orbit/orbit/NotchOrbitPlus/build/DerivedData/Build/Intermediates.noindex/NotchOrbitPlus.build/Release/OrbitCore.build/Objects-normal/arm64/OrbitCore_const_extract_protocols.json

WriteAuxiliaryFile /Users/runner/work/orbit/orbit/NotchOrbitPlus/build/DerivedData/Build/Intermediates.noindex/NotchOrbitPlus.build/Release/OrbitCore.build/Objects-normal/arm64/OrbitCore.SwiftFileList (in target 'OrbitCore' from project 'NotchOrbitPlus')
    cd /Users/runner/work/orbit/orbit/NotchOrbitPlus
    write-file /Users/runner/work/orbit/orbit/NotchOrbitPlus/build/DerivedData/Build/Intermediates.noindex/NotchOrbitPlus.build/Release/OrbitCore.build/Objects-normal/arm64/OrbitCore.SwiftFileList

WriteAuxiliaryFile /Users/runner/work/orbit/orbit/NotchOrbitPlus/build/DerivedData/Build/Intermediates.noindex/NotchOrbitPlus.build/Release/OrbitCore.build/Objects-normal/arm64/OrbitCore.SwiftConstValuesFileList (in target 'OrbitCore' from project 'NotchOrbitPlus')
    cd /Users/runner/work/orbit/orbit/NotchOrbitPlus
    write-file /Users/runner/work/orbit/orbit/NotchOrbitPlus/build/DerivedData/Build/Intermediates.noindex/NotchOrbitPlus.build/Release/OrbitCore.build/Objects-normal/arm64/OrbitCore.SwiftConstValuesFileList

WriteAuxiliaryFile /Users/runner/work/orbit/orbit/NotchOrbitPlus/build/DerivedData/Build/Intermediates.noindex/NotchOrbitPlus.build/Release/OrbitCore.build/Objects-normal/arm64/OrbitCore.LinkFileList (in target 'OrbitCore' from project 'NotchOrbitPlus')
    cd /Users/runner/work/orbit/orbit/NotchOrbitPlus
    write-file /Users/runner/work/orbit/orbit/NotchOrbitPlus/build/DerivedData/Build/Intermediates.noindex/NotchOrbitPlus.build/Release/OrbitCore.build/Objects-normal/arm64/OrbitCore.LinkFileList

WriteAuxiliaryFile /Users/runner/work/orbit/orbit/NotchOrbitPlus/build/DerivedData/Build/Intermediates.noindex/NotchOrbitPlus.build/Release/OrbitCore.build/Objects-normal/arm64/OrbitCore-OutputFileMap.json (in target 'OrbitCore' from project 'NotchOrbitPlus')
    cd /Users/runner/work/orbit/orbit/NotchOrbitPlus
    write-file /Users/runner/work/orbit/orbit/NotchOrbitPlus/build/DerivedData/Build/Intermediates.noindex/NotchOrbitPlus.build/Release/OrbitCore.build/Objects-normal/arm64/OrbitCore-OutputFileMap.json

WriteAuxiliaryFile /Users/runner/work/orbit/orbit/NotchOrbitPlus/build/DerivedData/Build/Intermediates.noindex/NotchOrbitPlus.build/Release/NotchOrbitPlus.build/Objects-normal/x86_64/NotchOrbitPlus.SwiftFileList (in target 'NotchOrbitPlus' from project 'NotchOrbitPlus')
    cd /Users/runner/work/orbit/orbit/NotchOrbitPlus
    write-file /Users/runner/work/orbit/orbit/NotchOrbitPlus/build/DerivedData/Build/Intermediates.noindex/NotchOrbitPlus.build/Release/NotchOrbitPlus.build/Objects-normal/x86_64/NotchOrbitPlus.SwiftFileList

WriteAuxiliaryFile /Users/runner/work/orbit/orbit/NotchOrbitPlus/build/DerivedData/Build/Intermediates.noindex/NotchOrbitPlus.build/Release/NotchOrbitPlus.build/Objects-normal/x86_64/NotchOrbitPlus_const_extract_protocols.json (in target 'NotchOrbitPlus' from project 'NotchOrbitPlus')
    cd /Users/runner/work/orbit/orbit/NotchOrbitPlus
    write-file /Users/runner/work/orbit/orbit/NotchOrbitPlus/build/DerivedData/Build/Intermediates.noindex/NotchOrbitPlus.build/Release/NotchOrbitPlus.build/Objects-normal/x86_64/NotchOrbitPlus_const_extract_protocols.json

WriteAuxiliaryFile /Users/runner/work/orbit/orbit/NotchOrbitPlus/build/DerivedData/Build/Intermediates.noindex/NotchOrbitPlus.build/Release/NotchOrbitPlus.build/Objects-normal/x86_64/NotchOrbitPlus.SwiftConstValuesFileList (in target 'NotchOrbitPlus' from project 'NotchOrbitPlus')
    cd /Users/runner/work/orbit/orbit/NotchOrbitPlus
    write-file /Users/runner/work/orbit/orbit/NotchOrbitPlus/build/DerivedData/Build/Intermediates.noindex/NotchOrbitPlus.build/Release/NotchOrbitPlus.build/Objects-normal/x86_64/NotchOrbitPlus.SwiftConstValuesFileList

WriteAuxiliaryFile /Users/runner/work/orbit/orbit/NotchOrbitPlus/build/DerivedData/Build/Intermediates.noindex/NotchOrbitPlus.build/Release/NotchOrbitPlus.build/Objects-normal/x86_64/NotchOrbitPlus.LinkFileList (in target 'NotchOrbitPlus' from project 'NotchOrbitPlus')
    cd /Users/runner/work/orbit/orbit/NotchOrbitPlus
    write-file /Users/runner/work/orbit/orbit/NotchOrbitPlus/build/DerivedData/Build/Intermediates.noindex/NotchOrbitPlus.build/Release/NotchOrbitPlus.build/Objects-normal/x86_64/NotchOrbitPlus.LinkFileList

WriteAuxiliaryFile /Users/runner/work/orbit/orbit/NotchOrbitPlus/build/DerivedData/Build/Intermediates.noindex/NotchOrbitPlus.build/Release/NotchOrbitPlus.build/Objects-normal/x86_64/NotchOrbitPlus-OutputFileMap.json (in target 'NotchOrbitPlus' from project 'NotchOrbitPlus')
    cd /Users/runner/work/orbit/orbit/NotchOrbitPlus
    write-file /Users/runner/work/orbit/orbit/NotchOrbitPlus/build/DerivedData/Build/Intermediates.noindex/NotchOrbitPlus.build/Release/NotchOrbitPlus.build/Objects-normal/x86_64/NotchOrbitPlus-OutputFileMap.json

WriteAuxiliaryFile /Users/runner/work/orbit/orbit/NotchOrbitPlus/build/DerivedData/Build/Intermediates.noindex/NotchOrbitPlus.build/Release/NotchOrbitPlus.build/Objects-normal/arm64/NotchOrbitPlus_const_extract_protocols.json (in target 'NotchOrbitPlus' from project 'NotchOrbitPlus')
    cd /Users/runner/work/orbit/orbit/NotchOrbitPlus
    write-file /Users/runner/work/orbit/orbit/NotchOrbitPlus/build/DerivedData/Build/Intermediates.noindex/NotchOrbitPlus.build/Release/NotchOrbitPlus.build/Objects-normal/arm64/NotchOrbitPlus_const_extract_protocols.json

WriteAuxiliaryFile /Users/runner/work/orbit/orbit/NotchOrbitPlus/build/DerivedData/Build/Intermediates.noindex/NotchOrbitPlus.build/Release/NotchOrbitPlus.build/Objects-normal/arm64/NotchOrbitPlus.SwiftFileList (in target 'NotchOrbitPlus' from project 'NotchOrbitPlus')
    cd /Users/runner/work/orbit/orbit/NotchOrbitPlus
    write-file /Users/runner/work/orbit/orbit/NotchOrbitPlus/build/DerivedData/Build/Intermediates.noindex/NotchOrbitPlus.build/Release/NotchOrbitPlus.build/Objects-normal/arm64/NotchOrbitPlus.SwiftFileList

WriteAuxiliaryFile /Users/runner/work/orbit/orbit/NotchOrbitPlus/build/DerivedData/Build/Intermediates.noindex/NotchOrbitPlus.build/Release/NotchOrbitPlus.build/Objects-normal/arm64/NotchOrbitPlus.SwiftConstValuesFileList (in target 'NotchOrbitPlus' from project 'NotchOrbitPlus')
    cd /Users/runner/work/orbit/orbit/NotchOrbitPlus
    write-file /Users/runner/work/orbit/orbit/NotchOrbitPlus/build/DerivedData/Build/Intermediates.noindex/NotchOrbitPlus.build/Release/NotchOrbitPlus.build/Objects-normal/arm64/NotchOrbitPlus.SwiftConstValuesFileList

WriteAuxiliaryFile /Users/runner/work/orbit/orbit/NotchOrbitPlus/build/DerivedData/Build/Intermediates.noindex/NotchOrbitPlus.build/Release/NotchOrbitPlus.build/Objects-normal/arm64/NotchOrbitPlus.LinkFileList (in target 'NotchOrbitPlus' from project 'NotchOrbitPlus')
    cd /Users/runner/work/orbit/orbit/NotchOrbitPlus
    write-file /Users/runner/work/orbit/orbit/NotchOrbitPlus/build/DerivedData/Build/Intermediates.noindex/NotchOrbitPlus.build/Release/NotchOrbitPlus.build/Objects-normal/arm64/NotchOrbitPlus.LinkFileList

WriteAuxiliaryFile /Users/runner/work/orbit/orbit/NotchOrbitPlus/build/DerivedData/Build/Intermediates.noindex/NotchOrbitPlus.build/Release/NotchOrbitPlus.build/Objects-normal/arm64/NotchOrbitPlus-OutputFileMap.json (in target 'NotchOrbitPlus' from project 'NotchOrbitPlus')
    cd /Users/runner/work/orbit/orbit/NotchOrbitPlus
    write-file /Users/runner/work/orbit/orbit/NotchOrbitPlus/build/DerivedData/Build/Intermediates.noindex/NotchOrbitPlus.build/Release/NotchOrbitPlus.build/Objects-normal/arm64/NotchOrbitPlus-OutputFileMap.json

WriteAuxiliaryFile /Users/runner/work/orbit/orbit/NotchOrbitPlus/build/DerivedData/Build/Intermediates.noindex/NotchOrbitPlus.build/Release/NotchOrbitPlus.build/NotchOrbitPlus.hmap (in target 'NotchOrbitPlus' from project 'NotchOrbitPlus')
    cd /Users/runner/work/orbit/orbit/NotchOrbitPlus
    write-file /Users/runner/work/orbit/orbit/NotchOrbitPlus/build/DerivedData/Build/Intermediates.noindex/NotchOrbitPlus.build/Release/NotchOrbitPlus.build/NotchOrbitPlus.hmap

WriteAuxiliaryFile /Users/runner/work/orbit/orbit/NotchOrbitPlus/build/DerivedData/Build/Intermediates.noindex/NotchOrbitPlus.build/Release/NotchOrbitPlus.build/NotchOrbitPlus.DependencyStaticMetadataFileList (in target 'NotchOrbitPlus' from project 'NotchOrbitPlus')
    cd /Users/runner/work/orbit/orbit/NotchOrbitPlus
    write-file /Users/runner/work/orbit/orbit/NotchOrbitPlus/build/DerivedData/Build/Intermediates.noindex/NotchOrbitPlus.build/Release/NotchOrbitPlus.build/NotchOrbitPlus.DependencyStaticMetadataFileList

WriteAuxiliaryFile /Users/runner/work/orbit/orbit/NotchOrbitPlus/build/DerivedData/Build/Intermediates.noindex/NotchOrbitPlus.build/Release/NotchOrbitPlus.build/NotchOrbitPlus.DependencyMetadataFileList (in target 'NotchOrbitPlus' from project 'NotchOrbitPlus')
    cd /Users/runner/work/orbit/orbit/NotchOrbitPlus
    write-file /Users/runner/work/orbit/orbit/NotchOrbitPlus/build/DerivedData/Build/Intermediates.noindex/NotchOrbitPlus.build/Release/NotchOrbitPlus.build/NotchOrbitPlus.DependencyMetadataFileList

WriteAuxiliaryFile /Users/runner/work/orbit/orbit/NotchOrbitPlus/build/DerivedData/Build/Intermediates.noindex/NotchOrbitPlus.build/Release/NotchOrbitPlus.build/NotchOrbitPlus-project-headers.hmap (in target 'NotchOrbitPlus' from project 'NotchOrbitPlus')
    cd /Users/runner/work/orbit/orbit/NotchOrbitPlus
    write-file /Users/runner/work/orbit/orbit/NotchOrbitPlus/build/DerivedData/Build/Intermediates.noindex/NotchOrbitPlus.build/Release/NotchOrbitPlus.build/NotchOrbitPlus-project-headers.hmap

WriteAuxiliaryFile /Users/runner/work/orbit/orbit/NotchOrbitPlus/build/DerivedData/Build/Intermediates.noindex/NotchOrbitPlus.build/Release/NotchOrbitPlus.build/NotchOrbitPlus-own-target-headers.hmap (in target 'NotchOrbitPlus' from project 'NotchOrbitPlus')
    cd /Users/runner/work/orbit/orbit/NotchOrbitPlus
    write-file /Users/runner/work/orbit/orbit/NotchOrbitPlus/build/DerivedData/Build/Intermediates.noindex/NotchOrbitPlus.build/Release/NotchOrbitPlus.build/NotchOrbitPlus-own-target-headers.hmap

WriteAuxiliaryFile /Users/runner/work/orbit/orbit/NotchOrbitPlus/build/DerivedData/Build/Intermediates.noindex/NotchOrbitPlus.build/Release/NotchOrbitPlus.build/NotchOrbitPlus-generated-files.hmap (in target 'NotchOrbitPlus' from project 'NotchOrbitPlus')
    cd /Users/runner/work/orbit/orbit/NotchOrbitPlus
    write-file /Users/runner/work/orbit/orbit/NotchOrbitPlus/build/DerivedData/Build/Intermediates.noindex/NotchOrbitPlus.build/Release/NotchOrbitPlus.build/NotchOrbitPlus-generated-files.hmap

WriteAuxiliaryFile /Users/runner/work/orbit/orbit/NotchOrbitPlus/build/DerivedData/Build/Intermediates.noindex/NotchOrbitPlus.build/Release/NotchOrbitPlus.build/NotchOrbitPlus-all-target-headers.hmap (in target 'NotchOrbitPlus' from project 'NotchOrbitPlus')
    cd /Users/runner/work/orbit/orbit/NotchOrbitPlus
    write-file /Users/runner/work/orbit/orbit/NotchOrbitPlus/build/DerivedData/Build/Intermediates.noindex/NotchOrbitPlus.build/Release/NotchOrbitPlus.build/NotchOrbitPlus-all-target-headers.hmap

WriteAuxiliaryFile /Users/runner/work/orbit/orbit/NotchOrbitPlus/build/DerivedData/Build/Intermediates.noindex/NotchOrbitPlus.build/Release/NotchOrbitPlus.build/NotchOrbitPlus-all-non-framework-target-headers.hmap (in target 'NotchOrbitPlus' from project 'NotchOrbitPlus')
    cd /Users/runner/work/orbit/orbit/NotchOrbitPlus
    write-file /Users/runner/work/orbit/orbit/NotchOrbitPlus/build/DerivedData/Build/Intermediates.noindex/NotchOrbitPlus.build/Release/NotchOrbitPlus.build/NotchOrbitPlus-all-non-framework-target-headers.hmap

WriteAuxiliaryFile /Users/runner/work/orbit/orbit/NotchOrbitPlus/build/DerivedData/Build/Intermediates.noindex/NotchOrbitPlus.build/Release/NotchCore.build/Objects-normal/x86_64/NotchCore_const_extract_protocols.json (in target 'NotchCore' from project 'NotchOrbitPlus')
    cd /Users/runner/work/orbit/orbit/NotchOrbitPlus
    write-file /Users/runner/work/orbit/orbit/NotchOrbitPlus/build/DerivedData/Build/Intermediates.noindex/NotchOrbitPlus.build/Release/NotchCore.build/Objects-normal/x86_64/NotchCore_const_extract_protocols.json

WriteAuxiliaryFile /Users/runner/work/orbit/orbit/NotchOrbitPlus/build/DerivedData/Build/Intermediates.noindex/NotchOrbitPlus.build/Release/NotchCore.build/Objects-normal/x86_64/NotchCore.SwiftFileList (in target 'NotchCore' from project 'NotchOrbitPlus')
    cd /Users/runner/work/orbit/orbit/NotchOrbitPlus
    write-file /Users/runner/work/orbit/orbit/NotchOrbitPlus/build/DerivedData/Build/Intermediates.noindex/NotchOrbitPlus.build/Release/NotchCore.build/Objects-normal/x86_64/NotchCore.SwiftFileList

WriteAuxiliaryFile /Users/runner/work/orbit/orbit/NotchOrbitPlus/build/DerivedData/Build/Intermediates.noindex/NotchOrbitPlus.build/Release/NotchCore.build/Objects-normal/x86_64/NotchCore.SwiftConstValuesFileList (in target 'NotchCore' from project 'NotchOrbitPlus')
    cd /Users/runner/work/orbit/orbit/NotchOrbitPlus
    write-file /Users/runner/work/orbit/orbit/NotchOrbitPlus/build/DerivedData/Build/Intermediates.noindex/NotchOrbitPlus.build/Release/NotchCore.build/Objects-normal/x86_64/NotchCore.SwiftConstValuesFileList

WriteAuxiliaryFile /Users/runner/work/orbit/orbit/NotchOrbitPlus/build/DerivedData/Build/Intermediates.noindex/NotchOrbitPlus.build/Release/NotchCore.build/Objects-normal/x86_64/NotchCore.LinkFileList (in target 'NotchCore' from project 'NotchOrbitPlus')
    cd /Users/runner/work/orbit/orbit/NotchOrbitPlus
    write-file /Users/runner/work/orbit/orbit/NotchOrbitPlus/build/DerivedData/Build/Intermediates.noindex/NotchOrbitPlus.build/Release/NotchCore.build/Objects-normal/x86_64/NotchCore.LinkFileList

WriteAuxiliaryFile /Users/runner/work/orbit/orbit/NotchOrbitPlus/build/DerivedData/Build/Intermediates.noindex/NotchOrbitPlus.build/Release/NotchCore.build/Objects-normal/x86_64/NotchCore-OutputFileMap.json (in target 'NotchCore' from project 'NotchOrbitPlus')
    cd /Users/runner/work/orbit/orbit/NotchOrbitPlus
    write-file /Users/runner/work/orbit/orbit/NotchOrbitPlus/build/DerivedData/Build/Intermediates.noindex/NotchOrbitPlus.build/Release/NotchCore.build/Objects-normal/x86_64/NotchCore-OutputFileMap.json

WriteAuxiliaryFile /Users/runner/work/orbit/orbit/NotchOrbitPlus/build/DerivedData/Build/Intermediates.noindex/NotchOrbitPlus.build/Release/NotchCore.build/Objects-normal/arm64/NotchCore_const_extract_protocols.json (in target 'NotchCore' from project 'NotchOrbitPlus')
    cd /Users/runner/work/orbit/orbit/NotchOrbitPlus
    write-file /Users/runner/work/orbit/orbit/NotchOrbitPlus/build/DerivedData/Build/Intermediates.noindex/NotchOrbitPlus.build/Release/NotchCore.build/Objects-normal/arm64/NotchCore_const_extract_protocols.json

WriteAuxiliaryFile /Users/runner/work/orbit/orbit/NotchOrbitPlus/build/DerivedData/Build/Intermediates.noindex/NotchOrbitPlus.build/Release/NotchCore.build/Objects-normal/arm64/NotchCore.SwiftFileList (in target 'NotchCore' from project 'NotchOrbitPlus')
    cd /Users/runner/work/orbit/orbit/NotchOrbitPlus
    write-file /Users/runner/work/orbit/orbit/NotchOrbitPlus/build/DerivedData/Build/Intermediates.noindex/NotchOrbitPlus.build/Release/NotchCore.build/Objects-normal/arm64/NotchCore.SwiftFileList

WriteAuxiliaryFile /Users/runner/work/orbit/orbit/NotchOrbitPlus/build/DerivedData/Build/Intermediates.noindex/NotchOrbitPlus.build/Release/NotchCore.build/Objects-normal/arm64/NotchCore.SwiftConstValuesFileList (in target 'NotchCore' from project 'NotchOrbitPlus')
    cd /Users/runner/work/orbit/orbit/NotchOrbitPlus
    write-file /Users/runner/work/orbit/orbit/NotchOrbitPlus/build/DerivedData/Build/Intermediates.noindex/NotchOrbitPlus.build/Release/NotchCore.build/Objects-normal/arm64/NotchCore.SwiftConstValuesFileList

WriteAuxiliaryFile /Users/runner/work/orbit/orbit/NotchOrbitPlus/build/DerivedData/Build/Intermediates.noindex/NotchOrbitPlus.build/Release/NotchCore.build/Objects-normal/arm64/NotchCore.LinkFileList (in target 'NotchCore' from project 'NotchOrbitPlus')
    cd /Users/runner/work/orbit/orbit/NotchOrbitPlus
    write-file /Users/runner/work/orbit/orbit/NotchOrbitPlus/build/DerivedData/Build/Intermediates.noindex/NotchOrbitPlus.build/Release/NotchCore.build/Objects-normal/arm64/NotchCore.LinkFileList

WriteAuxiliaryFile /Users/runner/work/orbit/orbit/NotchOrbitPlus/build/DerivedData/Build/Intermediates.noindex/NotchOrbitPlus.build/Release/NotchCore.build/Objects-normal/arm64/NotchCore-OutputFileMap.json (in target 'NotchCore' from project 'NotchOrbitPlus')
    cd /Users/runner/work/orbit/orbit/NotchOrbitPlus
    write-file /Users/runner/work/orbit/orbit/NotchOrbitPlus/build/DerivedData/Build/Intermediates.noindex/NotchOrbitPlus.build/Release/NotchCore.build/Objects-normal/arm64/NotchCore-OutputFileMap.json

WriteAuxiliaryFile /Users/runner/work/orbit/orbit/NotchOrbitPlus/build/DerivedData/Build/Intermediates.noindex/NotchOrbitPlus.build/Release/NotchCore.build/NotchCore.hmap (in target 'NotchCore' from project 'NotchOrbitPlus')
    cd /Users/runner/work/orbit/orbit/NotchOrbitPlus
    write-file /Users/runner/work/orbit/orbit/NotchOrbitPlus/build/DerivedData/Build/Intermediates.noindex/NotchOrbitPlus.build/Release/NotchCore.build/NotchCore.hmap

WriteAuxiliaryFile /Users/runner/work/orbit/orbit/NotchOrbitPlus/build/DerivedData/Build/Intermediates.noindex/NotchOrbitPlus.build/Release/NotchCore.build/NotchCore.DependencyStaticMetadataFileList (in target 'NotchCore' from project 'NotchOrbitPlus')
    cd /Users/runner/work/orbit/orbit/NotchOrbitPlus
    write-file /Users/runner/work/orbit/orbit/NotchOrbitPlus/build/DerivedData/Build/Intermediates.noindex/NotchOrbitPlus.build/Release/NotchCore.build/NotchCore.DependencyStaticMetadataFileList

WriteAuxiliaryFile /Users/runner/work/orbit/orbit/NotchOrbitPlus/build/DerivedData/Build/Intermediates.noindex/NotchOrbitPlus.build/Release/NotchCore.build/NotchCore.DependencyMetadataFileList (in target 'NotchCore' from project 'NotchOrbitPlus')
    cd /Users/runner/work/orbit/orbit/NotchOrbitPlus
    write-file /Users/runner/work/orbit/orbit/NotchOrbitPlus/build/DerivedData/Build/Intermediates.noindex/NotchOrbitPlus.build/Release/NotchCore.build/NotchCore.DependencyMetadataFileList

WriteAuxiliaryFile /Users/runner/work/orbit/orbit/NotchOrbitPlus/build/DerivedData/Build/Intermediates.noindex/NotchOrbitPlus.build/Release/NotchCore.build/NotchCore-project-headers.hmap (in target 'NotchCore' from project 'NotchOrbitPlus')
    cd /Users/runner/work/orbit/orbit/NotchOrbitPlus
    write-file /Users/runner/work/orbit/orbit/NotchOrbitPlus/build/DerivedData/Build/Intermediates.noindex/NotchOrbitPlus.build/Release/NotchCore.build/NotchCore-project-headers.hmap

WriteAuxiliaryFile /Users/runner/work/orbit/orbit/NotchOrbitPlus/build/DerivedData/Build/Intermediates.noindex/NotchOrbitPlus.build/Release/NotchCore.build/NotchCore-own-target-headers.hmap (in target 'NotchCore' from project 'NotchOrbitPlus')
    cd /Users/runner/work/orbit/orbit/NotchOrbitPlus
    write-file /Users/runner/work/orbit/orbit/NotchOrbitPlus/build/DerivedData/Build/Intermediates.noindex/NotchOrbitPlus.build/Release/NotchCore.build/NotchCore-own-target-headers.hmap

WriteAuxiliaryFile /Users/runner/work/orbit/orbit/NotchOrbitPlus/build/DerivedData/Build/Intermediates.noindex/NotchOrbitPlus.build/Release/NotchCore.build/NotchCore-generated-files.hmap (in target 'NotchCore' from project 'NotchOrbitPlus')
    cd /Users/runner/work/orbit/orbit/NotchOrbitPlus
    write-file /Users/runner/work/orbit/orbit/NotchOrbitPlus/build/DerivedData/Build/Intermediates.noindex/NotchOrbitPlus.build/Release/NotchCore.build/NotchCore-generated-files.hmap

WriteAuxiliaryFile /Users/runner/work/orbit/orbit/NotchOrbitPlus/build/DerivedData/Build/Intermediates.noindex/NotchOrbitPlus.build/Release/NotchCore.build/NotchCore-all-target-headers.hmap (in target 'NotchCore' from project 'NotchOrbitPlus')
    cd /Users/runner/work/orbit/orbit/NotchOrbitPlus
    write-file /Users/runner/work/orbit/orbit/NotchOrbitPlus/build/DerivedData/Build/Intermediates.noindex/NotchOrbitPlus.build/Release/NotchCore.build/NotchCore-all-target-headers.hmap

WriteAuxiliaryFile /Users/runner/work/orbit/orbit/NotchOrbitPlus/build/DerivedData/Build/Intermediates.noindex/NotchOrbitPlus.build/Release/NotchCore.build/NotchCore-all-non-framework-target-headers.hmap (in target 'NotchCore' from project 'NotchOrbitPlus')
    cd /Users/runner/work/orbit/orbit/NotchOrbitPlus
    write-file /Users/runner/work/orbit/orbit/NotchOrbitPlus/build/DerivedData/Build/Intermediates.noindex/NotchOrbitPlus.build/Release/NotchCore.build/NotchCore-all-non-framework-target-headers.hmap

MkDir /Users/runner/work/orbit/orbit/NotchOrbitPlus/build/DerivedData/Build/Products/Release/NotchOrbitPlus.app/Contents/Resources (in target 'NotchOrbitPlus' from project 'NotchOrbitPlus')
    cd /Users/runner/work/orbit/orbit/NotchOrbitPlus
    /bin/mkdir -p /Users/runner/work/orbit/orbit/NotchOrbitPlus/build/DerivedData/Build/Products/Release/NotchOrbitPlus.app/Contents/Resources

MkDir /Users/runner/work/orbit/orbit/NotchOrbitPlus/build/DerivedData/Build/Products/Release/NotchOrbitPlus.app/Contents/MacOS (in target 'NotchOrbitPlus' from project 'NotchOrbitPlus')
    cd /Users/runner/work/orbit/orbit/NotchOrbitPlus
    /bin/mkdir -p /Users/runner/work/orbit/orbit/NotchOrbitPlus/build/DerivedData/Build/Products/Release/NotchOrbitPlus.app/Contents/MacOS

MkDir /Users/runner/work/orbit/orbit/NotchOrbitPlus/build/DerivedData/Build/Products/Release/NotchOrbitPlus.app/Contents (in target 'NotchOrbitPlus' from project 'NotchOrbitPlus')
    cd /Users/runner/work/orbit/orbit/NotchOrbitPlus
    /bin/mkdir -p /Users/runner/work/orbit/orbit/NotchOrbitPlus/build/DerivedData/Build/Products/Release/NotchOrbitPlus.app/Contents

MkDir /Users/runner/work/orbit/orbit/NotchOrbitPlus/build/DerivedData/Build/Products/Release/NotchOrbitPlus.app (in target 'NotchOrbitPlus' from project 'NotchOrbitPlus')
    cd /Users/runner/work/orbit/orbit/NotchOrbitPlus
    /bin/mkdir -p /Users/runner/work/orbit/orbit/NotchOrbitPlus/build/DerivedData/Build/Products/Release/NotchOrbitPlus.app

SwiftDriver OrbitCore normal arm64 com.apple.xcode.tools.swift.compiler (in target 'OrbitCore' from project 'NotchOrbitPlus')
    cd /Users/runner/work/orbit/orbit/NotchOrbitPlus
    builtin-SwiftDriver -- /Applications/Xcode_26.6.app/Contents/Developer/Toolchains/XcodeDefault.xctoolchain/usr/bin/swiftc -module-name OrbitCore -O @/Users/runner/work/orbit/orbit/NotchOrbitPlus/build/DerivedData/Build/Intermediates.noindex/NotchOrbitPlus.build/Release/OrbitCore.build/Objects-normal/arm64/OrbitCore.SwiftFileList -enable-experimental-feature DebugDescriptionMacro -sdk /Applications/Xcode_26.6.app/Contents/Developer/Platforms/MacOSX.platform/Developer/SDKs/MacOSX26.5.sdk -target arm64-apple-macos14.0 -g -module-cache-path /Users/runner/work/orbit/orbit/NotchOrbitPlus/build/DerivedData/ModuleCache.noindex -Xfrontend -serialize-debugging-options -enable-testing -swift-version 6 -I /Users/runner/work/orbit/orbit/NotchOrbitPlus/build/DerivedData/Build/Products/Release -I /Users/runner/work/orbit/orbit/NotchOrbitPlus/build/DerivedData/Build/Products/Release -F /Users/runner/work/orbit/orbit/NotchOrbitPlus/build/DerivedData/Build/Products/Release -c -j3 -enable-batch-mode -incremental -Xcc -ivfsstatcache -Xcc /Users/runner/work/orbit/orbit/NotchOrbitPlus/build/DerivedData/SDKStatCaches.noindex/macosx26.5-25F70-688ef53f1462e2c8f657fdc38a81448fee0e6409aa6676c5e6c013d148225433.sdkstatcache -output-file-map /Users/runner/work/orbit/orbit/NotchOrbitPlus/build/DerivedData/Build/Intermediates.noindex/NotchOrbitPlus.build/Release/OrbitCore.build/Objects-normal/arm64/OrbitCore-OutputFileMap.json -use-frontend-parseable-output -save-temps -no-color-diagnostics -explicit-module-build -module-cache-path /Users/runner/work/orbit/orbit/NotchOrbitPlus/build/DerivedData/Build/Intermediates.noindex/SwiftExplicitPrecompiledModules -clang-scanner-module-cache-path /Users/runner/work/orbit/orbit/NotchOrbitPlus/build/DerivedData/ModuleCache.noindex -sdk-module-cache-path /Users/runner/work/orbit/orbit/NotchOrbitPlus/build/DerivedData/ModuleCache.noindex -serialize-diagnostics -emit-dependencies -emit-module -emit-module-path /Users/runner/work/orbit/orbit/NotchOrbitPlus/build/DerivedData/Build/Intermediates.noindex/NotchOrbitPlus.build/Release/OrbitCore.build/Objects-normal/arm64/OrbitCore.swiftmodule -validate-clang-modules-once -clang-build-session-file /Users/runner/work/orbit/orbit/NotchOrbitPlus/build/DerivedData/ModuleCache.noindex/Session.modulevalidation -Xcc -I/Users/runner/work/orbit/orbit/NotchOrbitPlus/build/DerivedData/Build/Intermediates.noindex/NotchOrbitPlus.build/Release/OrbitCore.build/swift-overrides.hmap -emit-const-values -Xfrontend -const-gather-protocols-file -Xfrontend /Users/runner/work/orbit/orbit/NotchOrbitPlus/build/DerivedData/Build/Intermediates.noindex/NotchOrbitPlus.build/Release/OrbitCore.build/Objects-normal/arm64/OrbitCore_const_extract_protocols.json -Xcc -iquote -Xcc /Users/runner/work/orbit/orbit/NotchOrbitPlus/build/DerivedData/Build/Intermediates.noindex/NotchOrbitPlus.build/Release/OrbitCore.build/OrbitCore-generated-files.hmap -Xcc -I/Users/runner/work/orbit/orbit/NotchOrbitPlus/build/DerivedData/Build/Intermediates.noindex/NotchOrbitPlus.build/Release/OrbitCore.build/OrbitCore-own-target-headers.hmap -Xcc -I/Users/runner/work/orbit/orbit/NotchOrbitPlus/build/DerivedData/Build/Intermediates.noindex/NotchOrbitPlus.build/Release/OrbitCore.build/OrbitCore-all-non-framework-target-headers.hmap -Xcc -ivfsoverlay -Xcc /Users/runner/work/orbit/orbit/NotchOrbitPlus/build/DerivedData/Build/Intermediates.noindex/NotchOrbitPlus.build/Release/NotchOrbitPlus-f72668d2e0dd56b95fac80a5a9a4b360-VFS/all-product-headers.yaml -Xcc -iquote -Xcc /Users/runner/work/orbit/orbit/NotchOrbitPlus/build/DerivedData/Build/Intermediates.noindex/NotchOrbitPlus.build/Release/OrbitCore.build/OrbitCore-project-headers.hmap -Xcc -I/Users/runner/work/orbit/orbit/NotchOrbitPlus/build/DerivedData/Build/Products/Release/include -Xcc -I/Users/runner/work/orbit/orbit/NotchOrbitPlus/build/DerivedData/Build/Intermediates.noindex/NotchOrbitPlus.build/Release/OrbitCore.build/DerivedSources-normal/arm64 -Xcc -I/Users/runner/work/orbit/orbit/NotchOrbitPlus/build/DerivedData/Build/Intermediates.noindex/NotchOrbitPlus.build/Release/OrbitCore.build/DerivedSources/arm64 -Xcc -I/Users/runner/work/orbit/orbit/NotchOrbitPlus/build/DerivedData/Build/Intermediates.noindex/NotchOrbitPlus.build/Release/OrbitCore.build/DerivedSources -emit-objc-header -emit-objc-header-path /Users/runner/work/orbit/orbit/NotchOrbitPlus/build/DerivedData/Build/Intermediates.noindex/NotchOrbitPlus.build/Release/OrbitCore.build/Objects-normal/arm64/OrbitCore-Swift.h -working-directory /Users/runner/work/orbit/orbit/NotchOrbitPlus -experimental-emit-module-separately -disable-cmo

SwiftDriver OrbitCore normal x86_64 com.apple.xcode.tools.swift.compiler (in target 'OrbitCore' from project 'NotchOrbitPlus')
    cd /Users/runner/work/orbit/orbit/NotchOrbitPlus
    builtin-SwiftDriver -- /Applications/Xcode_26.6.app/Contents/Developer/Toolchains/XcodeDefault.xctoolchain/usr/bin/swiftc -module-name OrbitCore -O @/Users/runner/work/orbit/orbit/NotchOrbitPlus/build/DerivedData/Build/Intermediates.noindex/NotchOrbitPlus.build/Release/OrbitCore.build/Objects-normal/x86_64/OrbitCore.SwiftFileList -enable-experimental-feature DebugDescriptionMacro -sdk /Applications/Xcode_26.6.app/Contents/Developer/Platforms/MacOSX.platform/Developer/SDKs/MacOSX26.5.sdk -target x86_64-apple-macos14.0 -g -module-cache-path /Users/runner/work/orbit/orbit/NotchOrbitPlus/build/DerivedData/ModuleCache.noindex -Xfrontend -serialize-debugging-options -enable-testing -swift-version 6 -I /Users/runner/work/orbit/orbit/NotchOrbitPlus/build/DerivedData/Build/Products/Release -I /Users/runner/work/orbit/orbit/NotchOrbitPlus/build/DerivedData/Build/Products/Release -F /Users/runner/work/orbit/orbit/NotchOrbitPlus/build/DerivedData/Build/Products/Release -c -j3 -enable-batch-mode -incremental -Xcc -ivfsstatcache -Xcc /Users/runner/work/orbit/orbit/NotchOrbitPlus/build/DerivedData/SDKStatCaches.noindex/macosx26.5-25F70-688ef53f1462e2c8f657fdc38a81448fee0e6409aa6676c5e6c013d148225433.sdkstatcache -output-file-map /Users/runner/work/orbit/orbit/NotchOrbitPlus/build/DerivedData/Build/Intermediates.noindex/NotchOrbitPlus.build/Release/OrbitCore.build/Objects-normal/x86_64/OrbitCore-OutputFileMap.json -use-frontend-parseable-output -save-temps -no-color-diagnostics -explicit-module-build -module-cache-path /Users/runner/work/orbit/orbit/NotchOrbitPlus/build/DerivedData/Build/Intermediates.noindex/SwiftExplicitPrecompiledModules -clang-scanner-module-cache-path /Users/runner/work/orbit/orbit/NotchOrbitPlus/build/DerivedData/ModuleCache.noindex -sdk-module-cache-path /Users/runner/work/orbit/orbit/NotchOrbitPlus/build/DerivedData/ModuleCache.noindex -serialize-diagnostics -emit-dependencies -emit-module -emit-module-path /Users/runner/work/orbit/orbit/NotchOrbitPlus/build/DerivedData/Build/Intermediates.noindex/NotchOrbitPlus.build/Release/OrbitCore.build/Objects-normal/x86_64/OrbitCore.swiftmodule -validate-clang-modules-once -clang-build-session-file /Users/runner/work/orbit/orbit/NotchOrbitPlus/build/DerivedData/ModuleCache.noindex/Session.modulevalidation -Xcc -I/Users/runner/work/orbit/orbit/NotchOrbitPlus/build/DerivedData/Build/Intermediates.noindex/NotchOrbitPlus.build/Release/OrbitCore.build/swift-overrides.hmap -emit-const-values -Xfrontend -const-gather-protocols-file -Xfrontend /Users/runner/work/orbit/orbit/NotchOrbitPlus/build/DerivedData/Build/Intermediates.noindex/NotchOrbitPlus.build/Release/OrbitCore.build/Objects-normal/x86_64/OrbitCore_const_extract_protocols.json -Xcc -iquote -Xcc /Users/runner/work/orbit/orbit/NotchOrbitPlus/build/DerivedData/Build/Intermediates.noindex/NotchOrbitPlus.build/Release/OrbitCore.build/OrbitCore-generated-files.hmap -Xcc -I/Users/runner/work/orbit/orbit/NotchOrbitPlus/build/DerivedData/Build/Intermediates.noindex/NotchOrbitPlus.build/Release/OrbitCore.build/OrbitCore-own-target-headers.hmap -Xcc -I/Users/runner/work/orbit/orbit/NotchOrbitPlus/build/DerivedData/Build/Intermediates.noindex/NotchOrbitPlus.build/Release/OrbitCore.build/OrbitCore-all-non-framework-target-headers.hmap -Xcc -ivfsoverlay -Xcc /Users/runner/work/orbit/orbit/NotchOrbitPlus/build/DerivedData/Build/Intermediates.noindex/NotchOrbitPlus.build/Release/NotchOrbitPlus-f72668d2e0dd56b95fac80a5a9a4b360-VFS/all-product-headers.yaml -Xcc -iquote -Xcc /Users/runner/work/orbit/orbit/NotchOrbitPlus/build/DerivedData/Build/Intermediates.noindex/NotchOrbitPlus.build/Release/OrbitCore.build/OrbitCore-project-headers.hmap -Xcc -I/Users/runner/work/orbit/orbit/NotchOrbitPlus/build/DerivedData/Build/Products/Release/include -Xcc -I/Users/runner/work/orbit/orbit/NotchOrbitPlus/build/DerivedData/Build/Intermediates.noindex/NotchOrbitPlus.build/Release/OrbitCore.build/DerivedSources-normal/x86_64 -Xcc -I/Users/runner/work/orbit/orbit/NotchOrbitPlus/build/DerivedData/Build/Intermediates.noindex/NotchOrbitPlus.build/Release/OrbitCore.build/DerivedSources/x86_64 -Xcc -I/Users/runner/work/orbit/orbit/NotchOrbitPlus/build/DerivedData/Build/Intermediates.noindex/NotchOrbitPlus.build/Release/OrbitCore.build/DerivedSources -emit-objc-header -emit-objc-header-path /Users/runner/work/orbit/orbit/NotchOrbitPlus/build/DerivedData/Build/Intermediates.noindex/NotchOrbitPlus.build/Release/OrbitCore.build/Objects-normal/x86_64/OrbitCore-Swift.h -working-directory /Users/runner/work/orbit/orbit/NotchOrbitPlus -experimental-emit-module-separately -disable-cmo

SwiftDriver NotchCore normal x86_64 com.apple.xcode.tools.swift.compiler (in target 'NotchCore' from project 'NotchOrbitPlus')
    cd /Users/runner/work/orbit/orbit/NotchOrbitPlus
    builtin-SwiftDriver -- /Applications/Xcode_26.6.app/Contents/Developer/Toolchains/XcodeDefault.xctoolchain/usr/bin/swiftc -module-name NotchCore -O @/Users/runner/work/orbit/orbit/NotchOrbitPlus/build/DerivedData/Build/Intermediates.noindex/NotchOrbitPlus.build/Release/NotchCore.build/Objects-normal/x86_64/NotchCore.SwiftFileList -enable-experimental-feature DebugDescriptionMacro -sdk /Applications/Xcode_26.6.app/Contents/Developer/Platforms/MacOSX.platform/Developer/SDKs/MacOSX26.5.sdk -target x86_64-apple-macos14.0 -g -module-cache-path /Users/runner/work/orbit/orbit/NotchOrbitPlus/build/DerivedData/ModuleCache.noindex -Xfrontend -serialize-debugging-options -enable-testing -swift-version 6 -I /Users/runner/work/orbit/orbit/NotchOrbitPlus/build/DerivedData/Build/Products/Release -I /Users/runner/work/orbit/orbit/NotchOrbitPlus/build/DerivedData/Build/Products/Release -F /Users/runner/work/orbit/orbit/NotchOrbitPlus/build/DerivedData/Build/Products/Release -c -j3 -enable-batch-mode -incremental -Xcc -ivfsstatcache -Xcc /Users/runner/work/orbit/orbit/NotchOrbitPlus/build/DerivedData/SDKStatCaches.noindex/macosx26.5-25F70-688ef53f1462e2c8f657fdc38a81448fee0e6409aa6676c5e6c013d148225433.sdkstatcache -output-file-map /Users/runner/work/orbit/orbit/NotchOrbitPlus/build/DerivedData/Build/Intermediates.noindex/NotchOrbitPlus.build/Release/NotchCore.build/Objects-normal/x86_64/NotchCore-OutputFileMap.json -use-frontend-parseable-output -save-temps -no-color-diagnostics -explicit-module-build -module-cache-path /Users/runner/work/orbit/orbit/NotchOrbitPlus/build/DerivedData/Build/Intermediates.noindex/SwiftExplicitPrecompiledModules -clang-scanner-module-cache-path /Users/runner/work/orbit/orbit/NotchOrbitPlus/build/DerivedData/ModuleCache.noindex -sdk-module-cache-path /Users/runner/work/orbit/orbit/NotchOrbitPlus/build/DerivedData/ModuleCache.noindex -serialize-diagnostics -emit-dependencies -emit-module -emit-module-path /Users/runner/work/orbit/orbit/NotchOrbitPlus/build/DerivedData/Build/Intermediates.noindex/NotchOrbitPlus.build/Release/NotchCore.build/Objects-normal/x86_64/NotchCore.swiftmodule -validate-clang-modules-once -clang-build-session-file /Users/runner/work/orbit/orbit/NotchOrbitPlus/build/DerivedData/ModuleCache.noindex/Session.modulevalidation -Xcc -I/Users/runner/work/orbit/orbit/NotchOrbitPlus/build/DerivedData/Build/Intermediates.noindex/NotchOrbitPlus.build/Release/NotchCore.build/swift-overrides.hmap -emit-const-values -Xfrontend -const-gather-protocols-file -Xfrontend /Users/runner/work/orbit/orbit/NotchOrbitPlus/build/DerivedData/Build/Intermediates.noindex/NotchOrbitPlus.build/Release/NotchCore.build/Objects-normal/x86_64/NotchCore_const_extract_protocols.json -Xcc -iquote -Xcc /Users/runner/work/orbit/orbit/NotchOrbitPlus/build/DerivedData/Build/Intermediates.noindex/NotchOrbitPlus.build/Release/NotchCore.build/NotchCore-generated-files.hmap -Xcc -I/Users/runner/work/orbit/orbit/NotchOrbitPlus/build/DerivedData/Build/Intermediates.noindex/NotchOrbitPlus.build/Release/NotchCore.build/NotchCore-own-target-headers.hmap -Xcc -I/Users/runner/work/orbit/orbit/NotchOrbitPlus/build/DerivedData/Build/Intermediates.noindex/NotchOrbitPlus.build/Release/NotchCore.build/NotchCore-all-non-framework-target-headers.hmap -Xcc -ivfsoverlay -Xcc /Users/runner/work/orbit/orbit/NotchOrbitPlus/build/DerivedData/Build/Intermediates.noindex/NotchOrbitPlus.build/Release/NotchOrbitPlus-f72668d2e0dd56b95fac80a5a9a4b360-VFS/all-product-headers.yaml -Xcc -iquote -Xcc /Users/runner/work/orbit/orbit/NotchOrbitPlus/build/DerivedData/Build/Intermediates.noindex/NotchOrbitPlus.build/Release/NotchCore.build/NotchCore-project-headers.hmap -Xcc -I/Users/runner/work/orbit/orbit/NotchOrbitPlus/build/DerivedData/Build/Products/Release/include -Xcc -I/Users/runner/work/orbit/orbit/NotchOrbitPlus/build/DerivedData/Build/Intermediates.noindex/NotchOrbitPlus.build/Release/NotchCore.build/DerivedSources-normal/x86_64 -Xcc -I/Users/runner/work/orbit/orbit/NotchOrbitPlus/build/DerivedData/Build/Intermediates.noindex/NotchOrbitPlus.build/Release/NotchCore.build/DerivedSources/x86_64 -Xcc -I/Users/runner/work/orbit/orbit/NotchOrbitPlus/build/DerivedData/Build/Intermediates.noindex/NotchOrbitPlus.build/Release/NotchCore.build/DerivedSources -emit-objc-header -emit-objc-header-path /Users/runner/work/orbit/orbit/NotchOrbitPlus/build/DerivedData/Build/Intermediates.noindex/NotchOrbitPlus.build/Release/NotchCore.build/Objects-normal/x86_64/NotchCore-Swift.h -working-directory /Users/runner/work/orbit/orbit/NotchOrbitPlus -experimental-emit-module-separately -disable-cmo

SwiftDriver NotchCore normal arm64 com.apple.xcode.tools.swift.compiler (in target 'NotchCore' from project 'NotchOrbitPlus')
    cd /Users/runner/work/orbit/orbit/NotchOrbitPlus
    builtin-SwiftDriver -- /Applications/Xcode_26.6.app/Contents/Developer/Toolchains/XcodeDefault.xctoolchain/usr/bin/swiftc -module-name NotchCore -O @/Users/runner/work/orbit/orbit/NotchOrbitPlus/build/DerivedData/Build/Intermediates.noindex/NotchOrbitPlus.build/Release/NotchCore.build/Objects-normal/arm64/NotchCore.SwiftFileList -enable-experimental-feature DebugDescriptionMacro -sdk /Applications/Xcode_26.6.app/Contents/Developer/Platforms/MacOSX.platform/Developer/SDKs/MacOSX26.5.sdk -target arm64-apple-macos14.0 -g -module-cache-path /Users/runner/work/orbit/orbit/NotchOrbitPlus/build/DerivedData/ModuleCache.noindex -Xfrontend -serialize-debugging-options -enable-testing -swift-version 6 -I /Users/runner/work/orbit/orbit/NotchOrbitPlus/build/DerivedData/Build/Products/Release -I /Users/runner/work/orbit/orbit/NotchOrbitPlus/build/DerivedData/Build/Products/Release -F /Users/runner/work/orbit/orbit/NotchOrbitPlus/build/DerivedData/Build/Products/Release -c -j3 -enable-batch-mode -incremental -Xcc -ivfsstatcache -Xcc /Users/runner/work/orbit/orbit/NotchOrbitPlus/build/DerivedData/SDKStatCaches.noindex/macosx26.5-25F70-688ef53f1462e2c8f657fdc38a81448fee0e6409aa6676c5e6c013d148225433.sdkstatcache -output-file-map /Users/runner/work/orbit/orbit/NotchOrbitPlus/build/DerivedData/Build/Intermediates.noindex/NotchOrbitPlus.build/Release/NotchCore.build/Objects-normal/arm64/NotchCore-OutputFileMap.json -use-frontend-parseable-output -save-temps -no-color-diagnostics -explicit-module-build -module-cache-path /Users/runner/work/orbit/orbit/NotchOrbitPlus/build/DerivedData/Build/Intermediates.noindex/SwiftExplicitPrecompiledModules -clang-scanner-module-cache-path /Users/runner/work/orbit/orbit/NotchOrbitPlus/build/DerivedData/ModuleCache.noindex -sdk-module-cache-path /Users/runner/work/orbit/orbit/NotchOrbitPlus/build/DerivedData/ModuleCache.noindex -serialize-diagnostics -emit-dependencies -emit-module -emit-module-path /Users/runner/work/orbit/orbit/NotchOrbitPlus/build/DerivedData/Build/Intermediates.noindex/NotchOrbitPlus.build/Release/NotchCore.build/Objects-normal/arm64/NotchCore.swiftmodule -validate-clang-modules-once -clang-build-session-file /Users/runner/work/orbit/orbit/NotchOrbitPlus/build/DerivedData/ModuleCache.noindex/Session.modulevalidation -Xcc -I/Users/runner/work/orbit/orbit/NotchOrbitPlus/build/DerivedData/Build/Intermediates.noindex/NotchOrbitPlus.build/Release/NotchCore.build/swift-overrides.hmap -emit-const-values -Xfrontend -const-gather-protocols-file -Xfrontend /Users/runner/work/orbit/orbit/NotchOrbitPlus/build/DerivedData/Build/Intermediates.noindex/NotchOrbitPlus.build/Release/NotchCore.build/Objects-normal/arm64/NotchCore_const_extract_protocols.json -Xcc -iquote -Xcc /Users/runner/work/orbit/orbit/NotchOrbitPlus/build/DerivedData/Build/Intermediates.noindex/NotchOrbitPlus.build/Release/NotchCore.build/NotchCore-generated-files.hmap -Xcc -I/Users/runner/work/orbit/orbit/NotchOrbitPlus/build/DerivedData/Build/Intermediates.noindex/NotchOrbitPlus.build/Release/NotchCore.build/NotchCore-own-target-headers.hmap -Xcc -I/Users/runner/work/orbit/orbit/NotchOrbitPlus/build/DerivedData/Build/Intermediates.noindex/NotchOrbitPlus.build/Release/NotchCore.build/NotchCore-all-non-framework-target-headers.hmap -Xcc -ivfsoverlay -Xcc /Users/runner/work/orbit/orbit/NotchOrbitPlus/build/DerivedData/Build/Intermediates.noindex/NotchOrbitPlus.build/Release/NotchOrbitPlus-f72668d2e0dd56b95fac80a5a9a4b360-VFS/all-product-headers.yaml -Xcc -iquote -Xcc /Users/runner/work/orbit/orbit/NotchOrbitPlus/build/DerivedData/Build/Intermediates.noindex/NotchOrbitPlus.build/Release/NotchCore.build/NotchCore-project-headers.hmap -Xcc -I/Users/runner/work/orbit/orbit/NotchOrbitPlus/build/DerivedData/Build/Products/Release/include -Xcc -I/Users/runner/work/orbit/orbit/NotchOrbitPlus/build/DerivedData/Build/Intermediates.noindex/NotchOrbitPlus.build/Release/NotchCore.build/DerivedSources-normal/arm64 -Xcc -I/Users/runner/work/orbit/orbit/NotchOrbitPlus/build/DerivedData/Build/Intermediates.noindex/NotchOrbitPlus.build/Release/NotchCore.build/DerivedSources/arm64 -Xcc -I/Users/runner/work/orbit/orbit/NotchOrbitPlus/build/DerivedData/Build/Intermediates.noindex/NotchOrbitPlus.build/Release/NotchCore.build/DerivedSources -emit-objc-header -emit-objc-header-path /Users/runner/work/orbit/orbit/NotchOrbitPlus/build/DerivedData/Build/Intermediates.noindex/NotchOrbitPlus.build/Release/NotchCore.build/Objects-normal/arm64/NotchCore-Swift.h -working-directory /Users/runner/work/orbit/orbit/NotchOrbitPlus -experimental-emit-module-separately -disable-cmo

SwiftExplicitDependencyGeneratePcm x86_64 /Users/runner/work/orbit/orbit/NotchOrbitPlus/build/DerivedData/ModuleCache.noindex/_AvailabilityInternal-BUBOM1GITZFUWBY5F9ZTXAMFX.pcm

SwiftExplicitDependencyGeneratePcm x86_64 /Users/runner/work/orbit/orbit/NotchOrbitPlus/build/DerivedData/ModuleCache.noindex/_Builtin_stdarg-3V7UO0QKBN614AMI8WS7HEAHM.pcm

SwiftExplicitDependencyGeneratePcm x86_64 /Users/runner/work/orbit/orbit/NotchOrbitPlus/build/DerivedData/ModuleCache.noindex/_Builtin_float-ADFSXC1IBCXJYPLJ032LIUBBK.pcm

SwiftExplicitDependencyGeneratePcm arm64 /Users/runner/work/orbit/orbit/NotchOrbitPlus/build/DerivedData/ModuleCache.noindex/_AvailabilityInternal-2A797NR8AE7B6V2Y82EUSGSSM.pcm

SwiftExplicitDependencyGeneratePcm x86_64 /Users/runner/work/orbit/orbit/NotchOrbitPlus/build/DerivedData/ModuleCache.noindex/_Builtin_stddef-B9J82RMGN8OYY1JDDM6RNONMM.pcm

SwiftExplicitDependencyGeneratePcm x86_64 /Users/runner/work/orbit/orbit/NotchOrbitPlus/build/DerivedData/ModuleCache.noindex/_Builtin_stdbool-114ILR74EY3ET8UNAWL31BHUS.pcm

SwiftExplicitDependencyGeneratePcm x86_64 /Users/runner/work/orbit/orbit/NotchOrbitPlus/build/DerivedData/ModuleCache.noindex/SwiftShims-8GFXZEH8U8EFLB5SKW5I49BRF.pcm

SwiftExplicitDependencyGeneratePcm arm64 /Users/runner/work/orbit/orbit/NotchOrbitPlus/build/DerivedData/ModuleCache.noindex/_Builtin_stdarg-8MZDC2YIU787BFPE0JF92ZQM7.pcm

SwiftExplicitDependencyGeneratePcm x86_64 /Users/runner/work/orbit/orbit/NotchOrbitPlus/build/DerivedData/ModuleCache.noindex/_SwiftConcurrencyShims-D26JQ5MGWFQV2CWTSQ9WEA29Z.pcm

SwiftExplicitDependencyGeneratePcm x86_64 /Users/runner/work/orbit/orbit/NotchOrbitPlus/build/DerivedData/ModuleCache.noindex/ptrcheck-BBVBCDEYCE5ERYBI3ZYJACO3J.pcm

SwiftExplicitDependencyGeneratePcm arm64 /Users/runner/work/orbit/orbit/NotchOrbitPlus/build/DerivedData/ModuleCache.noindex/_Builtin_float-4WO7CI4O47W6AZAJIAFKSRHO4.pcm

SwiftExplicitDependencyGeneratePcm arm64 /Users/runner/work/orbit/orbit/NotchOrbitPlus/build/DerivedData/ModuleCache.noindex/ptrcheck-95LQPHT5LAA1D2JSJXUO78IM6.pcm

SwiftExplicitDependencyGeneratePcm arm64 /Users/runner/work/orbit/orbit/NotchOrbitPlus/build/DerivedData/ModuleCache.noindex/_Builtin_stdbool-7QZVL4TAQEUXVTXWOQI4MD297.pcm

SwiftExplicitDependencyGeneratePcm x86_64 /Users/runner/work/orbit/orbit/NotchOrbitPlus/build/DerivedData/ModuleCache.noindex/ptrauth-2ENHR85ZS75V0FS96O9OTMGFG.pcm

SwiftExplicitDependencyGeneratePcm arm64 /Users/runner/work/orbit/orbit/NotchOrbitPlus/build/DerivedData/ModuleCache.noindex/SwiftShims-63C072QUGSUE748NRQ683N7U7.pcm

SwiftExplicitDependencyGeneratePcm arm64 /Users/runner/work/orbit/orbit/NotchOrbitPlus/build/DerivedData/ModuleCache.noindex/_DarwinFoundation1-DEON1TIRKMSNZ28SBKQL4ICD4.pcm

SwiftExplicitDependencyGeneratePcm x86_64 /Users/runner/work/orbit/orbit/NotchOrbitPlus/build/DerivedData/ModuleCache.noindex/_DarwinFoundation1-1X81FC9YUW7T00TZPNZ0VIRDA.pcm

SwiftExplicitDependencyGeneratePcm arm64 /Users/runner/work/orbit/orbit/NotchOrbitPlus/build/DerivedData/ModuleCache.noindex/_Builtin_stddef-AOMFA5K3XOQFXZ2GO0PM9JD8X.pcm

SwiftExplicitDependencyGeneratePcm arm64 /Users/runner/work/orbit/orbit/NotchOrbitPlus/build/DerivedData/ModuleCache.noindex/_SwiftConcurrencyShims-1UB4I789HSF55UBH3O5WA3F1Q.pcm

SwiftExplicitDependencyGeneratePcm arm64 /Users/runner/work/orbit/orbit/NotchOrbitPlus/build/DerivedData/ModuleCache.noindex/_Builtin_limits-CQ5YSKMXRDZNCJ6UWNIEE1RQA.pcm

SwiftExplicitDependencyGeneratePcm x86_64 /Users/runner/work/orbit/orbit/NotchOrbitPlus/build/DerivedData/ModuleCache.noindex/_Builtin_limits-AS0MG0003GF3930FGZ07UY5DA.pcm

SwiftExplicitDependencyGeneratePcm x86_64 /Users/runner/work/orbit/orbit/NotchOrbitPlus/build/DerivedData/ModuleCache.noindex/_DarwinFoundation2-EQMO6KPA9H2TRWBOW14T6T589.pcm

SwiftExplicitDependencyGeneratePcm arm64 /Users/runner/work/orbit/orbit/NotchOrbitPlus/build/DerivedData/ModuleCache.noindex/ptrauth-110QGHTR7EN3VBQR4IYC266HC.pcm

SwiftExplicitDependencyGeneratePcm arm64 /Users/runner/work/orbit/orbit/NotchOrbitPlus/build/DerivedData/ModuleCache.noindex/_DarwinFoundation2-ESMPZVK8L8B3ZAN2Z3EYT99JM.pcm

SwiftExplicitDependencyGeneratePcm x86_64 /Users/runner/work/orbit/orbit/NotchOrbitPlus/build/DerivedData/ModuleCache.noindex/_Builtin_stdint-6KJNU1KE1TCY4TFUJX93G3NFZ.pcm

SwiftExplicitDependencyGeneratePcm x86_64 /Users/runner/work/orbit/orbit/NotchOrbitPlus/build/DerivedData/ModuleCache.noindex/sys_types-F2D0X3317ZVRX65B5IB3BZYTZ.pcm

SwiftExplicitDependencyGeneratePcm arm64 /Users/runner/work/orbit/orbit/NotchOrbitPlus/build/DerivedData/ModuleCache.noindex/_Builtin_stdint-297MVRN45IR1QANOIM9Q75OLD.pcm

SwiftExplicitDependencyGeneratePcm arm64 /Users/runner/work/orbit/orbit/NotchOrbitPlus/build/DerivedData/ModuleCache.noindex/sys_types-5PSBPZARP4WL05MOIAMW9FVLH.pcm

SwiftExplicitDependencyGeneratePcm x86_64 /Users/runner/work/orbit/orbit/NotchOrbitPlus/build/DerivedData/ModuleCache.noindex/_DarwinFoundation3-622LU24371ZWRADM4WR0GFQKO.pcm

SwiftExplicitDependencyGeneratePcm x86_64 /Users/runner/work/orbit/orbit/NotchOrbitPlus/build/DerivedData/ModuleCache.noindex/libDER-AOAYP2YGCF5KFARWGJZL6AMQ6.pcm

SwiftExplicitDependencyGeneratePcm arm64 /Users/runner/work/orbit/orbit/NotchOrbitPlus/build/DerivedData/ModuleCache.noindex/_DarwinFoundation3-COM2XPFJUMZSH4XI68G6FMXI4.pcm

SwiftExplicitDependencyGeneratePcm arm64 /Users/runner/work/orbit/orbit/NotchOrbitPlus/build/DerivedData/ModuleCache.noindex/libDER-7L0QN86KK11SL4ZID4DG32XUN.pcm

SwiftExplicitDependencyGeneratePcm x86_64 /Users/runner/work/orbit/orbit/NotchOrbitPlus/build/DerivedData/ModuleCache.noindex/_Builtin_intrinsics-2OBYID660H937YCVNEA06CJBF.pcm

SwiftExplicitDependencyGeneratePcm x86_64 /Users/runner/work/orbit/orbit/NotchOrbitPlus/build/DerivedData/ModuleCache.noindex/_Builtin_inttypes-ET72F6B4VR30FVD6AMM6OIP2V.pcm

SwiftExplicitDependencyGeneratePcm arm64 /Users/runner/work/orbit/orbit/NotchOrbitPlus/build/DerivedData/ModuleCache.noindex/_Builtin_inttypes-3XK1E0UY31GLRS1ZAOX1YK65P.pcm

SwiftExplicitDependencyGeneratePcm x86_64 /Users/runner/work/orbit/orbit/NotchOrbitPlus/build/DerivedData/ModuleCache.noindex/Darwin-8KBMR70W3KVSSKTS6TR1ADJHE.pcm

SwiftExplicitDependencyGeneratePcm arm64 /Users/runner/work/orbit/orbit/NotchOrbitPlus/build/DerivedData/ModuleCache.noindex/Darwin-6GSWLFHCO5E3NBU5J130OJFBE.pcm

SwiftExplicitDependencyGeneratePcm arm64 /Users/runner/work/orbit/orbit/NotchOrbitPlus/build/DerivedData/ModuleCache.noindex/launch-98FQ9O5E1MG1V3CYRSSJ9K4CP.pcm

SwiftExplicitDependencyGeneratePcm arm64 /Users/runner/work/orbit/orbit/NotchOrbitPlus/build/DerivedData/ModuleCache.noindex/MachO-9L7O2A20NE381PBXT5HZP22WK.pcm

SwiftExplicitDependencyGeneratePcm arm64 /Users/runner/work/orbit/orbit/NotchOrbitPlus/build/DerivedData/ModuleCache.noindex/libkern-BWJ0ZQ4QDJG2GCS7Y8D4JVZSJ.pcm

SwiftExplicitDependencyGeneratePcm x86_64 /Users/runner/work/orbit/orbit/NotchOrbitPlus/build/DerivedData/ModuleCache.noindex/MachO-1FALER47IQV0C1Q01J79DHOOR.pcm

SwiftExplicitDependencyGeneratePcm x86_64 /Users/runner/work/orbit/orbit/NotchOrbitPlus/build/DerivedData/ModuleCache.noindex/launch-3FED4N8SALSGS8O7V66GYRBXA.pcm

SwiftExplicitDependencyGeneratePcm x86_64 /Users/runner/work/orbit/orbit/NotchOrbitPlus/build/DerivedData/ModuleCache.noindex/libkern-HGS8K02SYEUJVKSIL74RIUUF.pcm

SwiftExplicitDependencyGeneratePcm arm64 /Users/runner/work/orbit/orbit/NotchOrbitPlus/build/DerivedData/ModuleCache.noindex/ObjectiveC-3QTOBYAG2R6PZTLPG57ZVLO8V.pcm

SwiftExplicitDependencyGeneratePcm x86_64 /Users/runner/work/orbit/orbit/NotchOrbitPlus/build/DerivedData/ModuleCache.noindex/ObjectiveC-1UPGGANBL3MU879T2JI3S309I.pcm

SwiftExplicitDependencyGeneratePcm arm64 /Users/runner/work/orbit/orbit/NotchOrbitPlus/build/DerivedData/ModuleCache.noindex/os_object-18TNSIYEA0QUCC63CNJHIAZB6.pcm

SwiftExplicitDependencyGeneratePcm x86_64 /Users/runner/work/orbit/orbit/NotchOrbitPlus/build/DerivedData/ModuleCache.noindex/os_object-AF7KTK1SZXXPQ0IRMKD3YB4E9.pcm

SwiftExplicitDependencyGeneratePcm x86_64 /Users/runner/work/orbit/orbit/NotchOrbitPlus/build/DerivedData/ModuleCache.noindex/os_workgroup-4M9NHMYFTJE9XQQ9KA8ZW7SL9.pcm

SwiftExplicitDependencyGeneratePcm arm64 /Users/runner/work/orbit/orbit/NotchOrbitPlus/build/DerivedData/ModuleCache.noindex/os_workgroup-8BP637216XQVUWHZARXS1BY03.pcm

SwiftExplicitDependencyGeneratePcm x86_64 /Users/runner/work/orbit/orbit/NotchOrbitPlus/build/DerivedData/ModuleCache.noindex/Dispatch-BH49XLKTNINFDU5E2N8O0FYFF.pcm

SwiftExplicitDependencyGeneratePcm arm64 /Users/runner/work/orbit/orbit/NotchOrbitPlus/build/DerivedData/ModuleCache.noindex/Dispatch-378JRO800IXHD4G9O3U6FM9YS.pcm

SwiftExplicitDependencyGeneratePcm x86_64 /Users/runner/work/orbit/orbit/NotchOrbitPlus/build/DerivedData/ModuleCache.noindex/CoreFoundation-684X6A8L51D4LDZ70YD6TZVIN.pcm

SwiftExplicitDependencyGeneratePcm x86_64 /Users/runner/work/orbit/orbit/NotchOrbitPlus/build/DerivedData/ModuleCache.noindex/XPC-7T4SH3IBVWCJQCW0ENR7RLDBD.pcm

SwiftExplicitDependencyGeneratePcm arm64 /Users/runner/work/orbit/orbit/NotchOrbitPlus/build/DerivedData/ModuleCache.noindex/CoreFoundation-2Q63G05NPFH08K5BCHEVIUY7Q.pcm

SwiftExplicitDependencyGeneratePcm arm64 /Users/runner/work/orbit/orbit/NotchOrbitPlus/build/DerivedData/ModuleCache.noindex/XPC-8IGPCKBFU5NLWECEQ1OCY0002.pcm

SwiftExplicitDependencyGeneratePcm x86_64 /Users/runner/work/orbit/orbit/NotchOrbitPlus/build/DerivedData/ModuleCache.noindex/CFNetwork-VKPZL36RNSQ3A43ZF7JCJ79D.pcm

SwiftExplicitDependencyGeneratePcm x86_64 /Users/runner/work/orbit/orbit/NotchOrbitPlus/build/DerivedData/ModuleCache.noindex/Security-6PJHFUG8M427WHM0727J93NVI.pcm

SwiftExplicitDependencyGeneratePcm arm64 /Users/runner/work/orbit/orbit/NotchOrbitPlus/build/DerivedData/ModuleCache.noindex/CFNetwork-3D5OOU06QKH28GPVBH0Q2EKSB.pcm

SwiftExplicitDependencyGeneratePcm arm64 /Users/runner/work/orbit/orbit/NotchOrbitPlus/build/DerivedData/ModuleCache.noindex/Security-250EDDR395HWQ44AVILT62S6S.pcm

SwiftExplicitDependencyGeneratePcm arm64 /Users/runner/work/orbit/orbit/NotchOrbitPlus/build/DerivedData/ModuleCache.noindex/IOKit-A39MB2HT10FXZS3P4CFGH5KDN.pcm

SwiftExplicitDependencyGeneratePcm x86_64 /Users/runner/work/orbit/orbit/NotchOrbitPlus/build/DerivedData/ModuleCache.noindex/IOKit-AVF7IG78JZAL47BZKKVW5NQW7.pcm

SwiftExplicitDependencyGeneratePcm arm64 /Users/runner/work/orbit/orbit/NotchOrbitPlus/build/DerivedData/ModuleCache.noindex/DiskArbitration-TL9SAALQ3MHDYQVL5RMWBYJ2.pcm

SwiftExplicitDependencyGeneratePcm arm64 /Users/runner/work/orbit/orbit/NotchOrbitPlus/build/DerivedData/ModuleCache.noindex/CoreServices-1RHQV5JZCFGTIIUUXDXCOFYNS.pcm

SwiftExplicitDependencyGeneratePcm x86_64 /Users/runner/work/orbit/orbit/NotchOrbitPlus/build/DerivedData/ModuleCache.noindex/DiskArbitration-B37YRYZSPEFO5HVREH5JQQKPF.pcm

SwiftExplicitDependencyGeneratePcm x86_64 /Users/runner/work/orbit/orbit/NotchOrbitPlus/build/DerivedData/ModuleCache.noindex/CoreServices-1QWYRQKV2HF9UAXELF0C9HW3O.pcm

SwiftExplicitDependencyGeneratePcm arm64 /Users/runner/work/orbit/orbit/NotchOrbitPlus/build/DerivedData/ModuleCache.noindex/Foundation-A3163FRZ82APWAJPRQRU28UDL.pcm

SwiftExplicitDependencyGeneratePcm x86_64 /Users/runner/work/orbit/orbit/NotchOrbitPlus/build/DerivedData/ModuleCache.noindex/Foundation-COU6OZXZ6L03UZI9RAISD48T7.pcm

SwiftEmitModule normal x86_64 Emitting\ module\ for\ OrbitCore (in target 'OrbitCore' from project 'NotchOrbitPlus')

EmitSwiftModule normal x86_64 (in target 'OrbitCore' from project 'NotchOrbitPlus')
    cd /Users/runner/work/orbit/orbit/NotchOrbitPlus
    

SwiftEmitModule normal x86_64 Emitting\ module\ for\ NotchCore (in target 'NotchCore' from project 'NotchOrbitPlus')
EmitSwiftModule normal x86_64 (in target 'NotchCore' from project 'NotchOrbitPlus')
    cd /Users/runner/work/orbit/orbit/NotchOrbitPlus
    

SwiftCompile normal x86_64 Compiling\ Models.swift,\ RadialGeometry.swift /Users/runner/work/orbit/orbit/Sources/OrbitCore/Models.swift /Users/runner/work/orbit/orbit/Sources/OrbitCore/RadialGeometry.swift (in target 'OrbitCore' from project 'NotchOrbitPlus')

SwiftCompile normal x86_64 /Users/runner/work/orbit/orbit/Sources/OrbitCore/Models.swift (in target 'OrbitCore' from project 'NotchOrbitPlus')
    cd /Users/runner/work/orbit/orbit/NotchOrbitPlus
    

SwiftCompile normal x86_64 /Users/runner/work/orbit/orbit/Sources/OrbitCore/RadialGeometry.swift (in target 'OrbitCore' from project 'NotchOrbitPlus')
    cd /Users/runner/work/orbit/orbit/NotchOrbitPlus
    

SwiftEmitModule normal arm64 Emitting\ module\ for\ OrbitCore (in target 'OrbitCore' from project 'NotchOrbitPlus')

EmitSwiftModule normal arm64 (in target 'OrbitCore' from project 'NotchOrbitPlus')
    cd /Users/runner/work/orbit/orbit/NotchOrbitPlus
    

SwiftDriverJobDiscovery normal x86_64 Emitting module for OrbitCore (in target 'OrbitCore' from project 'NotchOrbitPlus')

SwiftDriver\ Compilation\ Requirements OrbitCore normal x86_64 com.apple.xcode.tools.swift.compiler (in target 'OrbitCore' from project 'NotchOrbitPlus')
    cd /Users/runner/work/orbit/orbit/NotchOrbitPlus
    builtin-Swift-Compilation-Requirements -- /Applications/Xcode_26.6.app/Contents/Developer/Toolchains/XcodeDefault.xctoolchain/usr/bin/swiftc -module-name OrbitCore -O @/Users/runner/work/orbit/orbit/NotchOrbitPlus/build/DerivedData/Build/Intermediates.noindex/NotchOrbitPlus.build/Release/OrbitCore.build/Objects-normal/x86_64/OrbitCore.SwiftFileList -enable-experimental-feature DebugDescriptionMacro -sdk /Applications/Xcode_26.6.app/Contents/Developer/Platforms/MacOSX.platform/Developer/SDKs/MacOSX26.5.sdk -target x86_64-apple-macos14.0 -g -module-cache-path /Users/runner/work/orbit/orbit/NotchOrbitPlus/build/DerivedData/ModuleCache.noindex -Xfrontend -serialize-debugging-options -enable-testing -swift-version 6 -I /Users/runner/work/orbit/orbit/NotchOrbitPlus/build/DerivedData/Build/Products/Release -I /Users/runner/work/orbit/orbit/NotchOrbitPlus/build/DerivedData/Build/Products/Release -F /Users/runner/work/orbit/orbit/NotchOrbitPlus/build/DerivedData/Build/Products/Release -c -j3 -enable-batch-mode -incremental -Xcc -ivfsstatcache -Xcc /Users/runner/work/orbit/orbit/NotchOrbitPlus/build/DerivedData/SDKStatCaches.noindex/macosx26.5-25F70-688ef53f1462e2c8f657fdc38a81448fee0e6409aa6676c5e6c013d148225433.sdkstatcache -output-file-map /Users/runner/work/orbit/orbit/NotchOrbitPlus/build/DerivedData/Build/Intermediates.noindex/NotchOrbitPlus.build/Release/OrbitCore.build/Objects-normal/x86_64/OrbitCore-OutputFileMap.json -use-frontend-parseable-output -save-temps -no-color-diagnostics -explicit-module-build -module-cache-path /Users/runner/work/orbit/orbit/NotchOrbitPlus/build/DerivedData/Build/Intermediates.noindex/SwiftExplicitPrecompiledModules -clang-scanner-module-cache-path /Users/runner/work/orbit/orbit/NotchOrbitPlus/build/DerivedData/ModuleCache.noindex -sdk-module-cache-path /Users/runner/work/orbit/orbit/NotchOrbitPlus/build/DerivedData/ModuleCache.noindex -serialize-diagnostics -emit-dependencies -emit-module -emit-module-path /Users/runner/work/orbit/orbit/NotchOrbitPlus/build/DerivedData/Build/Intermediates.noindex/NotchOrbitPlus.build/Release/OrbitCore.build/Objects-normal/x86_64/OrbitCore.swiftmodule -validate-clang-modules-once -clang-build-session-file /Users/runner/work/orbit/orbit/NotchOrbitPlus/build/DerivedData/ModuleCache.noindex/Session.modulevalidation -Xcc -I/Users/runner/work/orbit/orbit/NotchOrbitPlus/build/DerivedData/Build/Intermediates.noindex/NotchOrbitPlus.build/Release/OrbitCore.build/swift-overrides.hmap -emit-const-values -Xfrontend -const-gather-protocols-file -Xfrontend /Users/runner/work/orbit/orbit/NotchOrbitPlus/build/DerivedData/Build/Intermediates.noindex/NotchOrbitPlus.build/Release/OrbitCore.build/Objects-normal/x86_64/OrbitCore_const_extract_protocols.json -Xcc -iquote -Xcc /Users/runner/work/orbit/orbit/NotchOrbitPlus/build/DerivedData/Build/Intermediates.noindex/NotchOrbitPlus.build/Release/OrbitCore.build/OrbitCore-generated-files.hmap -Xcc -I/Users/runner/work/orbit/orbit/NotchOrbitPlus/build/DerivedData/Build/Intermediates.noindex/NotchOrbitPlus.build/Release/OrbitCore.build/OrbitCore-own-target-headers.hmap -Xcc -I/Users/runner/work/orbit/orbit/NotchOrbitPlus/build/DerivedData/Build/Intermediates.noindex/NotchOrbitPlus.build/Release/OrbitCore.build/OrbitCore-all-non-framework-target-headers.hmap -Xcc -ivfsoverlay -Xcc /Users/runner/work/orbit/orbit/NotchOrbitPlus/build/DerivedData/Build/Intermediates.noindex/NotchOrbitPlus.build/Release/NotchOrbitPlus-f72668d2e0dd56b95fac80a5a9a4b360-VFS/all-product-headers.yaml -Xcc -iquote -Xcc /Users/runner/work/orbit/orbit/NotchOrbitPlus/build/DerivedData/Build/Intermediates.noindex/NotchOrbitPlus.build/Release/OrbitCore.build/OrbitCore-project-headers.hmap -Xcc -I/Users/runner/work/orbit/orbit/NotchOrbitPlus/build/DerivedData/Build/Products/Release/include -Xcc -I/Users/runner/work/orbit/orbit/NotchOrbitPlus/build/DerivedData/Build/Intermediates.noindex/NotchOrbitPlus.build/Release/OrbitCore.build/DerivedSources-normal/x86_64 -Xcc -I/Users/runner/work/orbit/orbit/NotchOrbitPlus/build/DerivedData/Build/Intermediates.noindex/NotchOrbitPlus.build/Release/OrbitCore.build/DerivedSources/x86_64 -Xcc -I/Users/runner/work/orbit/orbit/NotchOrbitPlus/build/DerivedData/Build/Intermediates.noindex/NotchOrbitPlus.build/Release/OrbitCore.build/DerivedSources -emit-objc-header -emit-objc-header-path /Users/runner/work/orbit/orbit/NotchOrbitPlus/build/DerivedData/Build/Intermediates.noindex/NotchOrbitPlus.build/Release/OrbitCore.build/Objects-normal/x86_64/OrbitCore-Swift.h -working-directory /Users/runner/work/orbit/orbit/NotchOrbitPlus -experimental-emit-module-separately -disable-cmo

SwiftDriverJobDiscovery normal arm64 Emitting module for OrbitCore (in target 'OrbitCore' from project 'NotchOrbitPlus')

SwiftEmitModule normal arm64 Emitting\ module\ for\ NotchCore (in target 'NotchCore' from project 'NotchOrbitPlus')
EmitSwiftModule normal arm64 (in target 'NotchCore' from project 'NotchOrbitPlus')
    cd /Users/runner/work/orbit/orbit/NotchOrbitPlus
    

SwiftDriver\ Compilation\ Requirements OrbitCore normal arm64 com.apple.xcode.tools.swift.compiler (in target 'OrbitCore' from project 'NotchOrbitPlus')
    cd /Users/runner/work/orbit/orbit/NotchOrbitPlus
    builtin-Swift-Compilation-Requirements -- /Applications/Xcode_26.6.app/Contents/Developer/Toolchains/XcodeDefault.xctoolchain/usr/bin/swiftc -module-name OrbitCore -O @/Users/runner/work/orbit/orbit/NotchOrbitPlus/build/DerivedData/Build/Intermediates.noindex/NotchOrbitPlus.build/Release/OrbitCore.build/Objects-normal/arm64/OrbitCore.SwiftFileList -enable-experimental-feature DebugDescriptionMacro -sdk /Applications/Xcode_26.6.app/Contents/Developer/Platforms/MacOSX.platform/Developer/SDKs/MacOSX26.5.sdk -target arm64-apple-macos14.0 -g -module-cache-path /Users/runner/work/orbit/orbit/NotchOrbitPlus/build/DerivedData/ModuleCache.noindex -Xfrontend -serialize-debugging-options -enable-testing -swift-version 6 -I /Users/runner/work/orbit/orbit/NotchOrbitPlus/build/DerivedData/Build/Products/Release -I /Users/runner/work/orbit/orbit/NotchOrbitPlus/build/DerivedData/Build/Products/Release -F /Users/runner/work/orbit/orbit/NotchOrbitPlus/build/DerivedData/Build/Products/Release -c -j3 -enable-batch-mode -incremental -Xcc -ivfsstatcache -Xcc /Users/runner/work/orbit/orbit/NotchOrbitPlus/build/DerivedData/SDKStatCaches.noindex/macosx26.5-25F70-688ef53f1462e2c8f657fdc38a81448fee0e6409aa6676c5e6c013d148225433.sdkstatcache -output-file-map /Users/runner/work/orbit/orbit/NotchOrbitPlus/build/DerivedData/Build/Intermediates.noindex/NotchOrbitPlus.build/Release/OrbitCore.build/Objects-normal/arm64/OrbitCore-OutputFileMap.json -use-frontend-parseable-output -save-temps -no-color-diagnostics -explicit-module-build -module-cache-path /Users/runner/work/orbit/orbit/NotchOrbitPlus/build/DerivedData/Build/Intermediates.noindex/SwiftExplicitPrecompiledModules -clang-scanner-module-cache-path /Users/runner/work/orbit/orbit/NotchOrbitPlus/build/DerivedData/ModuleCache.noindex -sdk-module-cache-path /Users/runner/work/orbit/orbit/NotchOrbitPlus/build/DerivedData/ModuleCache.noindex -serialize-diagnostics -emit-dependencies -emit-module -emit-module-path /Users/runner/work/orbit/orbit/NotchOrbitPlus/build/DerivedData/Build/Intermediates.noindex/NotchOrbitPlus.build/Release/OrbitCore.build/Objects-normal/arm64/OrbitCore.swiftmodule -validate-clang-modules-once -clang-build-session-file /Users/runner/work/orbit/orbit/NotchOrbitPlus/build/DerivedData/ModuleCache.noindex/Session.modulevalidation -Xcc -I/Users/runner/work/orbit/orbit/NotchOrbitPlus/build/DerivedData/Build/Intermediates.noindex/NotchOrbitPlus.build/Release/OrbitCore.build/swift-overrides.hmap -emit-const-values -Xfrontend -const-gather-protocols-file -Xfrontend /Users/runner/work/orbit/orbit/NotchOrbitPlus/build/DerivedData/Build/Intermediates.noindex/NotchOrbitPlus.build/Release/OrbitCore.build/Objects-normal/arm64/OrbitCore_const_extract_protocols.json -Xcc -iquote -Xcc /Users/runner/work/orbit/orbit/NotchOrbitPlus/build/DerivedData/Build/Intermediates.noindex/NotchOrbitPlus.build/Release/OrbitCore.build/OrbitCore-generated-files.hmap -Xcc -I/Users/runner/work/orbit/orbit/NotchOrbitPlus/build/DerivedData/Build/Intermediates.noindex/NotchOrbitPlus.build/Release/OrbitCore.build/OrbitCore-own-target-headers.hmap -Xcc -I/Users/runner/work/orbit/orbit/NotchOrbitPlus/build/DerivedData/Build/Intermediates.noindex/NotchOrbitPlus.build/Release/OrbitCore.build/OrbitCore-all-non-framework-target-headers.hmap -Xcc -ivfsoverlay -Xcc /Users/runner/work/orbit/orbit/NotchOrbitPlus/build/DerivedData/Build/Intermediates.noindex/NotchOrbitPlus.build/Release/NotchOrbitPlus-f72668d2e0dd56b95fac80a5a9a4b360-VFS/all-product-headers.yaml -Xcc -iquote -Xcc /Users/runner/work/orbit/orbit/NotchOrbitPlus/build/DerivedData/Build/Intermediates.noindex/NotchOrbitPlus.build/Release/OrbitCore.build/OrbitCore-project-headers.hmap -Xcc -I/Users/runner/work/orbit/orbit/NotchOrbitPlus/build/DerivedData/Build/Products/Release/include -Xcc -I/Users/runner/work/orbit/orbit/NotchOrbitPlus/build/DerivedData/Build/Intermediates.noindex/NotchOrbitPlus.build/Release/OrbitCore.build/DerivedSources-normal/arm64 -Xcc -I/Users/runner/work/orbit/orbit/NotchOrbitPlus/build/DerivedData/Build/Intermediates.noindex/NotchOrbitPlus.build/Release/OrbitCore.build/DerivedSources/arm64 -Xcc -I/Users/runner/work/orbit/orbit/NotchOrbitPlus/build/DerivedData/Build/Intermediates.noindex/NotchOrbitPlus.build/Release/OrbitCore.build/DerivedSources -emit-objc-header -emit-objc-header-path /Users/runner/work/orbit/orbit/NotchOrbitPlus/build/DerivedData/Build/Intermediates.noindex/NotchOrbitPlus.build/Release/OrbitCore.build/Objects-normal/arm64/OrbitCore-Swift.h -working-directory /Users/runner/work/orbit/orbit/NotchOrbitPlus -experimental-emit-module-separately -disable-cmo

SwiftDriverJobDiscovery normal x86_64 Compiling Models.swift, RadialGeometry.swift (in target 'OrbitCore' from project 'NotchOrbitPlus')

Copy /Users/runner/work/orbit/orbit/NotchOrbitPlus/build/DerivedData/Build/Products/Release/OrbitCore.swiftmodule/x86_64-apple-macos.swiftmodule /Users/runner/work/orbit/orbit/NotchOrbitPlus/build/DerivedData/Build/Intermediates.noindex/NotchOrbitPlus.build/Release/OrbitCore.build/Objects-normal/x86_64/OrbitCore.swiftmodule (in target 'OrbitCore' from project 'NotchOrbitPlus')
    cd /Users/runner/work/orbit/orbit/NotchOrbitPlus
    builtin-copy -exclude .DS_Store -exclude CVS -exclude .svn -exclude .git -exclude .hg -strip-unsigned-binaries -strip-deterministic -strip-tool /Applications/Xcode_26.6.app/Contents/Developer/Toolchains/XcodeDefault.xctoolchain/usr/bin/strip -resolve-src-symlinks -rename /Users/runner/work/orbit/orbit/NotchOrbitPlus/build/DerivedData/Build/Intermediates.noindex/NotchOrbitPlus.build/Release/OrbitCore.build/Objects-normal/x86_64/OrbitCore.swiftmodule /Users/runner/work/orbit/orbit/NotchOrbitPlus/build/DerivedData/Build/Products/Release/OrbitCore.swiftmodule/x86_64-apple-macos.swiftmodule

Copy /Users/runner/work/orbit/orbit/NotchOrbitPlus/build/DerivedData/Build/Products/Release/OrbitCore.swiftmodule/x86_64-apple-macos.swiftdoc /Users/runner/work/orbit/orbit/NotchOrbitPlus/build/DerivedData/Build/Intermediates.noindex/NotchOrbitPlus.build/Release/OrbitCore.build/Objects-normal/x86_64/OrbitCore.swiftdoc (in target 'OrbitCore' from project 'NotchOrbitPlus')
    cd /Users/runner/work/orbit/orbit/NotchOrbitPlus
    builtin-copy -exclude .DS_Store -exclude CVS -exclude .svn -exclude .git -exclude .hg -strip-unsigned-binaries -strip-deterministic -strip-tool /Applications/Xcode_26.6.app/Contents/Developer/Toolchains/XcodeDefault.xctoolchain/usr/bin/strip -resolve-src-symlinks -rename /Users/runner/work/orbit/orbit/NotchOrbitPlus/build/DerivedData/Build/Intermediates.noindex/NotchOrbitPlus.build/Release/OrbitCore.build/Objects-normal/x86_64/OrbitCore.swiftdoc /Users/runner/work/orbit/orbit/NotchOrbitPlus/build/DerivedData/Build/Products/Release/OrbitCore.swiftmodule/x86_64-apple-macos.swiftdoc

SwiftMergeGeneratedHeaders /Users/runner/work/orbit/orbit/NotchOrbitPlus/build/DerivedData/Build/Intermediates.noindex/NotchOrbitPlus.build/Release/OrbitCore.build/DerivedSources/OrbitCore-Swift.h /Users/runner/work/orbit/orbit/NotchOrbitPlus/build/DerivedData/Build/Intermediates.noindex/NotchOrbitPlus.build/Release/OrbitCore.build/Objects-normal/arm64/OrbitCore-Swift.h /Users/runner/work/orbit/orbit/NotchOrbitPlus/build/DerivedData/Build/Intermediates.noindex/NotchOrbitPlus.build/Release/OrbitCore.build/Objects-normal/x86_64/OrbitCore-Swift.h (in target 'OrbitCore' from project 'NotchOrbitPlus')
    cd /Users/runner/work/orbit/orbit/NotchOrbitPlus
    builtin-swiftHeaderTool -arch arm64 /Users/runner/work/orbit/orbit/NotchOrbitPlus/build/DerivedData/Build/Intermediates.noindex/NotchOrbitPlus.build/Release/OrbitCore.build/Objects-normal/arm64/OrbitCore-Swift.h -arch x86_64 /Users/runner/work/orbit/orbit/NotchOrbitPlus/build/DerivedData/Build/Intermediates.noindex/NotchOrbitPlus.build/Release/OrbitCore.build/Objects-normal/x86_64/OrbitCore-Swift.h -o /Users/runner/work/orbit/orbit/NotchOrbitPlus/build/DerivedData/Build/Intermediates.noindex/NotchOrbitPlus.build/Release/OrbitCore.build/DerivedSources/OrbitCore-Swift.h

Copy /Users/runner/work/orbit/orbit/NotchOrbitPlus/build/DerivedData/Build/Products/Release/OrbitCore.swiftmodule/x86_64-apple-macos.abi.json /Users/runner/work/orbit/orbit/NotchOrbitPlus/build/DerivedData/Build/Intermediates.noindex/NotchOrbitPlus.build/Release/OrbitCore.build/Objects-normal/x86_64/OrbitCore.abi.json (in target 'OrbitCore' from project 'NotchOrbitPlus')
    cd /Users/runner/work/orbit/orbit/NotchOrbitPlus
    builtin-copy -exclude .DS_Store -exclude CVS -exclude .svn -exclude .git -exclude .hg -strip-unsigned-binaries -strip-deterministic -strip-tool /Applications/Xcode_26.6.app/Contents/Developer/Toolchains/XcodeDefault.xctoolchain/usr/bin/strip -resolve-src-symlinks -rename /Users/runner/work/orbit/orbit/NotchOrbitPlus/build/DerivedData/Build/Intermediates.noindex/NotchOrbitPlus.build/Release/OrbitCore.build/Objects-normal/x86_64/OrbitCore.abi.json /Users/runner/work/orbit/orbit/NotchOrbitPlus/build/DerivedData/Build/Products/Release/OrbitCore.swiftmodule/x86_64-apple-macos.abi.json

Copy /Users/runner/work/orbit/orbit/NotchOrbitPlus/build/DerivedData/Build/Products/Release/OrbitCore.swiftmodule/arm64-apple-macos.swiftmodule /Users/runner/work/orbit/orbit/NotchOrbitPlus/build/DerivedData/Build/Intermediates.noindex/NotchOrbitPlus.build/Release/OrbitCore.build/Objects-normal/arm64/OrbitCore.swiftmodule (in target 'OrbitCore' from project 'NotchOrbitPlus')
    cd /Users/runner/work/orbit/orbit/NotchOrbitPlus
    builtin-copy -exclude .DS_Store -exclude CVS -exclude .svn -exclude .git -exclude .hg -strip-unsigned-binaries -strip-deterministic -strip-tool /Applications/Xcode_26.6.app/Contents/Developer/Toolchains/XcodeDefault.xctoolchain/usr/bin/strip -resolve-src-symlinks -rename /Users/runner/work/orbit/orbit/NotchOrbitPlus/build/DerivedData/Build/Intermediates.noindex/NotchOrbitPlus.build/Release/OrbitCore.build/Objects-normal/arm64/OrbitCore.swiftmodule /Users/runner/work/orbit/orbit/NotchOrbitPlus/build/DerivedData/Build/Products/Release/OrbitCore.swiftmodule/arm64-apple-macos.swiftmodule

Copy /Users/runner/work/orbit/orbit/NotchOrbitPlus/build/DerivedData/Build/Products/Release/OrbitCore.swiftmodule/arm64-apple-macos.swiftdoc /Users/runner/work/orbit/orbit/NotchOrbitPlus/build/DerivedData/Build/Intermediates.noindex/NotchOrbitPlus.build/Release/OrbitCore.build/Objects-normal/arm64/OrbitCore.swiftdoc (in target 'OrbitCore' from project 'NotchOrbitPlus')
    cd /Users/runner/work/orbit/orbit/NotchOrbitPlus
    builtin-copy -exclude .DS_Store -exclude CVS -exclude .svn -exclude .git -exclude .hg -strip-unsigned-binaries -strip-deterministic -strip-tool /Applications/Xcode_26.6.app/Contents/Developer/Toolchains/XcodeDefault.xctoolchain/usr/bin/strip -resolve-src-symlinks -rename /Users/runner/work/orbit/orbit/NotchOrbitPlus/build/DerivedData/Build/Intermediates.noindex/NotchOrbitPlus.build/Release/OrbitCore.build/Objects-normal/arm64/OrbitCore.swiftdoc /Users/runner/work/orbit/orbit/NotchOrbitPlus/build/DerivedData/Build/Products/Release/OrbitCore.swiftmodule/arm64-apple-macos.swiftdoc

Copy /Users/runner/work/orbit/orbit/NotchOrbitPlus/build/DerivedData/Build/Products/Release/OrbitCore.swiftmodule/arm64-apple-macos.abi.json /Users/runner/work/orbit/orbit/NotchOrbitPlus/build/DerivedData/Build/Intermediates.noindex/NotchOrbitPlus.build/Release/OrbitCore.build/Objects-normal/arm64/OrbitCore.abi.json (in target 'OrbitCore' from project 'NotchOrbitPlus')
    cd /Users/runner/work/orbit/orbit/NotchOrbitPlus
    builtin-copy -exclude .DS_Store -exclude CVS -exclude .svn -exclude .git -exclude .hg -strip-unsigned-binaries -strip-deterministic -strip-tool /Applications/Xcode_26.6.app/Contents/Developer/Toolchains/XcodeDefault.xctoolchain/usr/bin/strip -resolve-src-symlinks -rename /Users/runner/work/orbit/orbit/NotchOrbitPlus/build/DerivedData/Build/Intermediates.noindex/NotchOrbitPlus.build/Release/OrbitCore.build/Objects-normal/arm64/OrbitCore.abi.json /Users/runner/work/orbit/orbit/NotchOrbitPlus/build/DerivedData/Build/Products/Release/OrbitCore.swiftmodule/arm64-apple-macos.abi.json

Copy /Users/runner/work/orbit/orbit/NotchOrbitPlus/build/DerivedData/Build/Products/Release/OrbitCore.swiftmodule/Project/x86_64-apple-macos.swiftsourceinfo /Users/runner/work/orbit/orbit/NotchOrbitPlus/build/DerivedData/Build/Intermediates.noindex/NotchOrbitPlus.build/Release/OrbitCore.build/Objects-normal/x86_64/OrbitCore.swiftsourceinfo (in target 'OrbitCore' from project 'NotchOrbitPlus')
    cd /Users/runner/work/orbit/orbit/NotchOrbitPlus
    builtin-copy -exclude .DS_Store -exclude CVS -exclude .svn -exclude .git -exclude .hg -strip-unsigned-binaries -strip-deterministic -strip-tool /Applications/Xcode_26.6.app/Contents/Developer/Toolchains/XcodeDefault.xctoolchain/usr/bin/strip -resolve-src-symlinks -rename /Users/runner/work/orbit/orbit/NotchOrbitPlus/build/DerivedData/Build/Intermediates.noindex/NotchOrbitPlus.build/Release/OrbitCore.build/Objects-normal/x86_64/OrbitCore.swiftsourceinfo /Users/runner/work/orbit/orbit/NotchOrbitPlus/build/DerivedData/Build/Products/Release/OrbitCore.swiftmodule/Project/x86_64-apple-macos.swiftsourceinfo

Copy /Users/runner/work/orbit/orbit/NotchOrbitPlus/build/DerivedData/Build/Products/Release/OrbitCore.swiftmodule/Project/arm64-apple-macos.swiftsourceinfo /Users/runner/work/orbit/orbit/NotchOrbitPlus/build/DerivedData/Build/Intermediates.noindex/NotchOrbitPlus.build/Release/OrbitCore.build/Objects-normal/arm64/OrbitCore.swiftsourceinfo (in target 'OrbitCore' from project 'NotchOrbitPlus')
    cd /Users/runner/work/orbit/orbit/NotchOrbitPlus
    builtin-copy -exclude .DS_Store -exclude CVS -exclude .svn -exclude .git -exclude .hg -strip-unsigned-binaries -strip-deterministic -strip-tool /Applications/Xcode_26.6.app/Contents/Developer/Toolchains/XcodeDefault.xctoolchain/usr/bin/strip -resolve-src-symlinks -rename /Users/runner/work/orbit/orbit/NotchOrbitPlus/build/DerivedData/Build/Intermediates.noindex/NotchOrbitPlus.build/Release/OrbitCore.build/Objects-normal/arm64/OrbitCore.swiftsourceinfo /Users/runner/work/orbit/orbit/NotchOrbitPlus/build/DerivedData/Build/Products/Release/OrbitCore.swiftmodule/Project/arm64-apple-macos.swiftsourceinfo

SwiftCompile normal arm64 Compiling\ ZIPInspector.swift /Users/runner/work/orbit/orbit/Sources/OrbitCore/ZIPInspector.swift (in target 'OrbitCore' from project 'NotchOrbitPlus')
SwiftCompile normal arm64 /Users/runner/work/orbit/orbit/Sources/OrbitCore/ZIPInspector.swift (in target 'OrbitCore' from project 'NotchOrbitPlus')
    cd /Users/runner/work/orbit/orbit/NotchOrbitPlus
    

SwiftCompile normal arm64 Compiling\ Models.swift,\ RadialGeometry.swift /Users/runner/work/orbit/orbit/Sources/OrbitCore/Models.swift /Users/runner/work/orbit/orbit/Sources/OrbitCore/RadialGeometry.swift (in target 'OrbitCore' from project 'NotchOrbitPlus')

SwiftCompile normal arm64 /Users/runner/work/orbit/orbit/Sources/OrbitCore/Models.swift (in target 'OrbitCore' from project 'NotchOrbitPlus')
    cd /Users/runner/work/orbit/orbit/NotchOrbitPlus
    

SwiftCompile normal arm64 /Users/runner/work/orbit/orbit/Sources/OrbitCore/RadialGeometry.swift (in target 'OrbitCore' from project 'NotchOrbitPlus')
    cd /Users/runner/work/orbit/orbit/NotchOrbitPlus
    

SwiftDriverJobDiscovery normal x86_64 Emitting module for NotchCore (in target 'NotchCore' from project 'NotchOrbitPlus')

SwiftDriver\ Compilation\ Requirements NotchCore normal x86_64 com.apple.xcode.tools.swift.compiler (in target 'NotchCore' from project 'NotchOrbitPlus')
    cd /Users/runner/work/orbit/orbit/NotchOrbitPlus
    builtin-Swift-Compilation-Requirements -- /Applications/Xcode_26.6.app/Contents/Developer/Toolchains/XcodeDefault.xctoolchain/usr/bin/swiftc -module-name NotchCore -O @/Users/runner/work/orbit/orbit/NotchOrbitPlus/build/DerivedData/Build/Intermediates.noindex/NotchOrbitPlus.build/Release/NotchCore.build/Objects-normal/x86_64/NotchCore.SwiftFileList -enable-experimental-feature DebugDescriptionMacro -sdk /Applications/Xcode_26.6.app/Contents/Developer/Platforms/MacOSX.platform/Developer/SDKs/MacOSX26.5.sdk -target x86_64-apple-macos14.0 -g -module-cache-path /Users/runner/work/orbit/orbit/NotchOrbitPlus/build/DerivedData/ModuleCache.noindex -Xfrontend -serialize-debugging-options -enable-testing -swift-version 6 -I /Users/runner/work/orbit/orbit/NotchOrbitPlus/build/DerivedData/Build/Products/Release -I /Users/runner/work/orbit/orbit/NotchOrbitPlus/build/DerivedData/Build/Products/Release -F /Users/runner/work/orbit/orbit/NotchOrbitPlus/build/DerivedData/Build/Products/Release -c -j3 -enable-batch-mode -incremental -Xcc -ivfsstatcache -Xcc /Users/runner/work/orbit/orbit/NotchOrbitPlus/build/DerivedData/SDKStatCaches.noindex/macosx26.5-25F70-688ef53f1462e2c8f657fdc38a81448fee0e6409aa6676c5e6c013d148225433.sdkstatcache -output-file-map /Users/runner/work/orbit/orbit/NotchOrbitPlus/build/DerivedData/Build/Intermediates.noindex/NotchOrbitPlus.build/Release/NotchCore.build/Objects-normal/x86_64/NotchCore-OutputFileMap.json -use-frontend-parseable-output -save-temps -no-color-diagnostics -explicit-module-build -module-cache-path /Users/runner/work/orbit/orbit/NotchOrbitPlus/build/DerivedData/Build/Intermediates.noindex/SwiftExplicitPrecompiledModules -clang-scanner-module-cache-path /Users/runner/work/orbit/orbit/NotchOrbitPlus/build/DerivedData/ModuleCache.noindex -sdk-module-cache-path /Users/runner/work/orbit/orbit/NotchOrbitPlus/build/DerivedData/ModuleCache.noindex -serialize-diagnostics -emit-dependencies -emit-module -emit-module-path /Users/runner/work/orbit/orbit/NotchOrbitPlus/build/DerivedData/Build/Intermediates.noindex/NotchOrbitPlus.build/Release/NotchCore.build/Objects-normal/x86_64/NotchCore.swiftmodule -validate-clang-modules-once -clang-build-session-file /Users/runner/work/orbit/orbit/NotchOrbitPlus/build/DerivedData/ModuleCache.noindex/Session.modulevalidation -Xcc -I/Users/runner/work/orbit/orbit/NotchOrbitPlus/build/DerivedData/Build/Intermediates.noindex/NotchOrbitPlus.build/Release/NotchCore.build/swift-overrides.hmap -emit-const-values -Xfrontend -const-gather-protocols-file -Xfrontend /Users/runner/work/orbit/orbit/NotchOrbitPlus/build/DerivedData/Build/Intermediates.noindex/NotchOrbitPlus.build/Release/NotchCore.build/Objects-normal/x86_64/NotchCore_const_extract_protocols.json -Xcc -iquote -Xcc /Users/runner/work/orbit/orbit/NotchOrbitPlus/build/DerivedData/Build/Intermediates.noindex/NotchOrbitPlus.build/Release/NotchCore.build/NotchCore-generated-files.hmap -Xcc -I/Users/runner/work/orbit/orbit/NotchOrbitPlus/build/DerivedData/Build/Intermediates.noindex/NotchOrbitPlus.build/Release/NotchCore.build/NotchCore-own-target-headers.hmap -Xcc -I/Users/runner/work/orbit/orbit/NotchOrbitPlus/build/DerivedData/Build/Intermediates.noindex/NotchOrbitPlus.build/Release/NotchCore.build/NotchCore-all-non-framework-target-headers.hmap -Xcc -ivfsoverlay -Xcc /Users/runner/work/orbit/orbit/NotchOrbitPlus/build/DerivedData/Build/Intermediates.noindex/NotchOrbitPlus.build/Release/NotchOrbitPlus-f72668d2e0dd56b95fac80a5a9a4b360-VFS/all-product-headers.yaml -Xcc -iquote -Xcc /Users/runner/work/orbit/orbit/NotchOrbitPlus/build/DerivedData/Build/Intermediates.noindex/NotchOrbitPlus.build/Release/NotchCore.build/NotchCore-project-headers.hmap -Xcc -I/Users/runner/work/orbit/orbit/NotchOrbitPlus/build/DerivedData/Build/Products/Release/include -Xcc -I/Users/runner/work/orbit/orbit/NotchOrbitPlus/build/DerivedData/Build/Intermediates.noindex/NotchOrbitPlus.build/Release/NotchCore.build/DerivedSources-normal/x86_64 -Xcc -I/Users/runner/work/orbit/orbit/NotchOrbitPlus/build/DerivedData/Build/Intermediates.noindex/NotchOrbitPlus.build/Release/NotchCore.build/DerivedSources/x86_64 -Xcc -I/Users/runner/work/orbit/orbit/NotchOrbitPlus/build/DerivedData/Build/Intermediates.noindex/NotchOrbitPlus.build/Release/NotchCore.build/DerivedSources -emit-objc-header -emit-objc-header-path /Users/runner/work/orbit/orbit/NotchOrbitPlus/build/DerivedData/Build/Intermediates.noindex/NotchOrbitPlus.build/Release/NotchCore.build/Objects-normal/x86_64/NotchCore-Swift.h -working-directory /Users/runner/work/orbit/orbit/NotchOrbitPlus -experimental-emit-module-separately -disable-cmo

SwiftDriverJobDiscovery normal arm64 Emitting module for NotchCore (in target 'NotchCore' from project 'NotchOrbitPlus')

SwiftDriver\ Compilation\ Requirements NotchCore normal arm64 com.apple.xcode.tools.swift.compiler (in target 'NotchCore' from project 'NotchOrbitPlus')
    cd /Users/runner/work/orbit/orbit/NotchOrbitPlus
    builtin-Swift-Compilation-Requirements -- /Applications/Xcode_26.6.app/Contents/Developer/Toolchains/XcodeDefault.xctoolchain/usr/bin/swiftc -module-name NotchCore -O @/Users/runner/work/orbit/orbit/NotchOrbitPlus/build/DerivedData/Build/Intermediates.noindex/NotchOrbitPlus.build/Release/NotchCore.build/Objects-normal/arm64/NotchCore.SwiftFileList -enable-experimental-feature DebugDescriptionMacro -sdk /Applications/Xcode_26.6.app/Contents/Developer/Platforms/MacOSX.platform/Developer/SDKs/MacOSX26.5.sdk -target arm64-apple-macos14.0 -g -module-cache-path /Users/runner/work/orbit/orbit/NotchOrbitPlus/build/DerivedData/ModuleCache.noindex -Xfrontend -serialize-debugging-options -enable-testing -swift-version 6 -I /Users/runner/work/orbit/orbit/NotchOrbitPlus/build/DerivedData/Build/Products/Release -I /Users/runner/work/orbit/orbit/NotchOrbitPlus/build/DerivedData/Build/Products/Release -F /Users/runner/work/orbit/orbit/NotchOrbitPlus/build/DerivedData/Build/Products/Release -c -j3 -enable-batch-mode -incremental -Xcc -ivfsstatcache -Xcc /Users/runner/work/orbit/orbit/NotchOrbitPlus/build/DerivedData/SDKStatCaches.noindex/macosx26.5-25F70-688ef53f1462e2c8f657fdc38a81448fee0e6409aa6676c5e6c013d148225433.sdkstatcache -output-file-map /Users/runner/work/orbit/orbit/NotchOrbitPlus/build/DerivedData/Build/Intermediates.noindex/NotchOrbitPlus.build/Release/NotchCore.build/Objects-normal/arm64/NotchCore-OutputFileMap.json -use-frontend-parseable-output -save-temps -no-color-diagnostics -explicit-module-build -module-cache-path /Users/runner/work/orbit/orbit/NotchOrbitPlus/build/DerivedData/Build/Intermediates.noindex/SwiftExplicitPrecompiledModules -clang-scanner-module-cache-path /Users/runner/work/orbit/orbit/NotchOrbitPlus/build/DerivedData/ModuleCache.noindex -sdk-module-cache-path /Users/runner/work/orbit/orbit/NotchOrbitPlus/build/DerivedData/ModuleCache.noindex -serialize-diagnostics -emit-dependencies -emit-module -emit-module-path /Users/runner/work/orbit/orbit/NotchOrbitPlus/build/DerivedData/Build/Intermediates.noindex/NotchOrbitPlus.build/Release/NotchCore.build/Objects-normal/arm64/NotchCore.swiftmodule -validate-clang-modules-once -clang-build-session-file /Users/runner/work/orbit/orbit/NotchOrbitPlus/build/DerivedData/ModuleCache.noindex/Session.modulevalidation -Xcc -I/Users/runner/work/orbit/orbit/NotchOrbitPlus/build/DerivedData/Build/Intermediates.noindex/NotchOrbitPlus.build/Release/NotchCore.build/swift-overrides.hmap -emit-const-values -Xfrontend -const-gather-protocols-file -Xfrontend /Users/runner/work/orbit/orbit/NotchOrbitPlus/build/DerivedData/Build/Intermediates.noindex/NotchOrbitPlus.build/Release/NotchCore.build/Objects-normal/arm64/NotchCore_const_extract_protocols.json -Xcc -iquote -Xcc /Users/runner/work/orbit/orbit/NotchOrbitPlus/build/DerivedData/Build/Intermediates.noindex/NotchOrbitPlus.build/Release/NotchCore.build/NotchCore-generated-files.hmap -Xcc -I/Users/runner/work/orbit/orbit/NotchOrbitPlus/build/DerivedData/Build/Intermediates.noindex/NotchOrbitPlus.build/Release/NotchCore.build/NotchCore-own-target-headers.hmap -Xcc -I/Users/runner/work/orbit/orbit/NotchOrbitPlus/build/DerivedData/Build/Intermediates.noindex/NotchOrbitPlus.build/Release/NotchCore.build/NotchCore-all-non-framework-target-headers.hmap -Xcc -ivfsoverlay -Xcc /Users/runner/work/orbit/orbit/NotchOrbitPlus/build/DerivedData/Build/Intermediates.noindex/NotchOrbitPlus.build/Release/NotchOrbitPlus-f72668d2e0dd56b95fac80a5a9a4b360-VFS/all-product-headers.yaml -Xcc -iquote -Xcc /Users/runner/work/orbit/orbit/NotchOrbitPlus/build/DerivedData/Build/Intermediates.noindex/NotchOrbitPlus.build/Release/NotchCore.build/NotchCore-project-headers.hmap -Xcc -I/Users/runner/work/orbit/orbit/NotchOrbitPlus/build/DerivedData/Build/Products/Release/include -Xcc -I/Users/runner/work/orbit/orbit/NotchOrbitPlus/build/DerivedData/Build/Intermediates.noindex/NotchOrbitPlus.build/Release/NotchCore.build/DerivedSources-normal/arm64 -Xcc -I/Users/runner/work/orbit/orbit/NotchOrbitPlus/build/DerivedData/Build/Intermediates.noindex/NotchOrbitPlus.build/Release/NotchCore.build/DerivedSources/arm64 -Xcc -I/Users/runner/work/orbit/orbit/NotchOrbitPlus/build/DerivedData/Build/Intermediates.noindex/NotchOrbitPlus.build/Release/NotchCore.build/DerivedSources -emit-objc-header -emit-objc-header-path /Users/runner/work/orbit/orbit/NotchOrbitPlus/build/DerivedData/Build/Intermediates.noindex/NotchOrbitPlus.build/Release/NotchCore.build/Objects-normal/arm64/NotchCore-Swift.h -working-directory /Users/runner/work/orbit/orbit/NotchOrbitPlus -experimental-emit-module-separately -disable-cmo

Copy /Users/runner/work/orbit/orbit/NotchOrbitPlus/build/DerivedData/Build/Products/Release/NotchCore.swiftmodule/x86_64-apple-macos.swiftmodule /Users/runner/work/orbit/orbit/NotchOrbitPlus/build/DerivedData/Build/Intermediates.noindex/NotchOrbitPlus.build/Release/NotchCore.build/Objects-normal/x86_64/NotchCore.swiftmodule (in target 'NotchCore' from project 'NotchOrbitPlus')
    cd /Users/runner/work/orbit/orbit/NotchOrbitPlus
    builtin-copy -exclude .DS_Store -exclude CVS -exclude .svn -exclude .git -exclude .hg -strip-unsigned-binaries -strip-deterministic -strip-tool /Applications/Xcode_26.6.app/Contents/Developer/Toolchains/XcodeDefault.xctoolchain/usr/bin/strip -resolve-src-symlinks -rename /Users/runner/work/orbit/orbit/NotchOrbitPlus/build/DerivedData/Build/Intermediates.noindex/NotchOrbitPlus.build/Release/NotchCore.build/Objects-normal/x86_64/NotchCore.swiftmodule /Users/runner/work/orbit/orbit/NotchOrbitPlus/build/DerivedData/Build/Products/Release/NotchCore.swiftmodule/x86_64-apple-macos.swiftmodule

SwiftMergeGeneratedHeaders /Users/runner/work/orbit/orbit/NotchOrbitPlus/build/DerivedData/Build/Intermediates.noindex/NotchOrbitPlus.build/Release/NotchCore.build/DerivedSources/NotchCore-Swift.h /Users/runner/work/orbit/orbit/NotchOrbitPlus/build/DerivedData/Build/Intermediates.noindex/NotchOrbitPlus.build/Release/NotchCore.build/Objects-normal/arm64/NotchCore-Swift.h /Users/runner/work/orbit/orbit/NotchOrbitPlus/build/DerivedData/Build/Intermediates.noindex/NotchOrbitPlus.build/Release/NotchCore.build/Objects-normal/x86_64/NotchCore-Swift.h (in target 'NotchCore' from project 'NotchOrbitPlus')
    cd /Users/runner/work/orbit/orbit/NotchOrbitPlus
    builtin-swiftHeaderTool -arch arm64 /Users/runner/work/orbit/orbit/NotchOrbitPlus/build/DerivedData/Build/Intermediates.noindex/NotchOrbitPlus.build/Release/NotchCore.build/Objects-normal/arm64/NotchCore-Swift.h -arch x86_64 /Users/runner/work/orbit/orbit/NotchOrbitPlus/build/DerivedData/Build/Intermediates.noindex/NotchOrbitPlus.build/Release/NotchCore.build/Objects-normal/x86_64/NotchCore-Swift.h -o /Users/runner/work/orbit/orbit/NotchOrbitPlus/build/DerivedData/Build/Intermediates.noindex/NotchOrbitPlus.build/Release/NotchCore.build/DerivedSources/NotchCore-Swift.h

Copy /Users/runner/work/orbit/orbit/NotchOrbitPlus/build/DerivedData/Build/Products/Release/NotchCore.swiftmodule/x86_64-apple-macos.swiftdoc /Users/runner/work/orbit/orbit/NotchOrbitPlus/build/DerivedData/Build/Intermediates.noindex/NotchOrbitPlus.build/Release/NotchCore.build/Objects-normal/x86_64/NotchCore.swiftdoc (in target 'NotchCore' from project 'NotchOrbitPlus')
    cd /Users/runner/work/orbit/orbit/NotchOrbitPlus
    builtin-copy -exclude .DS_Store -exclude CVS -exclude .svn -exclude .git -exclude .hg -strip-unsigned-binaries -strip-deterministic -strip-tool /Applications/Xcode_26.6.app/Contents/Developer/Toolchains/XcodeDefault.xctoolchain/usr/bin/strip -resolve-src-symlinks -rename /Users/runner/work/orbit/orbit/NotchOrbitPlus/build/DerivedData/Build/Intermediates.noindex/NotchOrbitPlus.build/Release/NotchCore.build/Objects-normal/x86_64/NotchCore.swiftdoc /Users/runner/work/orbit/orbit/NotchOrbitPlus/build/DerivedData/Build/Products/Release/NotchCore.swiftmodule/x86_64-apple-macos.swiftdoc

Copy /Users/runner/work/orbit/orbit/NotchOrbitPlus/build/DerivedData/Build/Products/Release/NotchCore.swiftmodule/x86_64-apple-macos.abi.json /Users/runner/work/orbit/orbit/NotchOrbitPlus/build/DerivedData/Build/Intermediates.noindex/NotchOrbitPlus.build/Release/NotchCore.build/Objects-normal/x86_64/NotchCore.abi.json (in target 'NotchCore' from project 'NotchOrbitPlus')
    cd /Users/runner/work/orbit/orbit/NotchOrbitPlus
    builtin-copy -exclude .DS_Store -exclude CVS -exclude .svn -exclude .git -exclude .hg -strip-unsigned-binaries -strip-deterministic -strip-tool /Applications/Xcode_26.6.app/Contents/Developer/Toolchains/XcodeDefault.xctoolchain/usr/bin/strip -resolve-src-symlinks -rename /Users/runner/work/orbit/orbit/NotchOrbitPlus/build/DerivedData/Build/Intermediates.noindex/NotchOrbitPlus.build/Release/NotchCore.build/Objects-normal/x86_64/NotchCore.abi.json /Users/runner/work/orbit/orbit/NotchOrbitPlus/build/DerivedData/Build/Products/Release/NotchCore.swiftmodule/x86_64-apple-macos.abi.json

Copy /Users/runner/work/orbit/orbit/NotchOrbitPlus/build/DerivedData/Build/Products/Release/NotchCore.swiftmodule/arm64-apple-macos.swiftmodule /Users/runner/work/orbit/orbit/NotchOrbitPlus/build/DerivedData/Build/Intermediates.noindex/NotchOrbitPlus.build/Release/NotchCore.build/Objects-normal/arm64/NotchCore.swiftmodule (in target 'NotchCore' from project 'NotchOrbitPlus')
    cd /Users/runner/work/orbit/orbit/NotchOrbitPlus
    builtin-copy -exclude .DS_Store -exclude CVS -exclude .svn -exclude .git -exclude .hg -strip-unsigned-binaries -strip-deterministic -strip-tool /Applications/Xcode_26.6.app/Contents/Developer/Toolchains/XcodeDefault.xctoolchain/usr/bin/strip -resolve-src-symlinks -rename /Users/runner/work/orbit/orbit/NotchOrbitPlus/build/DerivedData/Build/Intermediates.noindex/NotchOrbitPlus.build/Release/NotchCore.build/Objects-normal/arm64/NotchCore.swiftmodule /Users/runner/work/orbit/orbit/NotchOrbitPlus/build/DerivedData/Build/Products/Release/NotchCore.swiftmodule/arm64-apple-macos.swiftmodule

Copy /Users/runner/work/orbit/orbit/NotchOrbitPlus/build/DerivedData/Build/Products/Release/NotchCore.swiftmodule/arm64-apple-macos.swiftdoc /Users/runner/work/orbit/orbit/NotchOrbitPlus/build/DerivedData/Build/Intermediates.noindex/NotchOrbitPlus.build/Release/NotchCore.build/Objects-normal/arm64/NotchCore.swiftdoc (in target 'NotchCore' from project 'NotchOrbitPlus')
    cd /Users/runner/work/orbit/orbit/NotchOrbitPlus
    builtin-copy -exclude .DS_Store -exclude CVS -exclude .svn -exclude .git -exclude .hg -strip-unsigned-binaries -strip-deterministic -strip-tool /Applications/Xcode_26.6.app/Contents/Developer/Toolchains/XcodeDefault.xctoolchain/usr/bin/strip -resolve-src-symlinks -rename /Users/runner/work/orbit/orbit/NotchOrbitPlus/build/DerivedData/Build/Intermediates.noindex/NotchOrbitPlus.build/Release/NotchCore.build/Objects-normal/arm64/NotchCore.swiftdoc /Users/runner/work/orbit/orbit/NotchOrbitPlus/build/DerivedData/Build/Products/Release/NotchCore.swiftmodule/arm64-apple-macos.swiftdoc

Copy /Users/runner/work/orbit/orbit/NotchOrbitPlus/build/DerivedData/Build/Products/Release/NotchCore.swiftmodule/arm64-apple-macos.abi.json /Users/runner/work/orbit/orbit/NotchOrbitPlus/build/DerivedData/Build/Intermediates.noindex/NotchOrbitPlus.build/Release/NotchCore.build/Objects-normal/arm64/NotchCore.abi.json (in target 'NotchCore' from project 'NotchOrbitPlus')
    cd /Users/runner/work/orbit/orbit/NotchOrbitPlus
    builtin-copy -exclude .DS_Store -exclude CVS -exclude .svn -exclude .git -exclude .hg -strip-unsigned-binaries -strip-deterministic -strip-tool /Applications/Xcode_26.6.app/Contents/Developer/Toolchains/XcodeDefault.xctoolchain/usr/bin/strip -resolve-src-symlinks -rename /Users/runner/work/orbit/orbit/NotchOrbitPlus/build/DerivedData/Build/Intermediates.noindex/NotchOrbitPlus.build/Release/NotchCore.build/Objects-normal/arm64/NotchCore.abi.json /Users/runner/work/orbit/orbit/NotchOrbitPlus/build/DerivedData/Build/Products/Release/NotchCore.swiftmodule/arm64-apple-macos.abi.json

Copy /Users/runner/work/orbit/orbit/NotchOrbitPlus/build/DerivedData/Build/Products/Release/NotchCore.swiftmodule/Project/x86_64-apple-macos.swiftsourceinfo /Users/runner/work/orbit/orbit/NotchOrbitPlus/build/DerivedData/Build/Intermediates.noindex/NotchOrbitPlus.build/Release/NotchCore.build/Objects-normal/x86_64/NotchCore.swiftsourceinfo (in target 'NotchCore' from project 'NotchOrbitPlus')
    cd /Users/runner/work/orbit/orbit/NotchOrbitPlus
    builtin-copy -exclude .DS_Store -exclude CVS -exclude .svn -exclude .git -exclude .hg -strip-unsigned-binaries -strip-deterministic -strip-tool /Applications/Xcode_26.6.app/Contents/Developer/Toolchains/XcodeDefault.xctoolchain/usr/bin/strip -resolve-src-symlinks -rename /Users/runner/work/orbit/orbit/NotchOrbitPlus/build/DerivedData/Build/Intermediates.noindex/NotchOrbitPlus.build/Release/NotchCore.build/Objects-normal/x86_64/NotchCore.swiftsourceinfo /Users/runner/work/orbit/orbit/NotchOrbitPlus/build/DerivedData/Build/Products/Release/NotchCore.swiftmodule/Project/x86_64-apple-macos.swiftsourceinfo

Copy /Users/runner/work/orbit/orbit/NotchOrbitPlus/build/DerivedData/Build/Products/Release/NotchCore.swiftmodule/Project/arm64-apple-macos.swiftsourceinfo /Users/runner/work/orbit/orbit/NotchOrbitPlus/build/DerivedData/Build/Intermediates.noindex/NotchOrbitPlus.build/Release/NotchCore.build/Objects-normal/arm64/NotchCore.swiftsourceinfo (in target 'NotchCore' from project 'NotchOrbitPlus')
    cd /Users/runner/work/orbit/orbit/NotchOrbitPlus
    builtin-copy -exclude .DS_Store -exclude CVS -exclude .svn -exclude .git -exclude .hg -strip-unsigned-binaries -strip-deterministic -strip-tool /Applications/Xcode_26.6.app/Contents/Developer/Toolchains/XcodeDefault.xctoolchain/usr/bin/strip -resolve-src-symlinks -rename /Users/runner/work/orbit/orbit/NotchOrbitPlus/build/DerivedData/Build/Intermediates.noindex/NotchOrbitPlus.build/Release/NotchCore.build/Objects-normal/arm64/NotchCore.swiftsourceinfo /Users/runner/work/orbit/orbit/NotchOrbitPlus/build/DerivedData/Build/Products/Release/NotchCore.swiftmodule/Project/arm64-apple-macos.swiftsourceinfo

SwiftCompile normal arm64 Compiling\ ActionResolver.swift,\ DropPayloadValidator.swift /Users/runner/work/orbit/orbit/Sources/OrbitCore/ActionResolver.swift /Users/runner/work/orbit/orbit/Sources/OrbitCore/DropPayloadValidator.swift (in target 'OrbitCore' from project 'NotchOrbitPlus')

SwiftCompile normal arm64 /Users/runner/work/orbit/orbit/Sources/OrbitCore/ActionResolver.swift (in target 'OrbitCore' from project 'NotchOrbitPlus')
    cd /Users/runner/work/orbit/orbit/NotchOrbitPlus
    

SwiftCompile normal arm64 /Users/runner/work/orbit/orbit/Sources/OrbitCore/DropPayloadValidator.swift (in target 'OrbitCore' from project 'NotchOrbitPlus')
    cd /Users/runner/work/orbit/orbit/NotchOrbitPlus
    

SwiftCompile normal x86_64 Compiling\ ZIPInspector.swift /Users/runner/work/orbit/orbit/Sources/OrbitCore/ZIPInspector.swift (in target 'OrbitCore' from project 'NotchOrbitPlus')
SwiftCompile normal x86_64 /Users/runner/work/orbit/orbit/Sources/OrbitCore/ZIPInspector.swift (in target 'OrbitCore' from project 'NotchOrbitPlus')
    cd /Users/runner/work/orbit/orbit/NotchOrbitPlus
    

SwiftDriverJobDiscovery normal arm64 Compiling Models.swift, RadialGeometry.swift (in target 'OrbitCore' from project 'NotchOrbitPlus')

SwiftCompile normal x86_64 Compiling\ ActionResolver.swift,\ DropPayloadValidator.swift /Users/runner/work/orbit/orbit/Sources/OrbitCore/ActionResolver.swift /Users/runner/work/orbit/orbit/Sources/OrbitCore/DropPayloadValidator.swift (in target 'OrbitCore' from project 'NotchOrbitPlus')

SwiftCompile normal x86_64 /Users/runner/work/orbit/orbit/Sources/OrbitCore/ActionResolver.swift (in target 'OrbitCore' from project 'NotchOrbitPlus')
    cd /Users/runner/work/orbit/orbit/NotchOrbitPlus
    

SwiftCompile normal x86_64 /Users/runner/work/orbit/orbit/Sources/OrbitCore/DropPayloadValidator.swift (in target 'OrbitCore' from project 'NotchOrbitPlus')
    cd /Users/runner/work/orbit/orbit/NotchOrbitPlus
    

SwiftDriverJobDiscovery normal arm64 Compiling ActionResolver.swift, DropPayloadValidator.swift (in target 'OrbitCore' from project 'NotchOrbitPlus')

SwiftCompile normal x86_64 Compiling\ OrbitSystemDeltas.swift,\ PlusIntentValidation.swift,\ PlusTool.swift,\ ProviderSportsData.swift,\ ProviderTrackingData.swift,\ ProviderTravelData.swift,\ ShelfAutomation.swift,\ ShelfLibraryMetadata.swift,\ SnippetLibrary.swift,\ SyncModels.swift,\ SyncPortableLibrary.swift,\ SystemControlsModels.swift,\ SystemDeviceModels.swift,\ WeatherForecastNotices.swift,\ WorkflowPreset.swift,\ WorldClockConversion.swift /Users/runner/work/orbit/orbit/NotchOrbitPlus/Sources/NotchCore/OrbitSystemDeltas.swift /Users/runner/work/orbit/orbit/NotchOrbitPlus/Sources/NotchCore/PlusIntentValidation.swift /Users/runner/work/orbit/orbit/NotchOrbitPlus/Sources/NotchCore/PlusTool.swift /Users/runner/work/orbit/orbit/NotchOrbitPlus/Sources/NotchCore/ProviderSportsData.swift /Users/runner/work/orbit/orbit/NotchOrbitPlus/Sources/NotchCore/ProviderTrackingData.swift /Users/runner/work/orbit/orbit/NotchOrbitPlus/Sources/NotchCore/ProviderTravelData.swift /Users/runner/work/orbit/orbit/NotchOrbitPlus/Sources/NotchCore/ShelfAutomation.swift /Users/runner/work/orbit/orbit/NotchOrbitPlus/Sources/NotchCore/ShelfLibraryMetadata.swift /Users/runner/work/orbit/orbit/NotchOrbitPlus/Sources/NotchCore/SnippetLibrary.swift /Users/runner/work/orbit/orbit/NotchOrbitPlus/Sources/NotchCore/SyncModels.swift /Users/runner/work/orbit/orbit/NotchOrbitPlus/Sources/NotchCore/SyncPortableLibrary.swift /Users/runner/work/orbit/orbit/NotchOrbitPlus/Sources/NotchCore/SystemControlsModels.swift /Users/runner/work/orbit/orbit/NotchOrbitPlus/Sources/NotchCore/SystemDeviceModels.swift /Users/runner/work/orbit/orbit/NotchOrbitPlus/Sources/NotchCore/WeatherForecastNotices.swift /Users/runner/work/orbit/orbit/NotchOrbitPlus/Sources/NotchCore/WorkflowPreset.swift /Users/runner/work/orbit/orbit/NotchOrbitPlus/Sources/NotchCore/WorldClockConversion.swift (in target 'NotchCore' from project 'NotchOrbitPlus')
SwiftCompile normal x86_64 /Users/runner/work/orbit/orbit/NotchOrbitPlus/Sources/NotchCore/OrbitSystemDeltas.swift (in target 'NotchCore' from project 'NotchOrbitPlus')
    cd /Users/runner/work/orbit/orbit/NotchOrbitPlus
    

SwiftCompile normal x86_64 /Users/runner/work/orbit/orbit/NotchOrbitPlus/Sources/NotchCore/PlusIntentValidation.swift (in target 'NotchCore' from project 'NotchOrbitPlus')
    cd /Users/runner/work/orbit/orbit/NotchOrbitPlus
    

SwiftCompile normal x86_64 /Users/runner/work/orbit/orbit/NotchOrbitPlus/Sources/NotchCore/PlusTool.swift (in target 'NotchCore' from project 'NotchOrbitPlus')
    cd /Users/runner/work/orbit/orbit/NotchOrbitPlus
    

SwiftCompile normal x86_64 /Users/runner/work/orbit/orbit/NotchOrbitPlus/Sources/NotchCore/ProviderSportsData.swift (in target 'NotchCore' from project 'NotchOrbitPlus')
    cd /Users/runner/work/orbit/orbit/NotchOrbitPlus
    

SwiftCompile normal x86_64 /Users/runner/work/orbit/orbit/NotchOrbitPlus/Sources/NotchCore/ProviderTrackingData.swift (in target 'NotchCore' from project 'NotchOrbitPlus')
    cd /Users/runner/work/orbit/orbit/NotchOrbitPlus
    

SwiftCompile normal x86_64 /Users/runner/work/orbit/orbit/NotchOrbitPlus/Sources/NotchCore/ProviderTravelData.swift (in target 'NotchCore' from project 'NotchOrbitPlus')
    cd /Users/runner/work/orbit/orbit/NotchOrbitPlus
    

SwiftCompile normal x86_64 /Users/runner/work/orbit/orbit/NotchOrbitPlus/Sources/NotchCore/ShelfAutomation.swift (in target 'NotchCore' from project 'NotchOrbitPlus')
    cd /Users/runner/work/orbit/orbit/NotchOrbitPlus
    

SwiftCompile normal x86_64 /Users/runner/work/orbit/orbit/NotchOrbitPlus/Sources/NotchCore/ShelfLibraryMetadata.swift (in target 'NotchCore' from project 'NotchOrbitPlus')
    cd /Users/runner/work/orbit/orbit/NotchOrbitPlus
    

SwiftCompile normal x86_64 /Users/runner/work/orbit/orbit/NotchOrbitPlus/Sources/NotchCore/SnippetLibrary.swift (in target 'NotchCore' from project 'NotchOrbitPlus')
    cd /Users/runner/work/orbit/orbit/NotchOrbitPlus
    

SwiftCompile normal x86_64 /Users/runner/work/orbit/orbit/NotchOrbitPlus/Sources/NotchCore/SyncModels.swift (in target 'NotchCore' from project 'NotchOrbitPlus')
    cd /Users/runner/work/orbit/orbit/NotchOrbitPlus
    

SwiftCompile normal x86_64 /Users/runner/work/orbit/orbit/NotchOrbitPlus/Sources/NotchCore/SyncPortableLibrary.swift (in target 'NotchCore' from project 'NotchOrbitPlus')
    cd /Users/runner/work/orbit/orbit/NotchOrbitPlus
    

SwiftCompile normal x86_64 /Users/runner/work/orbit/orbit/NotchOrbitPlus/Sources/NotchCore/SystemControlsModels.swift (in target 'NotchCore' from project 'NotchOrbitPlus')
    cd /Users/runner/work/orbit/orbit/NotchOrbitPlus
    

SwiftCompile normal x86_64 /Users/runner/work/orbit/orbit/NotchOrbitPlus/Sources/NotchCore/SystemDeviceModels.swift (in target 'NotchCore' from project 'NotchOrbitPlus')
    cd /Users/runner/work/orbit/orbit/NotchOrbitPlus
    

SwiftCompile normal x86_64 /Users/runner/work/orbit/orbit/NotchOrbitPlus/Sources/NotchCore/WeatherForecastNotices.swift (in target 'NotchCore' from project 'NotchOrbitPlus')
    cd /Users/runner/work/orbit/orbit/NotchOrbitPlus
    

SwiftCompile normal x86_64 /Users/runner/work/orbit/orbit/NotchOrbitPlus/Sources/NotchCore/WorkflowPreset.swift (in target 'NotchCore' from project 'NotchOrbitPlus')
    cd /Users/runner/work/orbit/orbit/NotchOrbitPlus
    

SwiftCompile normal x86_64 /Users/runner/work/orbit/orbit/NotchOrbitPlus/Sources/NotchCore/WorldClockConversion.swift (in target 'NotchCore' from project 'NotchOrbitPlus')
    cd /Users/runner/work/orbit/orbit/NotchOrbitPlus
    

SwiftDriverJobDiscovery normal arm64 Compiling ZIPInspector.swift (in target 'OrbitCore' from project 'NotchOrbitPlus')

SwiftDriver\ Compilation OrbitCore normal arm64 com.apple.xcode.tools.swift.compiler (in target 'OrbitCore' from project 'NotchOrbitPlus')
    cd /Users/runner/work/orbit/orbit/NotchOrbitPlus
    builtin-Swift-Compilation -- /Applications/Xcode_26.6.app/Contents/Developer/Toolchains/XcodeDefault.xctoolchain/usr/bin/swiftc -module-name OrbitCore -O @/Users/runner/work/orbit/orbit/NotchOrbitPlus/build/DerivedData/Build/Intermediates.noindex/NotchOrbitPlus.build/Release/OrbitCore.build/Objects-normal/arm64/OrbitCore.SwiftFileList -enable-experimental-feature DebugDescriptionMacro -sdk /Applications/Xcode_26.6.app/Contents/Developer/Platforms/MacOSX.platform/Developer/SDKs/MacOSX26.5.sdk -target arm64-apple-macos14.0 -g -module-cache-path /Users/runner/work/orbit/orbit/NotchOrbitPlus/build/DerivedData/ModuleCache.noindex -Xfrontend -serialize-debugging-options -enable-testing -swift-version 6 -I /Users/runner/work/orbit/orbit/NotchOrbitPlus/build/DerivedData/Build/Products/Release -I /Users/runner/work/orbit/orbit/NotchOrbitPlus/build/DerivedData/Build/Products/Release -F /Users/runner/work/orbit/orbit/NotchOrbitPlus/build/DerivedData/Build/Products/Release -c -j3 -enable-batch-mode -incremental -Xcc -ivfsstatcache -Xcc /Users/runner/work/orbit/orbit/NotchOrbitPlus/build/DerivedData/SDKStatCaches.noindex/macosx26.5-25F70-688ef53f1462e2c8f657fdc38a81448fee0e6409aa6676c5e6c013d148225433.sdkstatcache -output-file-map /Users/runner/work/orbit/orbit/NotchOrbitPlus/build/DerivedData/Build/Intermediates.noindex/NotchOrbitPlus.build/Release/OrbitCore.build/Objects-normal/arm64/OrbitCore-OutputFileMap.json -use-frontend-parseable-output -save-temps -no-color-diagnostics -explicit-module-build -module-cache-path /Users/runner/work/orbit/orbit/NotchOrbitPlus/build/DerivedData/Build/Intermediates.noindex/SwiftExplicitPrecompiledModules -clang-scanner-module-cache-path /Users/runner/work/orbit/orbit/NotchOrbitPlus/build/DerivedData/ModuleCache.noindex -sdk-module-cache-path /Users/runner/work/orbit/orbit/NotchOrbitPlus/build/DerivedData/ModuleCache.noindex -serialize-diagnostics -emit-dependencies -emit-module -emit-module-path /Users/runner/work/orbit/orbit/NotchOrbitPlus/build/DerivedData/Build/Intermediates.noindex/NotchOrbitPlus.build/Release/OrbitCore.build/Objects-normal/arm64/OrbitCore.swiftmodule -validate-clang-modules-once -clang-build-session-file /Users/runner/work/orbit/orbit/NotchOrbitPlus/build/DerivedData/ModuleCache.noindex/Session.modulevalidation -Xcc -I/Users/runner/work/orbit/orbit/NotchOrbitPlus/build/DerivedData/Build/Intermediates.noindex/NotchOrbitPlus.build/Release/OrbitCore.build/swift-overrides.hmap -emit-const-values -Xfrontend -const-gather-protocols-file -Xfrontend /Users/runner/work/orbit/orbit/NotchOrbitPlus/build/DerivedData/Build/Intermediates.noindex/NotchOrbitPlus.build/Release/OrbitCore.build/Objects-normal/arm64/OrbitCore_const_extract_protocols.json -Xcc -iquote -Xcc /Users/runner/work/orbit/orbit/NotchOrbitPlus/build/DerivedData/Build/Intermediates.noindex/NotchOrbitPlus.build/Release/OrbitCore.build/OrbitCore-generated-files.hmap -Xcc -I/Users/runner/work/orbit/orbit/NotchOrbitPlus/build/DerivedData/Build/Intermediates.noindex/NotchOrbitPlus.build/Release/OrbitCore.build/OrbitCore-own-target-headers.hmap -Xcc -I/Users/runner/work/orbit/orbit/NotchOrbitPlus/build/DerivedData/Build/Intermediates.noindex/NotchOrbitPlus.build/Release/OrbitCore.build/OrbitCore-all-non-framework-target-headers.hmap -Xcc -ivfsoverlay -Xcc /Users/runner/work/orbit/orbit/NotchOrbitPlus/build/DerivedData/Build/Intermediates.noindex/NotchOrbitPlus.build/Release/NotchOrbitPlus-f72668d2e0dd56b95fac80a5a9a4b360-VFS/all-product-headers.yaml -Xcc -iquote -Xcc /Users/runner/work/orbit/orbit/NotchOrbitPlus/build/DerivedData/Build/Intermediates.noindex/NotchOrbitPlus.build/Release/OrbitCore.build/OrbitCore-project-headers.hmap -Xcc -I/Users/runner/work/orbit/orbit/NotchOrbitPlus/build/DerivedData/Build/Products/Release/include -Xcc -I/Users/runner/work/orbit/orbit/NotchOrbitPlus/build/DerivedData/Build/Intermediates.noindex/NotchOrbitPlus.build/Release/OrbitCore.build/DerivedSources-normal/arm64 -Xcc -I/Users/runner/work/orbit/orbit/NotchOrbitPlus/build/DerivedData/Build/Intermediates.noindex/NotchOrbitPlus.build/Release/OrbitCore.build/DerivedSources/arm64 -Xcc -I/Users/runner/work/orbit/orbit/NotchOrbitPlus/build/DerivedData/Build/Intermediates.noindex/NotchOrbitPlus.build/Release/OrbitCore.build/DerivedSources -emit-objc-header -emit-objc-header-path /Users/runner/work/orbit/orbit/NotchOrbitPlus/build/DerivedData/Build/Intermediates.noindex/NotchOrbitPlus.build/Release/OrbitCore.build/Objects-normal/arm64/OrbitCore-Swift.h -working-directory /Users/runner/work/orbit/orbit/NotchOrbitPlus -experimental-emit-module-separately -disable-cmo

SwiftDriverJobDiscovery normal x86_64 Compiling ActionResolver.swift, DropPayloadValidator.swift (in target 'OrbitCore' from project 'NotchOrbitPlus')

SwiftCompile normal x86_64 Compiling\ CommandActivities.swift,\ ContextRules.swift,\ CoreAppearancePreferences.swift,\ CoreAssistantFiles.swift,\ CoreCapture.swift,\ CoreClipboardTransform.swift,\ CoreColorPalette.swift,\ CoreDictation.swift,\ CoreGlobalSearch.swift,\ CoreLRCLyrics.swift,\ CoreLauncherPins.swift,\ CorePlugins.swift,\ CoreQR.swift,\ CoreSystemMedia.swift,\ CoreTranslation.swift,\ CoreUpdate.swift,\ CoreVerificationCode.swift /Users/runner/work/orbit/orbit/NotchOrbitPlus/Sources/NotchCore/CommandActivities.swift /Users/runner/work/orbit/orbit/NotchOrbitPlus/Sources/NotchCore/ContextRules.swift /Users/runner/work/orbit/orbit/NotchOrbitPlus/Sources/NotchCore/CoreAppearancePreferences.swift /Users/runner/work/orbit/orbit/NotchOrbitPlus/Sources/NotchCore/CoreAssistantFiles.swift /Users/runner/work/orbit/orbit/NotchOrbitPlus/Sources/NotchCore/CoreCapture.swift /Users/runner/work/orbit/orbit/NotchOrbitPlus/Sources/NotchCore/CoreClipboardTransform.swift /Users/runner/work/orbit/orbit/NotchOrbitPlus/Sources/NotchCore/CoreColorPalette.swift /Users/runner/work/orbit/orbit/NotchOrbitPlus/Sources/NotchCore/CoreDictation.swift /Users/runner/work/orbit/orbit/NotchOrbitPlus/Sources/NotchCore/CoreGlobalSearch.swift /Users/runner/work/orbit/orbit/NotchOrbitPlus/Sources/NotchCore/CoreLRCLyrics.swift /Users/runner/work/orbit/orbit/NotchOrbitPlus/Sources/NotchCore/CoreLauncherPins.swift /Users/runner/work/orbit/orbit/NotchOrbitPlus/Sources/NotchCore/CorePlugins.swift /Users/runner/work/orbit/orbit/NotchOrbitPlus/Sources/NotchCore/CoreQR.swift /Users/runner/work/orbit/orbit/NotchOrbitPlus/Sources/NotchCore/CoreSystemMedia.swift /Users/runner/work/orbit/orbit/NotchOrbitPlus/Sources/NotchCore/CoreTranslation.swift /Users/runner/work/orbit/orbit/NotchOrbitPlus/Sources/NotchCore/CoreUpdate.swift /Users/runner/work/orbit/orbit/NotchOrbitPlus/Sources/NotchCore/CoreVerificationCode.swift (in target 'NotchCore' from project 'NotchOrbitPlus')

SwiftCompile normal x86_64 /Users/runner/work/orbit/orbit/NotchOrbitPlus/Sources/NotchCore/CommandActivities.swift (in target 'NotchCore' from project 'NotchOrbitPlus')
    cd /Users/runner/work/orbit/orbit/NotchOrbitPlus
    

SwiftCompile normal x86_64 /Users/runner/work/orbit/orbit/NotchOrbitPlus/Sources/NotchCore/ContextRules.swift (in target 'NotchCore' from project 'NotchOrbitPlus')
    cd /Users/runner/work/orbit/orbit/NotchOrbitPlus
    

SwiftCompile normal x86_64 /Users/runner/work/orbit/orbit/NotchOrbitPlus/Sources/NotchCore/CoreAppearancePreferences.swift (in target 'NotchCore' from project 'NotchOrbitPlus')
    cd /Users/runner/work/orbit/orbit/NotchOrbitPlus
    

SwiftCompile normal x86_64 /Users/runner/work/orbit/orbit/NotchOrbitPlus/Sources/NotchCore/CoreAssistantFiles.swift (in target 'NotchCore' from project 'NotchOrbitPlus')
    cd /Users/runner/work/orbit/orbit/NotchOrbitPlus
    

SwiftCompile normal x86_64 /Users/runner/work/orbit/orbit/NotchOrbitPlus/Sources/NotchCore/CoreCapture.swift (in target 'NotchCore' from project 'NotchOrbitPlus')
    cd /Users/runner/work/orbit/orbit/NotchOrbitPlus
    

SwiftCompile normal x86_64 /Users/runner/work/orbit/orbit/NotchOrbitPlus/Sources/NotchCore/CoreClipboardTransform.swift (in target 'NotchCore' from project 'NotchOrbitPlus')
    cd /Users/runner/work/orbit/orbit/NotchOrbitPlus
    

SwiftCompile normal x86_64 /Users/runner/work/orbit/orbit/NotchOrbitPlus/Sources/NotchCore/CoreColorPalette.swift (in target 'NotchCore' from project 'NotchOrbitPlus')
    cd /Users/runner/work/orbit/orbit/NotchOrbitPlus
    

SwiftCompile normal x86_64 /Users/runner/work/orbit/orbit/NotchOrbitPlus/Sources/NotchCore/CoreDictation.swift (in target 'NotchCore' from project 'NotchOrbitPlus')
    cd /Users/runner/work/orbit/orbit/NotchOrbitPlus
    

SwiftCompile normal x86_64 /Users/runner/work/orbit/orbit/NotchOrbitPlus/Sources/NotchCore/CoreGlobalSearch.swift (in target 'NotchCore' from project 'NotchOrbitPlus')
    cd /Users/runner/work/orbit/orbit/NotchOrbitPlus
    

SwiftCompile normal x86_64 /Users/runner/work/orbit/orbit/NotchOrbitPlus/Sources/NotchCore/CoreLRCLyrics.swift (in target 'NotchCore' from project 'NotchOrbitPlus')
    cd /Users/runner/work/orbit/orbit/NotchOrbitPlus
    

SwiftCompile normal x86_64 /Users/runner/work/orbit/orbit/NotchOrbitPlus/Sources/NotchCore/CoreLauncherPins.swift (in target 'NotchCore' from project 'NotchOrbitPlus')
    cd /Users/runner/work/orbit/orbit/NotchOrbitPlus
    

SwiftCompile normal x86_64 /Users/runner/work/orbit/orbit/NotchOrbitPlus/Sources/NotchCore/CorePlugins.swift (in target 'NotchCore' from project 'NotchOrbitPlus')
    cd /Users/runner/work/orbit/orbit/NotchOrbitPlus
    

SwiftCompile normal x86_64 /Users/runner/work/orbit/orbit/NotchOrbitPlus/Sources/NotchCore/CoreQR.swift (in target 'NotchCore' from project 'NotchOrbitPlus')
    cd /Users/runner/work/orbit/orbit/NotchOrbitPlus
    

SwiftCompile normal x86_64 /Users/runner/work/orbit/orbit/NotchOrbitPlus/Sources/NotchCore/CoreSystemMedia.swift (in target 'NotchCore' from project 'NotchOrbitPlus')
    cd /Users/runner/work/orbit/orbit/NotchOrbitPlus
    

SwiftCompile normal x86_64 /Users/runner/work/orbit/orbit/NotchOrbitPlus/Sources/NotchCore/CoreTranslation.swift (in target 'NotchCore' from project 'NotchOrbitPlus')
    cd /Users/runner/work/orbit/orbit/NotchOrbitPlus
    

SwiftCompile normal x86_64 /Users/runner/work/orbit/orbit/NotchOrbitPlus/Sources/NotchCore/CoreUpdate.swift (in target 'NotchCore' from project 'NotchOrbitPlus')
    cd /Users/runner/work/orbit/orbit/NotchOrbitPlus
    

SwiftCompile normal x86_64 /Users/runner/work/orbit/orbit/NotchOrbitPlus/Sources/NotchCore/CoreVerificationCode.swift (in target 'NotchCore' from project 'NotchOrbitPlus')
    cd /Users/runner/work/orbit/orbit/NotchOrbitPlus
    

Libtool /Users/runner/work/orbit/orbit/NotchOrbitPlus/build/DerivedData/Build/Intermediates.noindex/NotchOrbitPlus.build/Release/OrbitCore.build/Objects-normal/arm64/Binary/libOrbitCore.a normal arm64 (in target 'OrbitCore' from project 'NotchOrbitPlus')
    cd /Users/runner/work/orbit/orbit/NotchOrbitPlus
    /Applications/Xcode_26.6.app/Contents/Developer/Toolchains/XcodeDefault.xctoolchain/usr/bin/libtool -static -arch_only arm64 -D -syslibroot /Applications/Xcode_26.6.app/Contents/Developer/Platforms/MacOSX.platform/Developer/SDKs/MacOSX26.5.sdk -L/Users/runner/work/orbit/orbit/NotchOrbitPlus/build/DerivedData/Build/Products/Release -filelist /Users/runner/work/orbit/orbit/NotchOrbitPlus/build/DerivedData/Build/Intermediates.noindex/NotchOrbitPlus.build/Release/OrbitCore.build/Objects-normal/arm64/OrbitCore.LinkFileList -dependency_info /Users/runner/work/orbit/orbit/NotchOrbitPlus/build/DerivedData/Build/Intermediates.noindex/NotchOrbitPlus.build/Release/OrbitCore.build/Objects-normal/arm64/OrbitCore_libtool_dependency_info.dat -o /Users/runner/work/orbit/orbit/NotchOrbitPlus/build/DerivedData/Build/Intermediates.noindex/NotchOrbitPlus.build/Release/OrbitCore.build/Objects-normal/arm64/Binary/libOrbitCore.a

SwiftDriverJobDiscovery normal x86_64 Compiling ZIPInspector.swift (in target 'OrbitCore' from project 'NotchOrbitPlus')

SwiftDriver\ Compilation OrbitCore normal x86_64 com.apple.xcode.tools.swift.compiler (in target 'OrbitCore' from project 'NotchOrbitPlus')
    cd /Users/runner/work/orbit/orbit/NotchOrbitPlus
    builtin-Swift-Compilation -- /Applications/Xcode_26.6.app/Contents/Developer/Toolchains/XcodeDefault.xctoolchain/usr/bin/swiftc -module-name OrbitCore -O @/Users/runner/work/orbit/orbit/NotchOrbitPlus/build/DerivedData/Build/Intermediates.noindex/NotchOrbitPlus.build/Release/OrbitCore.build/Objects-normal/x86_64/OrbitCore.SwiftFileList -enable-experimental-feature DebugDescriptionMacro -sdk /Applications/Xcode_26.6.app/Contents/Developer/Platforms/MacOSX.platform/Developer/SDKs/MacOSX26.5.sdk -target x86_64-apple-macos14.0 -g -module-cache-path /Users/runner/work/orbit/orbit/NotchOrbitPlus/build/DerivedData/ModuleCache.noindex -Xfrontend -serialize-debugging-options -enable-testing -swift-version 6 -I /Users/runner/work/orbit/orbit/NotchOrbitPlus/build/DerivedData/Build/Products/Release -I /Users/runner/work/orbit/orbit/NotchOrbitPlus/build/DerivedData/Build/Products/Release -F /Users/runner/work/orbit/orbit/NotchOrbitPlus/build/DerivedData/Build/Products/Release -c -j3 -enable-batch-mode -incremental -Xcc -ivfsstatcache -Xcc /Users/runner/work/orbit/orbit/NotchOrbitPlus/build/DerivedData/SDKStatCaches.noindex/macosx26.5-25F70-688ef53f1462e2c8f657fdc38a81448fee0e6409aa6676c5e6c013d148225433.sdkstatcache -output-file-map /Users/runner/work/orbit/orbit/NotchOrbitPlus/build/DerivedData/Build/Intermediates.noindex/NotchOrbitPlus.build/Release/OrbitCore.build/Objects-normal/x86_64/OrbitCore-OutputFileMap.json -use-frontend-parseable-output -save-temps -no-color-diagnostics -explicit-module-build -module-cache-path /Users/runner/work/orbit/orbit/NotchOrbitPlus/build/DerivedData/Build/Intermediates.noindex/SwiftExplicitPrecompiledModules -clang-scanner-module-cache-path /Users/runner/work/orbit/orbit/NotchOrbitPlus/build/DerivedData/ModuleCache.noindex -sdk-module-cache-path /Users/runner/work/orbit/orbit/NotchOrbitPlus/build/DerivedData/ModuleCache.noindex -serialize-diagnostics -emit-dependencies -emit-module -emit-module-path /Users/runner/work/orbit/orbit/NotchOrbitPlus/build/DerivedData/Build/Intermediates.noindex/NotchOrbitPlus.build/Release/OrbitCore.build/Objects-normal/x86_64/OrbitCore.swiftmodule -validate-clang-modules-once -clang-build-session-file /Users/runner/work/orbit/orbit/NotchOrbitPlus/build/DerivedData/ModuleCache.noindex/Session.modulevalidation -Xcc -I/Users/runner/work/orbit/orbit/NotchOrbitPlus/build/DerivedData/Build/Intermediates.noindex/NotchOrbitPlus.build/Release/OrbitCore.build/swift-overrides.hmap -emit-const-values -Xfrontend -const-gather-protocols-file -Xfrontend /Users/runner/work/orbit/orbit/NotchOrbitPlus/build/DerivedData/Build/Intermediates.noindex/NotchOrbitPlus.build/Release/OrbitCore.build/Objects-normal/x86_64/OrbitCore_const_extract_protocols.json -Xcc -iquote -Xcc /Users/runner/work/orbit/orbit/NotchOrbitPlus/build/DerivedData/Build/Intermediates.noindex/NotchOrbitPlus.build/Release/OrbitCore.build/OrbitCore-generated-files.hmap -Xcc -I/Users/runner/work/orbit/orbit/NotchOrbitPlus/build/DerivedData/Build/Intermediates.noindex/NotchOrbitPlus.build/Release/OrbitCore.build/OrbitCore-own-target-headers.hmap -Xcc -I/Users/runner/work/orbit/orbit/NotchOrbitPlus/build/DerivedData/Build/Intermediates.noindex/NotchOrbitPlus.build/Release/OrbitCore.build/OrbitCore-all-non-framework-target-headers.hmap -Xcc -ivfsoverlay -Xcc /Users/runner/work/orbit/orbit/NotchOrbitPlus/build/DerivedData/Build/Intermediates.noindex/NotchOrbitPlus.build/Release/NotchOrbitPlus-f72668d2e0dd56b95fac80a5a9a4b360-VFS/all-product-headers.yaml -Xcc -iquote -Xcc /Users/runner/work/orbit/orbit/NotchOrbitPlus/build/DerivedData/Build/Intermediates.noindex/NotchOrbitPlus.build/Release/OrbitCore.build/OrbitCore-project-headers.hmap -Xcc -I/Users/runner/work/orbit/orbit/NotchOrbitPlus/build/DerivedData/Build/Products/Release/include -Xcc -I/Users/runner/work/orbit/orbit/NotchOrbitPlus/build/DerivedData/Build/Intermediates.noindex/NotchOrbitPlus.build/Release/OrbitCore.build/DerivedSources-normal/x86_64 -Xcc -I/Users/runner/work/orbit/orbit/NotchOrbitPlus/build/DerivedData/Build/Intermediates.noindex/NotchOrbitPlus.build/Release/OrbitCore.build/DerivedSources/x86_64 -Xcc -I/Users/runner/work/orbit/orbit/NotchOrbitPlus/build/DerivedData/Build/Intermediates.noindex/NotchOrbitPlus.build/Release/OrbitCore.build/DerivedSources -emit-objc-header -emit-objc-header-path /Users/runner/work/orbit/orbit/NotchOrbitPlus/build/DerivedData/Build/Intermediates.noindex/NotchOrbitPlus.build/Release/OrbitCore.build/Objects-normal/x86_64/OrbitCore-Swift.h -working-directory /Users/runner/work/orbit/orbit/NotchOrbitPlus -experimental-emit-module-separately -disable-cmo

Libtool /Users/runner/work/orbit/orbit/NotchOrbitPlus/build/DerivedData/Build/Intermediates.noindex/NotchOrbitPlus.build/Release/OrbitCore.build/Objects-normal/x86_64/Binary/libOrbitCore.a normal x86_64 (in target 'OrbitCore' from project 'NotchOrbitPlus')
    cd /Users/runner/work/orbit/orbit/NotchOrbitPlus
    /Applications/Xcode_26.6.app/Contents/Developer/Toolchains/XcodeDefault.xctoolchain/usr/bin/libtool -static -arch_only x86_64 -D -syslibroot /Applications/Xcode_26.6.app/Contents/Developer/Platforms/MacOSX.platform/Developer/SDKs/MacOSX26.5.sdk -L/Users/runner/work/orbit/orbit/NotchOrbitPlus/build/DerivedData/Build/Products/Release -filelist /Users/runner/work/orbit/orbit/NotchOrbitPlus/build/DerivedData/Build/Intermediates.noindex/NotchOrbitPlus.build/Release/OrbitCore.build/Objects-normal/x86_64/OrbitCore.LinkFileList -dependency_info /Users/runner/work/orbit/orbit/NotchOrbitPlus/build/DerivedData/Build/Intermediates.noindex/NotchOrbitPlus.build/Release/OrbitCore.build/Objects-normal/x86_64/OrbitCore_libtool_dependency_info.dat -o /Users/runner/work/orbit/orbit/NotchOrbitPlus/build/DerivedData/Build/Intermediates.noindex/NotchOrbitPlus.build/Release/OrbitCore.build/Objects-normal/x86_64/Binary/libOrbitCore.a

CreateUniversalBinary /Users/runner/work/orbit/orbit/NotchOrbitPlus/build/DerivedData/Build/Products/Release/libOrbitCore.a normal arm64\ x86_64 (in target 'OrbitCore' from project 'NotchOrbitPlus')
    cd /Users/runner/work/orbit/orbit/NotchOrbitPlus
    /Applications/Xcode_26.6.app/Contents/Developer/Toolchains/XcodeDefault.xctoolchain/usr/bin/lipo -create /Users/runner/work/orbit/orbit/NotchOrbitPlus/build/DerivedData/Build/Intermediates.noindex/NotchOrbitPlus.build/Release/OrbitCore.build/Objects-normal/arm64/Binary/libOrbitCore.a /Users/runner/work/orbit/orbit/NotchOrbitPlus/build/DerivedData/Build/Intermediates.noindex/NotchOrbitPlus.build/Release/OrbitCore.build/Objects-normal/x86_64/Binary/libOrbitCore.a -output /Users/runner/work/orbit/orbit/NotchOrbitPlus/build/DerivedData/Build/Products/Release/libOrbitCore.a

SwiftCompile normal arm64 Compiling\ OrbitSystemDeltas.swift,\ PlusIntentValidation.swift,\ PlusTool.swift,\ ProviderSportsData.swift,\ ProviderTrackingData.swift,\ ProviderTravelData.swift,\ ShelfAutomation.swift,\ ShelfLibraryMetadata.swift,\ SnippetLibrary.swift,\ SyncModels.swift,\ SyncPortableLibrary.swift,\ SystemControlsModels.swift,\ SystemDeviceModels.swift,\ WeatherForecastNotices.swift,\ WorkflowPreset.swift,\ WorldClockConversion.swift /Users/runner/work/orbit/orbit/NotchOrbitPlus/Sources/NotchCore/OrbitSystemDeltas.swift /Users/runner/work/orbit/orbit/NotchOrbitPlus/Sources/NotchCore/PlusIntentValidation.swift /Users/runner/work/orbit/orbit/NotchOrbitPlus/Sources/NotchCore/PlusTool.swift /Users/runner/work/orbit/orbit/NotchOrbitPlus/Sources/NotchCore/ProviderSportsData.swift /Users/runner/work/orbit/orbit/NotchOrbitPlus/Sources/NotchCore/ProviderTrackingData.swift /Users/runner/work/orbit/orbit/NotchOrbitPlus/Sources/NotchCore/ProviderTravelData.swift /Users/runner/work/orbit/orbit/NotchOrbitPlus/Sources/NotchCore/ShelfAutomation.swift /Users/runner/work/orbit/orbit/NotchOrbitPlus/Sources/NotchCore/ShelfLibraryMetadata.swift /Users/runner/work/orbit/orbit/NotchOrbitPlus/Sources/NotchCore/SnippetLibrary.swift /Users/runner/work/orbit/orbit/NotchOrbitPlus/Sources/NotchCore/SyncModels.swift /Users/runner/work/orbit/orbit/NotchOrbitPlus/Sources/NotchCore/SyncPortableLibrary.swift /Users/runner/work/orbit/orbit/NotchOrbitPlus/Sources/NotchCore/SystemControlsModels.swift /Users/runner/work/orbit/orbit/NotchOrbitPlus/Sources/NotchCore/SystemDeviceModels.swift /Users/runner/work/orbit/orbit/NotchOrbitPlus/Sources/NotchCore/WeatherForecastNotices.swift /Users/runner/work/orbit/orbit/NotchOrbitPlus/Sources/NotchCore/WorkflowPreset.swift /Users/runner/work/orbit/orbit/NotchOrbitPlus/Sources/NotchCore/WorldClockConversion.swift (in target 'NotchCore' from project 'NotchOrbitPlus')
SwiftCompile normal arm64 /Users/runner/work/orbit/orbit/NotchOrbitPlus/Sources/NotchCore/OrbitSystemDeltas.swift (in target 'NotchCore' from project 'NotchOrbitPlus')
    cd /Users/runner/work/orbit/orbit/NotchOrbitPlus
    

SwiftCompile normal arm64 /Users/runner/work/orbit/orbit/NotchOrbitPlus/Sources/NotchCore/PlusIntentValidation.swift (in target 'NotchCore' from project 'NotchOrbitPlus')
    cd /Users/runner/work/orbit/orbit/NotchOrbitPlus
    

SwiftCompile normal arm64 /Users/runner/work/orbit/orbit/NotchOrbitPlus/Sources/NotchCore/PlusTool.swift (in target 'NotchCore' from project 'NotchOrbitPlus')
    cd /Users/runner/work/orbit/orbit/NotchOrbitPlus
    

SwiftCompile normal arm64 /Users/runner/work/orbit/orbit/NotchOrbitPlus/Sources/NotchCore/ProviderSportsData.swift (in target 'NotchCore' from project 'NotchOrbitPlus')
    cd /Users/runner/work/orbit/orbit/NotchOrbitPlus
    

SwiftCompile normal arm64 /Users/runner/work/orbit/orbit/NotchOrbitPlus/Sources/NotchCore/ProviderTrackingData.swift (in target 'NotchCore' from project 'NotchOrbitPlus')
    cd /Users/runner/work/orbit/orbit/NotchOrbitPlus
    

SwiftCompile normal arm64 /Users/runner/work/orbit/orbit/NotchOrbitPlus/Sources/NotchCore/ProviderTravelData.swift (in target 'NotchCore' from project 'NotchOrbitPlus')
    cd /Users/runner/work/orbit/orbit/NotchOrbitPlus
    

SwiftCompile normal arm64 /Users/runner/work/orbit/orbit/NotchOrbitPlus/Sources/NotchCore/ShelfAutomation.swift (in target 'NotchCore' from project 'NotchOrbitPlus')
    cd /Users/runner/work/orbit/orbit/NotchOrbitPlus
    

SwiftCompile normal arm64 /Users/runner/work/orbit/orbit/NotchOrbitPlus/Sources/NotchCore/ShelfLibraryMetadata.swift (in target 'NotchCore' from project 'NotchOrbitPlus')
    cd /Users/runner/work/orbit/orbit/NotchOrbitPlus
    

SwiftCompile normal arm64 /Users/runner/work/orbit/orbit/NotchOrbitPlus/Sources/NotchCore/SnippetLibrary.swift (in target 'NotchCore' from project 'NotchOrbitPlus')
    cd /Users/runner/work/orbit/orbit/NotchOrbitPlus
    

SwiftCompile normal arm64 /Users/runner/work/orbit/orbit/NotchOrbitPlus/Sources/NotchCore/SyncModels.swift (in target 'NotchCore' from project 'NotchOrbitPlus')
    cd /Users/runner/work/orbit/orbit/NotchOrbitPlus
    

SwiftCompile normal arm64 /Users/runner/work/orbit/orbit/NotchOrbitPlus/Sources/NotchCore/SyncPortableLibrary.swift (in target 'NotchCore' from project 'NotchOrbitPlus')
    cd /Users/runner/work/orbit/orbit/NotchOrbitPlus
    

SwiftCompile normal arm64 /Users/runner/work/orbit/orbit/NotchOrbitPlus/Sources/NotchCore/SystemControlsModels.swift (in target 'NotchCore' from project 'NotchOrbitPlus')
    cd /Users/runner/work/orbit/orbit/NotchOrbitPlus
    

SwiftCompile normal arm64 /Users/runner/work/orbit/orbit/NotchOrbitPlus/Sources/NotchCore/SystemDeviceModels.swift (in target 'NotchCore' from project 'NotchOrbitPlus')
    cd /Users/runner/work/orbit/orbit/NotchOrbitPlus
    

SwiftCompile normal arm64 /Users/runner/work/orbit/orbit/NotchOrbitPlus/Sources/NotchCore/WeatherForecastNotices.swift (in target 'NotchCore' from project 'NotchOrbitPlus')
    cd /Users/runner/work/orbit/orbit/NotchOrbitPlus
    

SwiftCompile normal arm64 /Users/runner/work/orbit/orbit/NotchOrbitPlus/Sources/NotchCore/WorkflowPreset.swift (in target 'NotchCore' from project 'NotchOrbitPlus')
    cd /Users/runner/work/orbit/orbit/NotchOrbitPlus
    

SwiftCompile normal arm64 /Users/runner/work/orbit/orbit/NotchOrbitPlus/Sources/NotchCore/WorldClockConversion.swift (in target 'NotchCore' from project 'NotchOrbitPlus')
    cd /Users/runner/work/orbit/orbit/NotchOrbitPlus
    

SwiftCompile normal arm64 Compiling\ CurrencyConversion.swift,\ DashboardBehavior.swift,\ DownloadActivities.swift,\ FocusAppPolicy.swift,\ FocusHistory.swift,\ FocusTimer.swift,\ GithubActionsData.swift,\ HabitLibrary.swift,\ LiveNotchStatus.swift,\ MeetingPlanner.swift,\ NotchActivation.swift,\ NotchGeometry.swift,\ OnlineCodexQuota.swift,\ OnlineFXRates.swift,\ OnlineServiceData.swift,\ OnlineWeatherStocks.swift,\ OrbitNativeParsers.swift /Users/runner/work/orbit/orbit/NotchOrbitPlus/Sources/NotchCore/CurrencyConversion.swift /Users/runner/work/orbit/orbit/NotchOrbitPlus/Sources/NotchCore/DashboardBehavior.swift /Users/runner/work/orbit/orbit/NotchOrbitPlus/Sources/NotchCore/DownloadActivities.swift /Users/runner/work/orbit/orbit/NotchOrbitPlus/Sources/NotchCore/FocusAppPolicy.swift /Users/runner/work/orbit/orbit/NotchOrbitPlus/Sources/NotchCore/FocusHistory.swift /Users/runner/work/orbit/orbit/NotchOrbitPlus/Sources/NotchCore/FocusTimer.swift /Users/runner/work/orbit/orbit/NotchOrbitPlus/Sources/NotchCore/GithubActionsData.swift /Users/runner/work/orbit/orbit/NotchOrbitPlus/Sources/NotchCore/HabitLibrary.swift /Users/runner/work/orbit/orbit/NotchOrbitPlus/Sources/NotchCore/LiveNotchStatus.swift /Users/runner/work/orbit/orbit/NotchOrbitPlus/Sources/NotchCore/MeetingPlanner.swift /Users/runner/work/orbit/orbit/NotchOrbitPlus/Sources/NotchCore/NotchActivation.swift /Users/runner/work/orbit/orbit/NotchOrbitPlus/Sources/NotchCore/NotchGeometry.swift /Users/runner/work/orbit/orbit/NotchOrbitPlus/Sources/NotchCore/OnlineCodexQuota.swift /Users/runner/work/orbit/orbit/NotchOrbitPlus/Sources/NotchCore/OnlineFXRates.swift /Users/runner/work/orbit/orbit/NotchOrbitPlus/Sources/NotchCore/OnlineServiceData.swift /Users/runner/work/orbit/orbit/NotchOrbitPlus/Sources/NotchCore/OnlineWeatherStocks.swift /Users/runner/work/orbit/orbit/NotchOrbitPlus/Sources/NotchCore/OrbitNativeParsers.swift (in target 'NotchCore' from project 'NotchOrbitPlus')
SwiftCompile normal arm64 /Users/runner/work/orbit/orbit/NotchOrbitPlus/Sources/NotchCore/CurrencyConversion.swift (in target 'NotchCore' from project 'NotchOrbitPlus')
    cd /Users/runner/work/orbit/orbit/NotchOrbitPlus
    

SwiftCompile normal arm64 /Users/runner/work/orbit/orbit/NotchOrbitPlus/Sources/NotchCore/DashboardBehavior.swift (in target 'NotchCore' from project 'NotchOrbitPlus')
    cd /Users/runner/work/orbit/orbit/NotchOrbitPlus
    

SwiftCompile normal arm64 /Users/runner/work/orbit/orbit/NotchOrbitPlus/Sources/NotchCore/DownloadActivities.swift (in target 'NotchCore' from project 'NotchOrbitPlus')
    cd /Users/runner/work/orbit/orbit/NotchOrbitPlus
    

SwiftCompile normal arm64 /Users/runner/work/orbit/orbit/NotchOrbitPlus/Sources/NotchCore/FocusAppPolicy.swift (in target 'NotchCore' from project 'NotchOrbitPlus')
    cd /Users/runner/work/orbit/orbit/NotchOrbitPlus
    

SwiftCompile normal arm64 /Users/runner/work/orbit/orbit/NotchOrbitPlus/Sources/NotchCore/FocusHistory.swift (in target 'NotchCore' from project 'NotchOrbitPlus')
    cd /Users/runner/work/orbit/orbit/NotchOrbitPlus
    

SwiftCompile normal arm64 /Users/runner/work/orbit/orbit/NotchOrbitPlus/Sources/NotchCore/FocusTimer.swift (in target 'NotchCore' from project 'NotchOrbitPlus')
    cd /Users/runner/work/orbit/orbit/NotchOrbitPlus
    

SwiftCompile normal arm64 /Users/runner/work/orbit/orbit/NotchOrbitPlus/Sources/NotchCore/GithubActionsData.swift (in target 'NotchCore' from project 'NotchOrbitPlus')
    cd /Users/runner/work/orbit/orbit/NotchOrbitPlus
    

SwiftCompile normal arm64 /Users/runner/work/orbit/orbit/NotchOrbitPlus/Sources/NotchCore/HabitLibrary.swift (in target 'NotchCore' from project 'NotchOrbitPlus')
    cd /Users/runner/work/orbit/orbit/NotchOrbitPlus
    

SwiftCompile normal arm64 /Users/runner/work/orbit/orbit/NotchOrbitPlus/Sources/NotchCore/LiveNotchStatus.swift (in target 'NotchCore' from project 'NotchOrbitPlus')
    cd /Users/runner/work/orbit/orbit/NotchOrbitPlus
    

SwiftCompile normal arm64 /Users/runner/work/orbit/orbit/NotchOrbitPlus/Sources/NotchCore/MeetingPlanner.swift (in target 'NotchCore' from project 'NotchOrbitPlus')
    cd /Users/runner/work/orbit/orbit/NotchOrbitPlus
    

SwiftCompile normal arm64 /Users/runner/work/orbit/orbit/NotchOrbitPlus/Sources/NotchCore/NotchActivation.swift (in target 'NotchCore' from project 'NotchOrbitPlus')
    cd /Users/runner/work/orbit/orbit/NotchOrbitPlus
    

SwiftCompile normal arm64 /Users/runner/work/orbit/orbit/NotchOrbitPlus/Sources/NotchCore/NotchGeometry.swift (in target 'NotchCore' from project 'NotchOrbitPlus')
    cd /Users/runner/work/orbit/orbit/NotchOrbitPlus
    

SwiftCompile normal arm64 /Users/runner/work/orbit/orbit/NotchOrbitPlus/Sources/NotchCore/OnlineCodexQuota.swift (in target 'NotchCore' from project 'NotchOrbitPlus')
    cd /Users/runner/work/orbit/orbit/NotchOrbitPlus
    

SwiftCompile normal arm64 /Users/runner/work/orbit/orbit/NotchOrbitPlus/Sources/NotchCore/OnlineFXRates.swift (in target 'NotchCore' from project 'NotchOrbitPlus')
    cd /Users/runner/work/orbit/orbit/NotchOrbitPlus
    

SwiftCompile normal arm64 /Users/runner/work/orbit/orbit/NotchOrbitPlus/Sources/NotchCore/OnlineServiceData.swift (in target 'NotchCore' from project 'NotchOrbitPlus')
    cd /Users/runner/work/orbit/orbit/NotchOrbitPlus
    

SwiftCompile normal arm64 /Users/runner/work/orbit/orbit/NotchOrbitPlus/Sources/NotchCore/OnlineWeatherStocks.swift (in target 'NotchCore' from project 'NotchOrbitPlus')
    cd /Users/runner/work/orbit/orbit/NotchOrbitPlus
    

SwiftCompile normal arm64 /Users/runner/work/orbit/orbit/NotchOrbitPlus/Sources/NotchCore/OrbitNativeParsers.swift (in target 'NotchCore' from project 'NotchOrbitPlus')
    cd /Users/runner/work/orbit/orbit/NotchOrbitPlus
    

SwiftDriverJobDiscovery normal x86_64 Compiling CommandActivities.swift, ContextRules.swift, CoreAppearancePreferences.swift, CoreAssistantFiles.swift, CoreCapture.swift, CoreClipboardTransform.swift, CoreColorPalette.swift, CoreDictation.swift, CoreGlobalSearch.swift, CoreLRCLyrics.swift, CoreLauncherPins.swift, CorePlugins.swift, CoreQR.swift, CoreSystemMedia.swift, CoreTranslation.swift, CoreUpdate.swift, CoreVerificationCode.swift (in target 'NotchCore' from project 'NotchOrbitPlus')

SwiftCompile normal arm64 Compiling\ CommandActivities.swift,\ ContextRules.swift,\ CoreAppearancePreferences.swift,\ CoreAssistantFiles.swift,\ CoreCapture.swift,\ CoreClipboardTransform.swift,\ CoreColorPalette.swift,\ CoreDictation.swift,\ CoreGlobalSearch.swift,\ CoreLRCLyrics.swift,\ CoreLauncherPins.swift,\ CorePlugins.swift,\ CoreQR.swift,\ CoreSystemMedia.swift,\ CoreTranslation.swift,\ CoreUpdate.swift,\ CoreVerificationCode.swift /Users/runner/work/orbit/orbit/NotchOrbitPlus/Sources/NotchCore/CommandActivities.swift /Users/runner/work/orbit/orbit/NotchOrbitPlus/Sources/NotchCore/ContextRules.swift /Users/runner/work/orbit/orbit/NotchOrbitPlus/Sources/NotchCore/CoreAppearancePreferences.swift /Users/runner/work/orbit/orbit/NotchOrbitPlus/Sources/NotchCore/CoreAssistantFiles.swift /Users/runner/work/orbit/orbit/NotchOrbitPlus/Sources/NotchCore/CoreCapture.swift /Users/runner/work/orbit/orbit/NotchOrbitPlus/Sources/NotchCore/CoreClipboardTransform.swift /Users/runner/work/orbit/orbit/NotchOrbitPlus/Sources/NotchCore/CoreColorPalette.swift /Users/runner/work/orbit/orbit/NotchOrbitPlus/Sources/NotchCore/CoreDictation.swift /Users/runner/work/orbit/orbit/NotchOrbitPlus/Sources/NotchCore/CoreGlobalSearch.swift /Users/runner/work/orbit/orbit/NotchOrbitPlus/Sources/NotchCore/CoreLRCLyrics.swift /Users/runner/work/orbit/orbit/NotchOrbitPlus/Sources/NotchCore/CoreLauncherPins.swift /Users/runner/work/orbit/orbit/NotchOrbitPlus/Sources/NotchCore/CorePlugins.swift /Users/runner/work/orbit/orbit/NotchOrbitPlus/Sources/NotchCore/CoreQR.swift /Users/runner/work/orbit/orbit/NotchOrbitPlus/Sources/NotchCore/CoreSystemMedia.swift /Users/runner/work/orbit/orbit/NotchOrbitPlus/Sources/NotchCore/CoreTranslation.swift /Users/runner/work/orbit/orbit/NotchOrbitPlus/Sources/NotchCore/CoreUpdate.swift /Users/runner/work/orbit/orbit/NotchOrbitPlus/Sources/NotchCore/CoreVerificationCode.swift (in target 'NotchCore' from project 'NotchOrbitPlus')
SwiftCompile normal arm64 /Users/runner/work/orbit/orbit/NotchOrbitPlus/Sources/NotchCore/CommandActivities.swift (in target 'NotchCore' from project 'NotchOrbitPlus')
    cd /Users/runner/work/orbit/orbit/NotchOrbitPlus
    

SwiftCompile normal arm64 /Users/runner/work/orbit/orbit/NotchOrbitPlus/Sources/NotchCore/ContextRules.swift (in target 'NotchCore' from project 'NotchOrbitPlus')
    cd /Users/runner/work/orbit/orbit/NotchOrbitPlus
    

SwiftCompile normal arm64 /Users/runner/work/orbit/orbit/NotchOrbitPlus/Sources/NotchCore/CoreAppearancePreferences.swift (in target 'NotchCore' from project 'NotchOrbitPlus')
    cd /Users/runner/work/orbit/orbit/NotchOrbitPlus
    

SwiftCompile normal arm64 /Users/runner/work/orbit/orbit/NotchOrbitPlus/Sources/NotchCore/CoreAssistantFiles.swift (in target 'NotchCore' from project 'NotchOrbitPlus')
    cd /Users/runner/work/orbit/orbit/NotchOrbitPlus
    

SwiftCompile normal arm64 /Users/runner/work/orbit/orbit/NotchOrbitPlus/Sources/NotchCore/CoreCapture.swift (in target 'NotchCore' from project 'NotchOrbitPlus')
    cd /Users/runner/work/orbit/orbit/NotchOrbitPlus
    

SwiftCompile normal arm64 /Users/runner/work/orbit/orbit/NotchOrbitPlus/Sources/NotchCore/CoreClipboardTransform.swift (in target 'NotchCore' from project 'NotchOrbitPlus')
    cd /Users/runner/work/orbit/orbit/NotchOrbitPlus
    

SwiftCompile normal arm64 /Users/runner/work/orbit/orbit/NotchOrbitPlus/Sources/NotchCore/CoreColorPalette.swift (in target 'NotchCore' from project 'NotchOrbitPlus')
    cd /Users/runner/work/orbit/orbit/NotchOrbitPlus
    

SwiftCompile normal arm64 /Users/runner/work/orbit/orbit/NotchOrbitPlus/Sources/NotchCore/CoreDictation.swift (in target 'NotchCore' from project 'NotchOrbitPlus')
    cd /Users/runner/work/orbit/orbit/NotchOrbitPlus
    

SwiftCompile normal arm64 /Users/runner/work/orbit/orbit/NotchOrbitPlus/Sources/NotchCore/CoreGlobalSearch.swift (in target 'NotchCore' from project 'NotchOrbitPlus')
    cd /Users/runner/work/orbit/orbit/NotchOrbitPlus
    

SwiftCompile normal arm64 /Users/runner/work/orbit/orbit/NotchOrbitPlus/Sources/NotchCore/CoreLRCLyrics.swift (in target 'NotchCore' from project 'NotchOrbitPlus')
    cd /Users/runner/work/orbit/orbit/NotchOrbitPlus
    

SwiftCompile normal arm64 /Users/runner/work/orbit/orbit/NotchOrbitPlus/Sources/NotchCore/CoreLauncherPins.swift (in target 'NotchCore' from project 'NotchOrbitPlus')
    cd /Users/runner/work/orbit/orbit/NotchOrbitPlus
    

SwiftCompile normal arm64 /Users/runner/work/orbit/orbit/NotchOrbitPlus/Sources/NotchCore/CorePlugins.swift (in target 'NotchCore' from project 'NotchOrbitPlus')
    cd /Users/runner/work/orbit/orbit/NotchOrbitPlus
    

SwiftCompile normal arm64 /Users/runner/work/orbit/orbit/NotchOrbitPlus/Sources/NotchCore/CoreQR.swift (in target 'NotchCore' from project 'NotchOrbitPlus')
    cd /Users/runner/work/orbit/orbit/NotchOrbitPlus
    

SwiftCompile normal arm64 /Users/runner/work/orbit/orbit/NotchOrbitPlus/Sources/NotchCore/CoreSystemMedia.swift (in target 'NotchCore' from project 'NotchOrbitPlus')
    cd /Users/runner/work/orbit/orbit/NotchOrbitPlus
    

SwiftCompile normal arm64 /Users/runner/work/orbit/orbit/NotchOrbitPlus/Sources/NotchCore/CoreTranslation.swift (in target 'NotchCore' from project 'NotchOrbitPlus')
    cd /Users/runner/work/orbit/orbit/NotchOrbitPlus
    

SwiftCompile normal arm64 /Users/runner/work/orbit/orbit/NotchOrbitPlus/Sources/NotchCore/CoreUpdate.swift (in target 'NotchCore' from project 'NotchOrbitPlus')
    cd /Users/runner/work/orbit/orbit/NotchOrbitPlus
    

SwiftCompile normal arm64 /Users/runner/work/orbit/orbit/NotchOrbitPlus/Sources/NotchCore/CoreVerificationCode.swift (in target 'NotchCore' from project 'NotchOrbitPlus')
    cd /Users/runner/work/orbit/orbit/NotchOrbitPlus
    

SwiftDriverJobDiscovery normal x86_64 Compiling OrbitSystemDeltas.swift, PlusIntentValidation.swift, PlusTool.swift, ProviderSportsData.swift, ProviderTrackingData.swift, ProviderTravelData.swift, ShelfAutomation.swift, ShelfLibraryMetadata.swift, SnippetLibrary.swift, SyncModels.swift, SyncPortableLibrary.swift, SystemControlsModels.swift, SystemDeviceModels.swift, WeatherForecastNotices.swift, WorkflowPreset.swift, WorldClockConversion.swift (in target 'NotchCore' from project 'NotchOrbitPlus')

SwiftCompile normal x86_64 Compiling\ CurrencyConversion.swift,\ DashboardBehavior.swift,\ DownloadActivities.swift,\ FocusAppPolicy.swift,\ FocusHistory.swift,\ FocusTimer.swift,\ GithubActionsData.swift,\ HabitLibrary.swift,\ LiveNotchStatus.swift,\ MeetingPlanner.swift,\ NotchActivation.swift,\ NotchGeometry.swift,\ OnlineCodexQuota.swift,\ OnlineFXRates.swift,\ OnlineServiceData.swift,\ OnlineWeatherStocks.swift,\ OrbitNativeParsers.swift /Users/runner/work/orbit/orbit/NotchOrbitPlus/Sources/NotchCore/CurrencyConversion.swift /Users/runner/work/orbit/orbit/NotchOrbitPlus/Sources/NotchCore/DashboardBehavior.swift /Users/runner/work/orbit/orbit/NotchOrbitPlus/Sources/NotchCore/DownloadActivities.swift /Users/runner/work/orbit/orbit/NotchOrbitPlus/Sources/NotchCore/FocusAppPolicy.swift /Users/runner/work/orbit/orbit/NotchOrbitPlus/Sources/NotchCore/FocusHistory.swift /Users/runner/work/orbit/orbit/NotchOrbitPlus/Sources/NotchCore/FocusTimer.swift /Users/runner/work/orbit/orbit/NotchOrbitPlus/Sources/NotchCore/GithubActionsData.swift /Users/runner/work/orbit/orbit/NotchOrbitPlus/Sources/NotchCore/HabitLibrary.swift /Users/runner/work/orbit/orbit/NotchOrbitPlus/Sources/NotchCore/LiveNotchStatus.swift /Users/runner/work/orbit/orbit/NotchOrbitPlus/Sources/NotchCore/MeetingPlanner.swift /Users/runner/work/orbit/orbit/NotchOrbitPlus/Sources/NotchCore/NotchActivation.swift /Users/runner/work/orbit/orbit/NotchOrbitPlus/Sources/NotchCore/NotchGeometry.swift /Users/runner/work/orbit/orbit/NotchOrbitPlus/Sources/NotchCore/OnlineCodexQuota.swift /Users/runner/work/orbit/orbit/NotchOrbitPlus/Sources/NotchCore/OnlineFXRates.swift /Users/runner/work/orbit/orbit/NotchOrbitPlus/Sources/NotchCore/OnlineServiceData.swift /Users/runner/work/orbit/orbit/NotchOrbitPlus/Sources/NotchCore/OnlineWeatherStocks.swift /Users/runner/work/orbit/orbit/NotchOrbitPlus/Sources/NotchCore/OrbitNativeParsers.swift (in target 'NotchCore' from project 'NotchOrbitPlus')
SwiftCompile normal x86_64 /Users/runner/work/orbit/orbit/NotchOrbitPlus/Sources/NotchCore/CurrencyConversion.swift (in target 'NotchCore' from project 'NotchOrbitPlus')
    cd /Users/runner/work/orbit/orbit/NotchOrbitPlus
    

SwiftCompile normal x86_64 /Users/runner/work/orbit/orbit/NotchOrbitPlus/Sources/NotchCore/DashboardBehavior.swift (in target 'NotchCore' from project 'NotchOrbitPlus')
    cd /Users/runner/work/orbit/orbit/NotchOrbitPlus
    

SwiftCompile normal x86_64 /Users/runner/work/orbit/orbit/NotchOrbitPlus/Sources/NotchCore/DownloadActivities.swift (in target 'NotchCore' from project 'NotchOrbitPlus')
    cd /Users/runner/work/orbit/orbit/NotchOrbitPlus
    

SwiftCompile normal x86_64 /Users/runner/work/orbit/orbit/NotchOrbitPlus/Sources/NotchCore/FocusAppPolicy.swift (in target 'NotchCore' from project 'NotchOrbitPlus')
    cd /Users/runner/work/orbit/orbit/NotchOrbitPlus
    

SwiftCompile normal x86_64 /Users/runner/work/orbit/orbit/NotchOrbitPlus/Sources/NotchCore/FocusHistory.swift (in target 'NotchCore' from project 'NotchOrbitPlus')
    cd /Users/runner/work/orbit/orbit/NotchOrbitPlus
    

SwiftCompile normal x86_64 /Users/runner/work/orbit/orbit/NotchOrbitPlus/Sources/NotchCore/FocusTimer.swift (in target 'NotchCore' from project 'NotchOrbitPlus')
    cd /Users/runner/work/orbit/orbit/NotchOrbitPlus
    

SwiftCompile normal x86_64 /Users/runner/work/orbit/orbit/NotchOrbitPlus/Sources/NotchCore/GithubActionsData.swift (in target 'NotchCore' from project 'NotchOrbitPlus')
    cd /Users/runner/work/orbit/orbit/NotchOrbitPlus
    

SwiftCompile normal x86_64 /Users/runner/work/orbit/orbit/NotchOrbitPlus/Sources/NotchCore/HabitLibrary.swift (in target 'NotchCore' from project 'NotchOrbitPlus')
    cd /Users/runner/work/orbit/orbit/NotchOrbitPlus
    

SwiftCompile normal x86_64 /Users/runner/work/orbit/orbit/NotchOrbitPlus/Sources/NotchCore/LiveNotchStatus.swift (in target 'NotchCore' from project 'NotchOrbitPlus')
    cd /Users/runner/work/orbit/orbit/NotchOrbitPlus
    

SwiftCompile normal x86_64 /Users/runner/work/orbit/orbit/NotchOrbitPlus/Sources/NotchCore/MeetingPlanner.swift (in target 'NotchCore' from project 'NotchOrbitPlus')
    cd /Users/runner/work/orbit/orbit/NotchOrbitPlus
    

SwiftCompile normal x86_64 /Users/runner/work/orbit/orbit/NotchOrbitPlus/Sources/NotchCore/NotchActivation.swift (in target 'NotchCore' from project 'NotchOrbitPlus')
    cd /Users/runner/work/orbit/orbit/NotchOrbitPlus
    

SwiftCompile normal x86_64 /Users/runner/work/orbit/orbit/NotchOrbitPlus/Sources/NotchCore/NotchGeometry.swift (in target 'NotchCore' from project 'NotchOrbitPlus')
    cd /Users/runner/work/orbit/orbit/NotchOrbitPlus
    

SwiftCompile normal x86_64 /Users/runner/work/orbit/orbit/NotchOrbitPlus/Sources/NotchCore/OnlineCodexQuota.swift (in target 'NotchCore' from project 'NotchOrbitPlus')
    cd /Users/runner/work/orbit/orbit/NotchOrbitPlus
    

SwiftCompile normal x86_64 /Users/runner/work/orbit/orbit/NotchOrbitPlus/Sources/NotchCore/OnlineFXRates.swift (in target 'NotchCore' from project 'NotchOrbitPlus')
    cd /Users/runner/work/orbit/orbit/NotchOrbitPlus
    

SwiftCompile normal x86_64 /Users/runner/work/orbit/orbit/NotchOrbitPlus/Sources/NotchCore/OnlineServiceData.swift (in target 'NotchCore' from project 'NotchOrbitPlus')
    cd /Users/runner/work/orbit/orbit/NotchOrbitPlus
    

SwiftCompile normal x86_64 /Users/runner/work/orbit/orbit/NotchOrbitPlus/Sources/NotchCore/OnlineWeatherStocks.swift (in target 'NotchCore' from project 'NotchOrbitPlus')
    cd /Users/runner/work/orbit/orbit/NotchOrbitPlus
    

SwiftCompile normal x86_64 /Users/runner/work/orbit/orbit/NotchOrbitPlus/Sources/NotchCore/OrbitNativeParsers.swift (in target 'NotchCore' from project 'NotchOrbitPlus')
    cd /Users/runner/work/orbit/orbit/NotchOrbitPlus
    

SwiftDriverJobDiscovery normal arm64 Compiling OrbitSystemDeltas.swift, PlusIntentValidation.swift, PlusTool.swift, ProviderSportsData.swift, ProviderTrackingData.swift, ProviderTravelData.swift, ShelfAutomation.swift, ShelfLibraryMetadata.swift, SnippetLibrary.swift, SyncModels.swift, SyncPortableLibrary.swift, SystemControlsModels.swift, SystemDeviceModels.swift, WeatherForecastNotices.swift, WorkflowPreset.swift, WorldClockConversion.swift (in target 'NotchCore' from project 'NotchOrbitPlus')

SwiftDriverJobDiscovery normal arm64 Compiling CurrencyConversion.swift, DashboardBehavior.swift, DownloadActivities.swift, FocusAppPolicy.swift, FocusHistory.swift, FocusTimer.swift, GithubActionsData.swift, HabitLibrary.swift, LiveNotchStatus.swift, MeetingPlanner.swift, NotchActivation.swift, NotchGeometry.swift, OnlineCodexQuota.swift, OnlineFXRates.swift, OnlineServiceData.swift, OnlineWeatherStocks.swift, OrbitNativeParsers.swift (in target 'NotchCore' from project 'NotchOrbitPlus')

ExtractAppIntentsMetadata (in target 'OrbitCore' from project 'NotchOrbitPlus')
    cd /Users/runner/work/orbit/orbit/NotchOrbitPlus
    /Applications/Xcode_26.6.app/Contents/Developer/Toolchains/XcodeDefault.xctoolchain/usr/bin/appintentsmetadataprocessor --toolchain-dir /var/run/com.apple.security.cryptexd/mnt/com.apple.MobileAsset.MetalToolchain-v17.6.109.0.5QT25n/Metal.xctoolchain --module-name OrbitCore --sdk-root /Applications/Xcode_26.6.app/Contents/Developer/Platforms/MacOSX.platform/Developer/SDKs/MacOSX26.5.sdk --xcode-version 17F113 --platform-family macOS --deployment-target 14.0 --output /Users/runner/work/orbit/orbit/NotchOrbitPlus/build/DerivedData/Build/Products/Release/OrbitCore.appintents --target-triple arm64-apple-macos14.0 --target-triple x86_64-apple-macos14.0 --binary-file /Users/runner/work/orbit/orbit/NotchOrbitPlus/build/DerivedData/Build/Products/Release/libOrbitCore.a --dependency-file /Users/runner/work/orbit/orbit/NotchOrbitPlus/build/DerivedData/Build/Intermediates.noindex/NotchOrbitPlus.build/Release/OrbitCore.build/Objects-normal/arm64/OrbitCore_libtool_dependency_info.dat --dependency-file /Users/runner/work/orbit/orbit/NotchOrbitPlus/build/DerivedData/Build/Intermediates.noindex/NotchOrbitPlus.build/Release/OrbitCore.build/Objects-normal/x86_64/OrbitCore_libtool_dependency_info.dat --stringsdata-file /Users/runner/work/orbit/orbit/NotchOrbitPlus/build/DerivedData/Build/Intermediates.noindex/NotchOrbitPlus.build/Release/OrbitCore.build/Objects-normal/arm64/ExtractedAppShortcutsMetadata.stringsdata --stringsdata-file /Users/runner/work/orbit/orbit/NotchOrbitPlus/build/DerivedData/Build/Intermediates.noindex/NotchOrbitPlus.build/Release/OrbitCore.build/Objects-normal/x86_64/ExtractedAppShortcutsMetadata.stringsdata --source-file-list /Users/runner/work/orbit/orbit/NotchOrbitPlus/build/DerivedData/Build/Intermediates.noindex/NotchOrbitPlus.build/Release/OrbitCore.build/Objects-normal/arm64/OrbitCore.SwiftFileList --source-file-list /Users/runner/work/orbit/orbit/NotchOrbitPlus/build/DerivedData/Build/Intermediates.noindex/NotchOrbitPlus.build/Release/OrbitCore.build/Objects-normal/x86_64/OrbitCore.SwiftFileList --metadata-file-list /Users/runner/work/orbit/orbit/NotchOrbitPlus/build/DerivedData/Build/Intermediates.noindex/NotchOrbitPlus.build/Release/OrbitCore.build/OrbitCore.DependencyMetadataFileList --static-metadata-file-list /Users/runner/work/orbit/orbit/NotchOrbitPlus/build/DerivedData/Build/Intermediates.noindex/NotchOrbitPlus.build/Release/OrbitCore.build/OrbitCore.DependencyStaticMetadataFileList --swift-const-vals-list /Users/runner/work/orbit/orbit/NotchOrbitPlus/build/DerivedData/Build/Intermediates.noindex/NotchOrbitPlus.build/Release/OrbitCore.build/Objects-normal/arm64/OrbitCore.SwiftConstValuesFileList --swift-const-vals-list /Users/runner/work/orbit/orbit/NotchOrbitPlus/build/DerivedData/Build/Intermediates.noindex/NotchOrbitPlus.build/Release/OrbitCore.build/Objects-normal/x86_64/OrbitCore.SwiftConstValuesFileList --force --compile-time-extraction --deployment-aware-processing --validate-assistant-intents --no-app-shortcuts-localization
2026-10-04 20:38:06.593 appintentsmetadataprocessor[36530:91737] Starting appintentsmetadataprocessor export
2026-10-04 20:38:06.626 appintentsmetadataprocessor[36530:91737] Extracted no relevant App Intents symbols, skipping writing output

SwiftDriver NotchOrbitPlus normal x86_64 com.apple.xcode.tools.swift.compiler (in target 'NotchOrbitPlus' from project 'NotchOrbitPlus')
    cd /Users/runner/work/orbit/orbit/NotchOrbitPlus
    builtin-SwiftDriver -- /Applications/Xcode_26.6.app/Contents/Developer/Toolchains/XcodeDefault.xctoolchain/usr/bin/swiftc -module-name NotchOrbitPlus -O @/Users/runner/work/orbit/orbit/NotchOrbitPlus/build/DerivedData/Build/Intermediates.noindex/NotchOrbitPlus.build/Release/NotchOrbitPlus.build/Objects-normal/x86_64/NotchOrbitPlus.SwiftFileList -enable-experimental-feature DebugDescriptionMacro -sdk /Applications/Xcode_26.6.app/Contents/Developer/Platforms/MacOSX.platform/Developer/SDKs/MacOSX26.5.sdk -target x86_64-apple-macos14.0 -g -module-cache-path /Users/runner/work/orbit/orbit/NotchOrbitPlus/build/DerivedData/ModuleCache.noindex -Xfrontend -serialize-debugging-options -enable-testing -swift-version 6 -I /Users/runner/work/orbit/orbit/NotchOrbitPlus/build/DerivedData/Build/Products/Release -I /Users/runner/work/orbit/orbit/NotchOrbitPlus/build/DerivedData/Build/Products/Release -F /Users/runner/work/orbit/orbit/NotchOrbitPlus/build/DerivedData/Build/Products/Release -c -j3 -enable-batch-mode -incremental -Xcc -ivfsstatcache -Xcc /Users/runner/work/orbit/orbit/NotchOrbitPlus/build/DerivedData/SDKStatCaches.noindex/macosx26.5-25F70-688ef53f1462e2c8f657fdc38a81448fee0e6409aa6676c5e6c013d148225433.sdkstatcache -output-file-map /Users/runner/work/orbit/orbit/NotchOrbitPlus/build/DerivedData/Build/Intermediates.noindex/NotchOrbitPlus.build/Release/NotchOrbitPlus.build/Objects-normal/x86_64/NotchOrbitPlus-OutputFileMap.json -use-frontend-parseable-output -save-temps -no-color-diagnostics -explicit-module-build -module-cache-path /Users/runner/work/orbit/orbit/NotchOrbitPlus/build/DerivedData/Build/Intermediates.noindex/SwiftExplicitPrecompiledModules -clang-scanner-module-cache-path /Users/runner/work/orbit/orbit/NotchOrbitPlus/build/DerivedData/ModuleCache.noindex -sdk-module-cache-path /Users/runner/work/orbit/orbit/NotchOrbitPlus/build/DerivedData/ModuleCache.noindex -serialize-diagnostics -emit-dependencies -emit-module -emit-module-path /Users/runner/work/orbit/orbit/NotchOrbitPlus/build/DerivedData/Build/Intermediates.noindex/NotchOrbitPlus.build/Release/NotchOrbitPlus.build/Objects-normal/x86_64/NotchOrbitPlus.swiftmodule -validate-clang-modules-once -clang-build-session-file /Users/runner/work/orbit/orbit/NotchOrbitPlus/build/DerivedData/ModuleCache.noindex/Session.modulevalidation -Xcc -I/Users/runner/work/orbit/orbit/NotchOrbitPlus/build/DerivedData/Build/Intermediates.noindex/NotchOrbitPlus.build/Release/NotchOrbitPlus.build/swift-overrides.hmap -emit-const-values -Xfrontend -const-gather-protocols-file -Xfrontend /Users/runner/work/orbit/orbit/NotchOrbitPlus/build/DerivedData/Build/Intermediates.noindex/NotchOrbitPlus.build/Release/NotchOrbitPlus.build/Objects-normal/x86_64/NotchOrbitPlus_const_extract_protocols.json -Xcc -iquote -Xcc /Users/runner/work/orbit/orbit/NotchOrbitPlus/build/DerivedData/Build/Intermediates.noindex/NotchOrbitPlus.build/Release/NotchOrbitPlus.build/NotchOrbitPlus-generated-files.hmap -Xcc -I/Users/runner/work/orbit/orbit/NotchOrbitPlus/build/DerivedData/Build/Intermediates.noindex/NotchOrbitPlus.build/Release/NotchOrbitPlus.build/NotchOrbitPlus-own-target-headers.hmap -Xcc -I/Users/runner/work/orbit/orbit/NotchOrbitPlus/build/DerivedData/Build/Intermediates.noindex/NotchOrbitPlus.build/Release/NotchOrbitPlus.build/NotchOrbitPlus-all-non-framework-target-headers.hmap -Xcc -ivfsoverlay -Xcc /Users/runner/work/orbit/orbit/NotchOrbitPlus/build/DerivedData/Build/Intermediates.noindex/NotchOrbitPlus.build/Release/NotchOrbitPlus-f72668d2e0dd56b95fac80a5a9a4b360-VFS/all-product-headers.yaml -Xcc -iquote -Xcc /Users/runner/work/orbit/orbit/NotchOrbitPlus/build/DerivedData/Build/Intermediates.noindex/NotchOrbitPlus.build/Release/NotchOrbitPlus.build/NotchOrbitPlus-project-headers.hmap -Xcc -I/Users/runner/work/orbit/orbit/NotchOrbitPlus/build/DerivedData/Build/Products/Release/include -Xcc -I/Users/runner/work/orbit/orbit/build/WebP/include -Xcc -I/Users/runner/work/orbit/orbit/NotchOrbitPlus/build/DerivedData/Build/Intermediates.noindex/NotchOrbitPlus.build/Release/NotchOrbitPlus.build/DerivedSources-normal/x86_64 -Xcc -I/Users/runner/work/orbit/orbit/NotchOrbitPlus/build/DerivedData/Build/Intermediates.noindex/NotchOrbitPlus.build/Release/NotchOrbitPlus.build/DerivedSources/x86_64 -Xcc -I/Users/runner/work/orbit/orbit/NotchOrbitPlus/build/DerivedData/Build/Intermediates.noindex/NotchOrbitPlus.build/Release/NotchOrbitPlus.build/DerivedSources -emit-objc-header -emit-objc-header-path /Users/runner/work/orbit/orbit/NotchOrbitPlus/build/DerivedData/Build/Intermediates.noindex/NotchOrbitPlus.build/Release/NotchOrbitPlus.build/Objects-normal/x86_64/NotchOrbitPlus-Swift.h -import-objc-header /Users/runner/work/orbit/orbit/Sources/OrbitDrop/WebPBridge.h -working-directory /Users/runner/work/orbit/orbit/NotchOrbitPlus -experimental-emit-module-separately -disable-cmo

SwiftDriver NotchOrbitPlus normal arm64 com.apple.xcode.tools.swift.compiler (in target 'NotchOrbitPlus' from project 'NotchOrbitPlus')
    cd /Users/runner/work/orbit/orbit/NotchOrbitPlus
    builtin-SwiftDriver -- /Applications/Xcode_26.6.app/Contents/Developer/Toolchains/XcodeDefault.xctoolchain/usr/bin/swiftc -module-name NotchOrbitPlus -O @/Users/runner/work/orbit/orbit/NotchOrbitPlus/build/DerivedData/Build/Intermediates.noindex/NotchOrbitPlus.build/Release/NotchOrbitPlus.build/Objects-normal/arm64/NotchOrbitPlus.SwiftFileList -enable-experimental-feature DebugDescriptionMacro -sdk /Applications/Xcode_26.6.app/Contents/Developer/Platforms/MacOSX.platform/Developer/SDKs/MacOSX26.5.sdk -target arm64-apple-macos14.0 -g -module-cache-path /Users/runner/work/orbit/orbit/NotchOrbitPlus/build/DerivedData/ModuleCache.noindex -Xfrontend -serialize-debugging-options -enable-testing -swift-version 6 -I /Users/runner/work/orbit/orbit/NotchOrbitPlus/build/DerivedData/Build/Products/Release -I /Users/runner/work/orbit/orbit/NotchOrbitPlus/build/DerivedData/Build/Products/Release -F /Users/runner/work/orbit/orbit/NotchOrbitPlus/build/DerivedData/Build/Products/Release -c -j3 -enable-batch-mode -incremental -Xcc -ivfsstatcache -Xcc /Users/runner/work/orbit/orbit/NotchOrbitPlus/build/DerivedData/SDKStatCaches.noindex/macosx26.5-25F70-688ef53f1462e2c8f657fdc38a81448fee0e6409aa6676c5e6c013d148225433.sdkstatcache -output-file-map /Users/runner/work/orbit/orbit/NotchOrbitPlus/build/DerivedData/Build/Intermediates.noindex/NotchOrbitPlus.build/Release/NotchOrbitPlus.build/Objects-normal/arm64/NotchOrbitPlus-OutputFileMap.json -use-frontend-parseable-output -save-temps -no-color-diagnostics -explicit-module-build -module-cache-path /Users/runner/work/orbit/orbit/NotchOrbitPlus/build/DerivedData/Build/Intermediates.noindex/SwiftExplicitPrecompiledModules -clang-scanner-module-cache-path /Users/runner/work/orbit/orbit/NotchOrbitPlus/build/DerivedData/ModuleCache.noindex -sdk-module-cache-path /Users/runner/work/orbit/orbit/NotchOrbitPlus/build/DerivedData/ModuleCache.noindex -serialize-diagnostics -emit-dependencies -emit-module -emit-module-path /Users/runner/work/orbit/orbit/NotchOrbitPlus/build/DerivedData/Build/Intermediates.noindex/NotchOrbitPlus.build/Release/NotchOrbitPlus.build/Objects-normal/arm64/NotchOrbitPlus.swiftmodule -validate-clang-modules-once -clang-build-session-file /Users/runner/work/orbit/orbit/NotchOrbitPlus/build/DerivedData/ModuleCache.noindex/Session.modulevalidation -Xcc -I/Users/runner/work/orbit/orbit/NotchOrbitPlus/build/DerivedData/Build/Intermediates.noindex/NotchOrbitPlus.build/Release/NotchOrbitPlus.build/swift-overrides.hmap -emit-const-values -Xfrontend -const-gather-protocols-file -Xfrontend /Users/runner/work/orbit/orbit/NotchOrbitPlus/build/DerivedData/Build/Intermediates.noindex/NotchOrbitPlus.build/Release/NotchOrbitPlus.build/Objects-normal/arm64/NotchOrbitPlus_const_extract_protocols.json -Xcc -iquote -Xcc /Users/runner/work/orbit/orbit/NotchOrbitPlus/build/DerivedData/Build/Intermediates.noindex/NotchOrbitPlus.build/Release/NotchOrbitPlus.build/NotchOrbitPlus-generated-files.hmap -Xcc -I/Users/runner/work/orbit/orbit/NotchOrbitPlus/build/DerivedData/Build/Intermediates.noindex/NotchOrbitPlus.build/Release/NotchOrbitPlus.build/NotchOrbitPlus-own-target-headers.hmap -Xcc -I/Users/runner/work/orbit/orbit/NotchOrbitPlus/build/DerivedData/Build/Intermediates.noindex/NotchOrbitPlus.build/Release/NotchOrbitPlus.build/NotchOrbitPlus-all-non-framework-target-headers.hmap -Xcc -ivfsoverlay -Xcc /Users/runner/work/orbit/orbit/NotchOrbitPlus/build/DerivedData/Build/Intermediates.noindex/NotchOrbitPlus.build/Release/NotchOrbitPlus-f72668d2e0dd56b95fac80a5a9a4b360-VFS/all-product-headers.yaml -Xcc -iquote -Xcc /Users/runner/work/orbit/orbit/NotchOrbitPlus/build/DerivedData/Build/Intermediates.noindex/NotchOrbitPlus.build/Release/NotchOrbitPlus.build/NotchOrbitPlus-project-headers.hmap -Xcc -I/Users/runner/work/orbit/orbit/NotchOrbitPlus/build/DerivedData/Build/Products/Release/include -Xcc -I/Users/runner/work/orbit/orbit/build/WebP/include -Xcc -I/Users/runner/work/orbit/orbit/NotchOrbitPlus/build/DerivedData/Build/Intermediates.noindex/NotchOrbitPlus.build/Release/NotchOrbitPlus.build/DerivedSources-normal/arm64 -Xcc -I/Users/runner/work/orbit/orbit/NotchOrbitPlus/build/DerivedData/Build/Intermediates.noindex/NotchOrbitPlus.build/Release/NotchOrbitPlus.build/DerivedSources/arm64 -Xcc -I/Users/runner/work/orbit/orbit/NotchOrbitPlus/build/DerivedData/Build/Intermediates.noindex/NotchOrbitPlus.build/Release/NotchOrbitPlus.build/DerivedSources -emit-objc-header -emit-objc-header-path /Users/runner/work/orbit/orbit/NotchOrbitPlus/build/DerivedData/Build/Intermediates.noindex/NotchOrbitPlus.build/Release/NotchOrbitPlus.build/Objects-normal/arm64/NotchOrbitPlus-Swift.h -import-objc-header /Users/runner/work/orbit/orbit/Sources/OrbitDrop/WebPBridge.h -working-directory /Users/runner/work/orbit/orbit/NotchOrbitPlus -experimental-emit-module-separately -disable-cmo

SwiftExplicitDependencyGeneratePcm x86_64 /Users/runner/work/orbit/orbit/NotchOrbitPlus/build/DerivedData/ModuleCache.noindex/RelevanceKit-30SDQJLZ3B4D0KULQ36CKEXUR.pcm

SwiftExplicitDependencyGeneratePcm arm64 /Users/runner/work/orbit/orbit/NotchOrbitPlus/build/DerivedData/ModuleCache.noindex/_Builtin_intrinsics-3B2LR45F3UFG22RNWHY78NT4N.pcm

SwiftExplicitDependencyGeneratePcm arm64 /Users/runner/work/orbit/orbit/NotchOrbitPlus/build/DerivedData/ModuleCache.noindex/DeveloperToolsSupport-EDBTBHSYT6TS8J51SO40AMTF4.pcm

SwiftExplicitDependencyGeneratePcm arm64 /Users/runner/work/orbit/orbit/NotchOrbitPlus/build/DerivedData/ModuleCache.noindex/UniformTypeIdentifiers-F2V1V1GA0BWOVIP2ERFV4WXXI.pcm

SwiftExplicitDependencyGeneratePcm arm64 /Users/runner/work/orbit/orbit/NotchOrbitPlus/build/DerivedData/ModuleCache.noindex/_LocationEssentials-6ZKI0AJCQKJG5YU55BZCB5JXD.pcm

SwiftExplicitDependencyGeneratePcm arm64 /Users/runner/work/orbit/orbit/NotchOrbitPlus/build/DerivedData/ModuleCache.noindex/CoreSpotlight-3KJUV391WV78OYC0B1TZ7N1YR.pcm

SwiftExplicitDependencyGeneratePcm arm64 /Users/runner/work/orbit/orbit/NotchOrbitPlus/build/DerivedData/ModuleCache.noindex/ServiceManagement-E3PS829AU6KN5ARWPV71QBHUW.pcm

SwiftExplicitDependencyGeneratePcm x86_64 /Users/runner/work/orbit/orbit/NotchOrbitPlus/build/DerivedData/ModuleCache.noindex/ColorSync-9P1SPXWVQ03525I8RNQMG0POX.pcm

SwiftExplicitDependencyGeneratePcm x86_64 /Users/runner/work/orbit/orbit/NotchOrbitPlus/build/DerivedData/ModuleCache.noindex/UserNotifications-3SPBJ0724M0LLSILTFU2J83ZV.pcm

SwiftExplicitDependencyGeneratePcm arm64 /Users/runner/work/orbit/orbit/NotchOrbitPlus/build/DerivedData/ModuleCache.noindex/_Builtin_tgmath-422K2F9HJICZMBZKB46DWFDXI.pcm

SwiftExplicitDependencyGeneratePcm x86_64 /Users/runner/work/orbit/orbit/NotchOrbitPlus/build/DerivedData/ModuleCache.noindex/_Builtin_stdatomic-EA1YMOX0Y98O991W1LC60NJOQ.pcm

SwiftExplicitDependencyGeneratePcm x86_64 /Users/runner/work/orbit/orbit/NotchOrbitPlus/build/DerivedData/ModuleCache.noindex/CoreMIDI-8V545ZWDSUEZ2DNPDXPZQP4JM.pcm

SwiftExplicitDependencyGeneratePcm x86_64 /Users/runner/work/orbit/orbit/NotchOrbitPlus/build/DerivedData/ModuleCache.noindex/Symbols-7TX938PVXTQKCUIDUUSU6VM28.pcm

SwiftExplicitDependencyGeneratePcm arm64 /Users/runner/work/orbit/orbit/NotchOrbitPlus/build/DerivedData/ModuleCache.noindex/IOSurface-BV0ZMGGRXHCPFOYVMZ0GUJE4P.pcm

SwiftExplicitDependencyGeneratePcm arm64 /Users/runner/work/orbit/orbit/NotchOrbitPlus/build/DerivedData/ModuleCache.noindex/CoreData-32K2BROBHCM1F8PC1COXEDCXU.pcm

SwiftExplicitDependencyGeneratePcm arm64 /Users/runner/work/orbit/orbit/NotchOrbitPlus/build/DerivedData/ModuleCache.noindex/CoreAudioTypes-2OJRXDGD996L3QS0210K7INDW.pcm

SwiftDriverJobDiscovery normal arm64 Compiling CommandActivities.swift, ContextRules.swift, CoreAppearancePreferences.swift, CoreAssistantFiles.swift, CoreCapture.swift, CoreClipboardTransform.swift, CoreColorPalette.swift, CoreDictation.swift, CoreGlobalSearch.swift, CoreLRCLyrics.swift, CoreLauncherPins.swift, CorePlugins.swift, CoreQR.swift, CoreSystemMedia.swift, CoreTranslation.swift, CoreUpdate.swift, CoreVerificationCode.swift (in target 'NotchCore' from project 'NotchOrbitPlus')

SwiftExplicitDependencyGeneratePcm x86_64 /Users/runner/work/orbit/orbit/NotchOrbitPlus/build/DerivedData/ModuleCache.noindex/ServiceManagement-1OUQPZ6PVMR6UBGGIL1IGOLQT.pcm

SwiftExplicitDependencyGeneratePcm x86_64 /Users/runner/work/orbit/orbit/NotchOrbitPlus/build/DerivedData/ModuleCache.noindex/_LocationEssentials-9M5BM8QHTPO7HGL26IJKW7XQC.pcm

SwiftExplicitDependencyGeneratePcm arm64 /Users/runner/work/orbit/orbit/NotchOrbitPlus/build/DerivedData/ModuleCache.noindex/RelevanceKit-3L914GP1927J12HCDVL2PCON4.pcm

SwiftExplicitDependencyGeneratePcm arm64 /Users/runner/work/orbit/orbit/NotchOrbitPlus/build/DerivedData/ModuleCache.noindex/ColorSync-25N8A54MMQ8BU29G7YD7PGQT6.pcm

SwiftExplicitDependencyGeneratePcm x86_64 /Users/runner/work/orbit/orbit/NotchOrbitPlus/build/DerivedData/ModuleCache.noindex/CoreBluetooth-2WFJ06UNZALN69IHTW25OL9RK.pcm

SwiftExplicitDependencyGeneratePcm arm64 /Users/runner/work/orbit/orbit/NotchOrbitPlus/build/DerivedData/ModuleCache.noindex/AppIntents-684Q8B3DBCAZ638L38SME1UCM.pcm

SwiftExplicitDependencyGeneratePcm arm64 /Users/runner/work/orbit/orbit/NotchOrbitPlus/build/DerivedData/ModuleCache.noindex/CoreGraphics-615O28DHQ76K1LTUZMV1C5SQ0.pcm

SwiftExplicitDependencyGeneratePcm x86_64 /Users/runner/work/orbit/orbit/NotchOrbitPlus/build/DerivedData/ModuleCache.noindex/DataDetection-7NY22O24JUBTFEZU802J2YPBJ.pcm

SwiftExplicitDependencyGeneratePcm x86_64 /Users/runner/work/orbit/orbit/NotchOrbitPlus/build/DerivedData/ModuleCache.noindex/CoreData-D4V948I7BD91YOSU6M0FRVP38.pcm

SwiftExplicitDependencyGeneratePcm arm64 /Users/runner/work/orbit/orbit/NotchOrbitPlus/build/DerivedData/ModuleCache.noindex/Symbols-5VJJOJ692G72X9C30IBKQX21H.pcm

SwiftExplicitDependencyGeneratePcm arm64 /Users/runner/work/orbit/orbit/NotchOrbitPlus/build/DerivedData/ModuleCache.noindex/ImageIO-2E7WHIVYXWI81QQ39U8YGJPBC.pcm

SwiftExplicitDependencyGeneratePcm arm64 /Users/runner/work/orbit/orbit/NotchOrbitPlus/build/DerivedData/ModuleCache.noindex/CoreAudio-DD206AVCVH763C2YGKHRZ3E4A.pcm

SwiftExplicitDependencyGeneratePcm arm64 /Users/runner/work/orbit/orbit/NotchOrbitPlus/build/DerivedData/ModuleCache.noindex/ExtensionFoundation-D09J2OI086BJ10LSXGWMV0CL4.pcm

SwiftExplicitDependencyGeneratePcm arm64 /Users/runner/work/orbit/orbit/NotchOrbitPlus/build/DerivedData/ModuleCache.noindex/CoreMIDI-BJBMJACAYFH5WA5QCC30TTIF0.pcm

SwiftExplicitDependencyGeneratePcm arm64 /Users/runner/work/orbit/orbit/NotchOrbitPlus/build/DerivedData/ModuleCache.noindex/IOBluetooth-40G3Q288DFOGFJQP08HOIXA02.pcm

SwiftExplicitDependencyGeneratePcm x86_64 /Users/runner/work/orbit/orbit/NotchOrbitPlus/build/DerivedData/ModuleCache.noindex/OpenGL-BEQS640RXF19QYR44TYWBKHXA.pcm

SwiftExplicitDependencyGeneratePcm x86_64 /Users/runner/work/orbit/orbit/NotchOrbitPlus/build/DerivedData/ModuleCache.noindex/CoreWLAN-58A8GR3RMINHYKTI397VPRH5Z.pcm

SwiftExplicitDependencyGeneratePcm arm64 /Users/runner/work/orbit/orbit/NotchOrbitPlus/build/DerivedData/ModuleCache.noindex/LocalAuthentication-5AAGDS23H4RU6ZQE0Z3DZX6RS.pcm

SwiftExplicitDependencyGeneratePcm x86_64 /Users/runner/work/orbit/orbit/NotchOrbitPlus/build/DerivedData/ModuleCache.noindex/dnssd-4F3YG3EIPUCTFXMSPSDJ3JGZ3.pcm

SwiftExplicitDependencyGeneratePcm x86_64 /Users/runner/work/orbit/orbit/NotchOrbitPlus/build/DerivedData/ModuleCache.noindex/SQLite3-33JXTKZCLF0BHQ3BIWMOUKRHD.pcm

SwiftExplicitDependencyGeneratePcm x86_64 /Users/runner/work/orbit/orbit/NotchOrbitPlus/build/DerivedData/ModuleCache.noindex/LocalAuthentication-2N0S1IETYM47ROAOHN0OGE2AN.pcm

SwiftExplicitDependencyGeneratePcm arm64 /Users/runner/work/orbit/orbit/NotchOrbitPlus/build/DerivedData/ModuleCache.noindex/_Builtin_stdatomic-DGNVVHDQ5FIZW1CTS9R8LMVD8.pcm

SwiftExplicitDependencyGeneratePcm x86_64 /Users/runner/work/orbit/orbit/NotchOrbitPlus/build/DerivedData/ModuleCache.noindex/ExtensionFoundation-D8EVSPHE7T3CACMJDXV8FCL73.pcm

SwiftExplicitDependencyGeneratePcm x86_64 /Users/runner/work/orbit/orbit/NotchOrbitPlus/build/DerivedData/ModuleCache.noindex/IOSurface-BDBREPCI93NF4OACWXJMMED1B.pcm

SwiftExplicitDependencyGeneratePcm arm64 /Users/runner/work/orbit/orbit/NotchOrbitPlus/build/DerivedData/ModuleCache.noindex/Metal-2NC69NC38VUYFTX2Z40NDALO2.pcm

SwiftExplicitDependencyGeneratePcm x86_64 /Users/runner/work/orbit/orbit/NotchOrbitPlus/build/DerivedData/ModuleCache.noindex/CUPS-71OEBW5C8MOSSJ2TFBFD3E5UE.pcm

SwiftExplicitDependencyGeneratePcm x86_64 /Users/runner/work/orbit/orbit/NotchOrbitPlus/build/DerivedData/ModuleCache.noindex/Metal-EFYI8JQRW3042QT06XMIO396C.pcm

SwiftExplicitDependencyGeneratePcm arm64 /Users/runner/work/orbit/orbit/NotchOrbitPlus/build/DerivedData/ModuleCache.noindex/CoreText-8SPE29IO9S3O044BDIKEKFSX0.pcm

SwiftExplicitDependencyGeneratePcm x86_64 /Users/runner/work/orbit/orbit/NotchOrbitPlus/build/DerivedData/ModuleCache.noindex/CoreLocation-DP4R0Y3U0AG6RS0ZH08XQIBDB.pcm

SwiftExplicitDependencyGeneratePcm arm64 /Users/runner/work/orbit/orbit/NotchOrbitPlus/build/DerivedData/ModuleCache.noindex/UserNotifications-7NK6X3HC81F9M0YM0LGLBODK5.pcm

SwiftExplicitDependencyGeneratePcm arm64 /Users/runner/work/orbit/orbit/NotchOrbitPlus/build/DerivedData/ModuleCache.noindex/Accessibility-16037G8CSMMDRO5DTZ2HOR4QU.pcm

SwiftExplicitDependencyGeneratePcm x86_64 /Users/runner/work/orbit/orbit/NotchOrbitPlus/build/DerivedData/ModuleCache.noindex/Translation-2T8MOWPB9UT2R5S3MACFAXK1M.pcm

SwiftExplicitDependencyGeneratePcm arm64 /Users/runner/work/orbit/orbit/NotchOrbitPlus/build/DerivedData/ModuleCache.noindex/simd-DHH5DUU6535DDPSB5DG3U33A.pcm

SwiftExplicitDependencyGeneratePcm x86_64 /Users/runner/work/orbit/orbit/NotchOrbitPlus/build/DerivedData/ModuleCache.noindex/CoreAudioTypes-34DFN06PP3C306SS7K9LV5GL3.pcm

SwiftExplicitDependencyGeneratePcm arm64 /Users/runner/work/orbit/orbit/NotchOrbitPlus/build/DerivedData/ModuleCache.noindex/CoreTransferable-BBCQDRIC4EUHLYHOBU4G9KCJW.pcm

SwiftExplicitDependencyGeneratePcm x86_64 /Users/runner/work/orbit/orbit/NotchOrbitPlus/build/DerivedData/ModuleCache.noindex/CoreAudio-1EZ00EW5WIR6PV90RFH8YTY66.pcm

SwiftExplicitDependencyGeneratePcm arm64 /Users/runner/work/orbit/orbit/NotchOrbitPlus/build/DerivedData/ModuleCache.noindex/CoreLocation-1AZVAIDB6IORCV8W5SYTPB260.pcm

SwiftExplicitDependencyGeneratePcm x86_64 /Users/runner/work/orbit/orbit/NotchOrbitPlus/build/DerivedData/ModuleCache.noindex/IOBluetooth-DDKZKLHTY16U4FJW3XZP8W2EB.pcm

SwiftExplicitDependencyGeneratePcm arm64 /Users/runner/work/orbit/orbit/NotchOrbitPlus/build/DerivedData/ModuleCache.noindex/EventKit-6L0OEPX781M7WE15JVZZR7USN.pcm

SwiftExplicitDependencyGeneratePcm arm64 /Users/runner/work/orbit/orbit/NotchOrbitPlus/build/DerivedData/ModuleCache.noindex/Intents-3UNT3ECM0R65L58AFI14HTSOF.pcm

SwiftExplicitDependencyGeneratePcm arm64 /Users/runner/work/orbit/orbit/NotchOrbitPlus/build/DerivedData/ModuleCache.noindex/Spatial-2VBGB1SOYH177EEH4GLP4ZX8A.pcm

SwiftExplicitDependencyGeneratePcm arm64 /Users/runner/work/orbit/orbit/NotchOrbitPlus/build/DerivedData/ModuleCache.noindex/SQLite3-8PBA3VJ07F6MNKY01EZG2IUWG.pcm

SwiftExplicitDependencyGeneratePcm x86_64 /Users/runner/work/orbit/orbit/NotchOrbitPlus/build/DerivedData/ModuleCache.noindex/CoreGraphics-9WFV1N6R3ON73U4YEBBSESKPY.pcm

SwiftExplicitDependencyGeneratePcm arm64 /Users/runner/work/orbit/orbit/NotchOrbitPlus/build/DerivedData/ModuleCache.noindex/os-38OZPZU0OYGDXXWEFVJFWZKXN.pcm

SwiftExplicitDependencyGeneratePcm arm64 /Users/runner/work/orbit/orbit/NotchOrbitPlus/build/DerivedData/ModuleCache.noindex/DataDetection-D7FZ9239JP8ST43VN9OXGUXZ3.pcm

SwiftExplicitDependencyGeneratePcm arm64 /Users/runner/work/orbit/orbit/NotchOrbitPlus/build/DerivedData/ModuleCache.noindex/OSLog-3FL2Z6ZYV6HTP4PMH8D2T0NYP.pcm

SwiftExplicitDependencyGeneratePcm x86_64 /Users/runner/work/orbit/orbit/NotchOrbitPlus/build/DerivedData/ModuleCache.noindex/Intents-KH9EZYPPEFLMOQ0UTAAPOX3O.pcm

SwiftExplicitDependencyGeneratePcm x86_64 /Users/runner/work/orbit/orbit/NotchOrbitPlus/build/DerivedData/ModuleCache.noindex/EventKit-APGEIUPWFXT7HGS8KPUB3RNJP.pcm

SwiftExplicitDependencyGeneratePcm arm64 /Users/runner/work/orbit/orbit/NotchOrbitPlus/build/DerivedData/ModuleCache.noindex/OpenGL-DN4D0ULD56378BAO4J8SPXTA5.pcm

SwiftExplicitDependencyGeneratePcm x86_64 /Users/runner/work/orbit/orbit/NotchOrbitPlus/build/DerivedData/ModuleCache.noindex/DeveloperToolsSupport-95BVF3UOOPAGQVUD61HKVUQQM.pcm

SwiftExplicitDependencyGeneratePcm x86_64 /Users/runner/work/orbit/orbit/NotchOrbitPlus/build/DerivedData/ModuleCache.noindex/CoreText-BUQ5VC2GHE1OG6WDQE7RENEPO.pcm

SwiftExplicitDependencyGeneratePcm arm64 /Users/runner/work/orbit/orbit/NotchOrbitPlus/build/DerivedData/ModuleCache.noindex/dnssd-EMZGMIDH3FSQJ7KBJJ3N61KUK.pcm

SwiftExplicitDependencyGeneratePcm x86_64 /Users/runner/work/orbit/orbit/NotchOrbitPlus/build/DerivedData/ModuleCache.noindex/CoreTransferable-8ARKG0T1TUFJ517C7IEQ40B0Z.pcm

SwiftExplicitDependencyGeneratePcm arm64 /Users/runner/work/orbit/orbit/NotchOrbitPlus/build/DerivedData/ModuleCache.noindex/Network-3DBTQ9JGACH5OMPY5WTCCLF1N.pcm

SwiftExplicitDependencyGeneratePcm x86_64 /Users/runner/work/orbit/orbit/NotchOrbitPlus/build/DerivedData/ModuleCache.noindex/AppIntents-M2J4CXRSCOLNU5N9V7OM6JQZ.pcm

SwiftExplicitDependencyGeneratePcm x86_64 /Users/runner/work/orbit/orbit/NotchOrbitPlus/build/DerivedData/ModuleCache.noindex/_Builtin_tgmath-C4HHD4JXXC4XFNSP4X0HI3CLV.pcm

SwiftExplicitDependencyGeneratePcm x86_64 /Users/runner/work/orbit/orbit/NotchOrbitPlus/build/DerivedData/ModuleCache.noindex/Network-EFYSOIMTQUNKLLD1IKP0DIR94.pcm

SwiftExplicitDependencyGeneratePcm arm64 /Users/runner/work/orbit/orbit/NotchOrbitPlus/build/DerivedData/ModuleCache.noindex/CoreBluetooth-769M7FR877SO86O1BV3TRGK9S.pcm

SwiftExplicitDependencyGeneratePcm x86_64 /Users/runner/work/orbit/orbit/NotchOrbitPlus/build/DerivedData/ModuleCache.noindex/os-8FECS1ZX4M4NRV9L1L1RNU62G.pcm

SwiftExplicitDependencyGeneratePcm x86_64 /Users/runner/work/orbit/orbit/NotchOrbitPlus/build/DerivedData/ModuleCache.noindex/Accessibility-EZKRFRBOHSLJPU9XMBVBGM4M.pcm

SwiftExplicitDependencyGeneratePcm arm64 /Users/runner/work/orbit/orbit/NotchOrbitPlus/build/DerivedData/ModuleCache.noindex/Translation-D6C422AGFMWF2PJW4OVB1EZOZ.pcm

SwiftExplicitDependencyGeneratePcm x86_64 /Users/runner/work/orbit/orbit/NotchOrbitPlus/build/DerivedData/ModuleCache.noindex/OSLog-5W65819RBROHD9BXWEG95E172.pcm

SwiftExplicitDependencyGeneratePcm x86_64 /Users/runner/work/orbit/orbit/NotchOrbitPlus/build/DerivedData/ModuleCache.noindex/UniformTypeIdentifiers-8I64STXGAQ2QFPUKWEDM9BC5V.pcm

SwiftExplicitDependencyGeneratePcm arm64 /Users/runner/work/orbit/orbit/NotchOrbitPlus/build/DerivedData/ModuleCache.noindex/CoreWLAN-48OKSNII7KZ5RMHWVQCY182M4.pcm

SwiftExplicitDependencyGeneratePcm x86_64 /Users/runner/work/orbit/orbit/NotchOrbitPlus/build/DerivedData/ModuleCache.noindex/simd-A19KIEH26BXXK9HEI8X0Y0W5E.pcm

SwiftExplicitDependencyGeneratePcm x86_64 /Users/runner/work/orbit/orbit/NotchOrbitPlus/build/DerivedData/ModuleCache.noindex/CoreSpotlight-9FD01GRPEGY38QBEYY5CZ5F38.pcm

SwiftExplicitDependencyGeneratePcm x86_64 /Users/runner/work/orbit/orbit/NotchOrbitPlus/build/DerivedData/ModuleCache.noindex/ImageIO-67YGV1SAN201HN46ZT4BUJGVQ.pcm

SwiftExplicitDependencyGeneratePcm arm64 /Users/runner/work/orbit/orbit/NotchOrbitPlus/build/DerivedData/ModuleCache.noindex/CUPS-2SRDUG6839KM7BD3KITFF6RT5.pcm

SwiftExplicitDependencyGeneratePcm x86_64 /Users/runner/work/orbit/orbit/NotchOrbitPlus/build/DerivedData/ModuleCache.noindex/ApplicationServices-3KKBGOB62NIH1T1HAMX2H6QC5.pcm

SwiftExplicitDependencyGeneratePcm arm64 /Users/runner/work/orbit/orbit/NotchOrbitPlus/build/DerivedData/ModuleCache.noindex/ApplicationServices-7T2X7XPDEJE3P93DBPPRV9QN2.pcm

SwiftExplicitDependencyGeneratePcm x86_64 /Users/runner/work/orbit/orbit/NotchOrbitPlus/build/DerivedData/ModuleCache.noindex/Spatial-BC5IQZX8YEI2WI0NYK4B5F4HK.pcm

SwiftExplicitDependencyGeneratePcm x86_64 /Users/runner/work/orbit/orbit/NotchOrbitPlus/build/DerivedData/ModuleCache.noindex/QuickLook-C11LDDW871IBSCDG3I8OH61AS.pcm

SwiftExplicitDependencyGeneratePcm arm64 /Users/runner/work/orbit/orbit/NotchOrbitPlus/build/DerivedData/ModuleCache.noindex/QuickLook-DUPVVMG9SIWYU207N7NXZHWE1.pcm

SwiftExplicitDependencyGeneratePcm arm64 /Users/runner/work/orbit/orbit/NotchOrbitPlus/build/DerivedData/ModuleCache.noindex/CoreVideo-BMBL9S7YK5QI8AMD1WVJY2MZS.pcm

SwiftExplicitDependencyGeneratePcm x86_64 /Users/runner/work/orbit/orbit/NotchOrbitPlus/build/DerivedData/ModuleCache.noindex/Carbon-EAH4U7FH5SD2WRRCW8SAAJ6L9.pcm

SwiftExplicitDependencyGeneratePcm arm64 /Users/runner/work/orbit/orbit/NotchOrbitPlus/build/DerivedData/ModuleCache.noindex/Carbon-1HJ41H5721NTP0747VK9PWAO.pcm

SwiftExplicitDependencyGeneratePcm arm64 /Users/runner/work/orbit/orbit/NotchOrbitPlus/build/DerivedData/ModuleCache.noindex/CoreImage-M6X6A1H0EH5EWZH61KTD4E6P.pcm

SwiftExplicitDependencyGeneratePcm arm64 /Users/runner/work/orbit/orbit/NotchOrbitPlus/build/DerivedData/ModuleCache.noindex/CoreML-EKTAQQV5LVM1KH67QTI3UOCIA.pcm

SwiftExplicitDependencyGeneratePcm arm64 /Users/runner/work/orbit/orbit/NotchOrbitPlus/build/DerivedData/ModuleCache.noindex/CoreMedia-3RFLKK0U3IVV4N1SYBTJZVWIM.pcm

SwiftExplicitDependencyGeneratePcm arm64 /Users/runner/work/orbit/orbit/NotchOrbitPlus/build/DerivedData/ModuleCache.noindex/Accelerate-1HT52GNERAEMJXXFOKXRHFBHV.pcm

SwiftExplicitDependencyGeneratePcm arm64 /Users/runner/work/orbit/orbit/NotchOrbitPlus/build/DerivedData/ModuleCache.noindex/AudioToolbox-3C0QQCP6V3M8898V3JXVEA83.pcm

SwiftDriverJobDiscovery normal x86_64 Compiling CurrencyConversion.swift, DashboardBehavior.swift, DownloadActivities.swift, FocusAppPolicy.swift, FocusHistory.swift, FocusTimer.swift, GithubActionsData.swift, HabitLibrary.swift, LiveNotchStatus.swift, MeetingPlanner.swift, NotchActivation.swift, NotchGeometry.swift, OnlineCodexQuota.swift, OnlineFXRates.swift, OnlineServiceData.swift, OnlineWeatherStocks.swift, OrbitNativeParsers.swift (in target 'NotchCore' from project 'NotchOrbitPlus')

SwiftExplicitDependencyGeneratePcm arm64 /Users/runner/work/orbit/orbit/NotchOrbitPlus/build/DerivedData/ModuleCache.noindex/QuartzCore-AD6COPXOGHHXC1KJ32GMB6A51.pcm

SwiftExplicitDependencyGeneratePcm arm64 /Users/runner/work/orbit/orbit/NotchOrbitPlus/build/DerivedData/ModuleCache.noindex/Vision-2C7CJENNLU22O6QZ6UF6G1QDV.pcm

SwiftExplicitDependencyGeneratePcm arm64 /Users/runner/work/orbit/orbit/NotchOrbitPlus/build/DerivedData/ModuleCache.noindex/MediaToolbox-A4261NC2TJWIRNH3LTHLAL1QE.pcm

SwiftExplicitDependencyGeneratePcm arm64 /Users/runner/work/orbit/orbit/NotchOrbitPlus/build/DerivedData/ModuleCache.noindex/SwiftUICore-EOJI5HEP1J9BMUG1OMH4VQ80H.pcm

SwiftExplicitDependencyGeneratePcm arm64 /Users/runner/work/orbit/orbit/NotchOrbitPlus/build/DerivedData/ModuleCache.noindex/AVFAudio-4T2T63GRXZ84D3VVHDCBIL7Z6.pcm

SwiftExplicitDependencyGeneratePcm x86_64 /Users/runner/work/orbit/orbit/NotchOrbitPlus/build/DerivedData/ModuleCache.noindex/AudioToolbox-5F06VG2HOOY58T9PNL9TLA62Q.pcm

SwiftExplicitDependencyGeneratePcm arm64 /Users/runner/work/orbit/orbit/NotchOrbitPlus/build/DerivedData/ModuleCache.noindex/AppKit-2ZDS5MBZ08WSCSSWX3J9QR2CO.pcm

SwiftExplicitDependencyGeneratePcm arm64 /Users/runner/work/orbit/orbit/NotchOrbitPlus/build/DerivedData/ModuleCache.noindex/AVFoundation-309GOR1ZT7SD1AEKYPCYUOQFI.pcm

SwiftExplicitDependencyGeneratePcm x86_64 /Users/runner/work/orbit/orbit/NotchOrbitPlus/build/DerivedData/ModuleCache.noindex/CoreVideo-1OD762X930VY6P5483JJH60FD.pcm

SwiftExplicitDependencyGeneratePcm x86_64 /Users/runner/work/orbit/orbit/NotchOrbitPlus/build/DerivedData/ModuleCache.noindex/Accelerate-5M0W0D23JVDY59FH8U6GLSH1P.pcm

SwiftExplicitDependencyGeneratePcm x86_64 /Users/runner/work/orbit/orbit/NotchOrbitPlus/build/DerivedData/ModuleCache.noindex/CoreMedia-75QO9213HSNWK62216ZNPJV7Z.pcm

SwiftExplicitDependencyGeneratePcm arm64 /Users/runner/work/orbit/orbit/NotchOrbitPlus/build/DerivedData/ModuleCache.noindex/Speech-EBMHDJUEMFB6X4EG1T1S7KEAZ.pcm

SwiftExplicitDependencyGeneratePcm x86_64 /Users/runner/work/orbit/orbit/NotchOrbitPlus/build/DerivedData/ModuleCache.noindex/MediaToolbox-7RQ8E9G69Y7NKNR5QLO6XMVSZ.pcm

SwiftExplicitDependencyGeneratePcm x86_64 /Users/runner/work/orbit/orbit/NotchOrbitPlus/build/DerivedData/ModuleCache.noindex/AVFAudio-AR40Y5LJYMVMOA4OGFHXWCQBL.pcm

SwiftExplicitDependencyGeneratePcm x86_64 /Users/runner/work/orbit/orbit/NotchOrbitPlus/build/DerivedData/ModuleCache.noindex/QuartzCore-6GL3T5VL34PKE0FY8FO133XGU.pcm

SwiftExplicitDependencyGeneratePcm arm64 /Users/runner/work/orbit/orbit/NotchOrbitPlus/build/DerivedData/ModuleCache.noindex/ScreenCaptureKit-CYTM9HXXTM49IT27ZB1F2KZDT.pcm

SwiftExplicitDependencyGeneratePcm arm64 /Users/runner/work/orbit/orbit/NotchOrbitPlus/build/DerivedData/ModuleCache.noindex/SwiftUI-9FQGZST3NVG2KT8RL5GXHF3IT.pcm

SwiftExplicitDependencyGeneratePcm x86_64 /Users/runner/work/orbit/orbit/NotchOrbitPlus/build/DerivedData/ModuleCache.noindex/CoreImage-9ZDKZJOSECLRILS1SM7M615R7.pcm

SwiftExplicitDependencyGeneratePcm x86_64 /Users/runner/work/orbit/orbit/NotchOrbitPlus/build/DerivedData/ModuleCache.noindex/AVFoundation-50Y5QTRVSP21JLW3ZXVS9LY2D.pcm

SwiftExplicitDependencyGeneratePcm x86_64 /Users/runner/work/orbit/orbit/NotchOrbitPlus/build/DerivedData/ModuleCache.noindex/SwiftUICore-943MEJHPNH37YVJ5M5TF6T69F.pcm

SwiftExplicitDependencyGeneratePcm x86_64 /Users/runner/work/orbit/orbit/NotchOrbitPlus/build/DerivedData/ModuleCache.noindex/CoreML-69Y1RIAW3ZXAVXVJO1OLLN3MC.pcm

SwiftExplicitDependencyGeneratePcm arm64 /Users/runner/work/orbit/orbit/NotchOrbitPlus/build/DerivedData/ModuleCache.noindex/Cocoa-BZX0NKM4UJCZ9RHYFALO389RM.pcm

SwiftExplicitDependencyGeneratePcm x86_64 /Users/runner/work/orbit/orbit/NotchOrbitPlus/build/DerivedData/ModuleCache.noindex/AppKit-4ZYH60PV0EE40KHFMOHYQAK2G.pcm

SwiftExplicitDependencyGeneratePcm arm64 /Users/runner/work/orbit/orbit/NotchOrbitPlus/build/DerivedData/ModuleCache.noindex/PDFKit-3C5Q5LQC1U3FJ0K9VFGRORVG3.pcm

SwiftExplicitDependencyGeneratePcm x86_64 /Users/runner/work/orbit/orbit/NotchOrbitPlus/build/DerivedData/ModuleCache.noindex/Vision-AOQZ2LQMEYKBCSYX3J4SA264U.pcm

SwiftExplicitDependencyGeneratePcm arm64 /Users/runner/work/orbit/orbit/NotchOrbitPlus/build/DerivedData/ModuleCache.noindex/QuickLookUI-21ZCK4ASZSSGAB4D4FPA7NUR.pcm

SwiftExplicitDependencyGeneratePcm x86_64 /Users/runner/work/orbit/orbit/NotchOrbitPlus/build/DerivedData/ModuleCache.noindex/Speech-E2V17FJ9H8OCITRBIMK3DG39L.pcm

SwiftGeneratePch normal arm64 Compiling\ bridging\ header (in target 'NotchOrbitPlus' from project 'NotchOrbitPlus')

SwiftDriver\ Compilation NotchCore normal x86_64 com.apple.xcode.tools.swift.compiler (in target 'NotchCore' from project 'NotchOrbitPlus')
    cd /Users/runner/work/orbit/orbit/NotchOrbitPlus
    builtin-Swift-Compilation -- /Applications/Xcode_26.6.app/Contents/Developer/Toolchains/XcodeDefault.xctoolchain/usr/bin/swiftc -module-name NotchCore -O @/Users/runner/work/orbit/orbit/NotchOrbitPlus/build/DerivedData/Build/Intermediates.noindex/NotchOrbitPlus.build/Release/NotchCore.build/Objects-normal/x86_64/NotchCore.SwiftFileList -enable-experimental-feature DebugDescriptionMacro -sdk /Applications/Xcode_26.6.app/Contents/Developer/Platforms/MacOSX.platform/Developer/SDKs/MacOSX26.5.sdk -target x86_64-apple-macos14.0 -g -module-cache-path /Users/runner/work/orbit/orbit/NotchOrbitPlus/build/DerivedData/ModuleCache.noindex -Xfrontend -serialize-debugging-options -enable-testing -swift-version 6 -I /Users/runner/work/orbit/orbit/NotchOrbitPlus/build/DerivedData/Build/Products/Release -I /Users/runner/work/orbit/orbit/NotchOrbitPlus/build/DerivedData/Build/Products/Release -F /Users/runner/work/orbit/orbit/NotchOrbitPlus/build/DerivedData/Build/Products/Release -c -j3 -enable-batch-mode -incremental -Xcc -ivfsstatcache -Xcc /Users/runner/work/orbit/orbit/NotchOrbitPlus/build/DerivedData/SDKStatCaches.noindex/macosx26.5-25F70-688ef53f1462e2c8f657fdc38a81448fee0e6409aa6676c5e6c013d148225433.sdkstatcache -output-file-map /Users/runner/work/orbit/orbit/NotchOrbitPlus/build/DerivedData/Build/Intermediates.noindex/NotchOrbitPlus.build/Release/NotchCore.build/Objects-normal/x86_64/NotchCore-OutputFileMap.json -use-frontend-parseable-output -save-temps -no-color-diagnostics -explicit-module-build -module-cache-path /Users/runner/work/orbit/orbit/NotchOrbitPlus/build/DerivedData/Build/Intermediates.noindex/SwiftExplicitPrecompiledModules -clang-scanner-module-cache-path /Users/runner/work/orbit/orbit/NotchOrbitPlus/build/DerivedData/ModuleCache.noindex -sdk-module-cache-path /Users/runner/work/orbit/orbit/NotchOrbitPlus/build/DerivedData/ModuleCache.noindex -serialize-diagnostics -emit-dependencies -emit-module -emit-module-path /Users/runner/work/orbit/orbit/NotchOrbitPlus/build/DerivedData/Build/Intermediates.noindex/NotchOrbitPlus.build/Release/NotchCore.build/Objects-normal/x86_64/NotchCore.swiftmodule -validate-clang-modules-once -clang-build-session-file /Users/runner/work/orbit/orbit/NotchOrbitPlus/build/DerivedData/ModuleCache.noindex/Session.modulevalidation -Xcc -I/Users/runner/work/orbit/orbit/NotchOrbitPlus/build/DerivedData/Build/Intermediates.noindex/NotchOrbitPlus.build/Release/NotchCore.build/swift-overrides.hmap -emit-const-values -Xfrontend -const-gather-protocols-file -Xfrontend /Users/runner/work/orbit/orbit/NotchOrbitPlus/build/DerivedData/Build/Intermediates.noindex/NotchOrbitPlus.build/Release/NotchCore.build/Objects-normal/x86_64/NotchCore_const_extract_protocols.json -Xcc -iquote -Xcc /Users/runner/work/orbit/orbit/NotchOrbitPlus/build/DerivedData/Build/Intermediates.noindex/NotchOrbitPlus.build/Release/NotchCore.build/NotchCore-generated-files.hmap -Xcc -I/Users/runner/work/orbit/orbit/NotchOrbitPlus/build/DerivedData/Build/Intermediates.noindex/NotchOrbitPlus.build/Release/NotchCore.build/NotchCore-own-target-headers.hmap -Xcc -I/Users/runner/work/orbit/orbit/NotchOrbitPlus/build/DerivedData/Build/Intermediates.noindex/NotchOrbitPlus.build/Release/NotchCore.build/NotchCore-all-non-framework-target-headers.hmap -Xcc -ivfsoverlay -Xcc /Users/runner/work/orbit/orbit/NotchOrbitPlus/build/DerivedData/Build/Intermediates.noindex/NotchOrbitPlus.build/Release/NotchOrbitPlus-f72668d2e0dd56b95fac80a5a9a4b360-VFS/all-product-headers.yaml -Xcc -iquote -Xcc /Users/runner/work/orbit/orbit/NotchOrbitPlus/build/DerivedData/Build/Intermediates.noindex/NotchOrbitPlus.build/Release/NotchCore.build/NotchCore-project-headers.hmap -Xcc -I/Users/runner/work/orbit/orbit/NotchOrbitPlus/build/DerivedData/Build/Products/Release/include -Xcc -I/Users/runner/work/orbit/orbit/NotchOrbitPlus/build/DerivedData/Build/Intermediates.noindex/NotchOrbitPlus.build/Release/NotchCore.build/DerivedSources-normal/x86_64 -Xcc -I/Users/runner/work/orbit/orbit/NotchOrbitPlus/build/DerivedData/Build/Intermediates.noindex/NotchOrbitPlus.build/Release/NotchCore.build/DerivedSources/x86_64 -Xcc -I/Users/runner/work/orbit/orbit/NotchOrbitPlus/build/DerivedData/Build/Intermediates.noindex/NotchOrbitPlus.build/Release/NotchCore.build/DerivedSources -emit-objc-header -emit-objc-header-path /Users/runner/work/orbit/orbit/NotchOrbitPlus/build/DerivedData/Build/Intermediates.noindex/NotchOrbitPlus.build/Release/NotchCore.build/Objects-normal/x86_64/NotchCore-Swift.h -working-directory /Users/runner/work/orbit/orbit/NotchOrbitPlus -experimental-emit-module-separately -disable-cmo

SwiftDriver\ Compilation NotchCore normal arm64 com.apple.xcode.tools.swift.compiler (in target 'NotchCore' from project 'NotchOrbitPlus')
    cd /Users/runner/work/orbit/orbit/NotchOrbitPlus
    builtin-Swift-Compilation -- /Applications/Xcode_26.6.app/Contents/Developer/Toolchains/XcodeDefault.xctoolchain/usr/bin/swiftc -module-name NotchCore -O @/Users/runner/work/orbit/orbit/NotchOrbitPlus/build/DerivedData/Build/Intermediates.noindex/NotchOrbitPlus.build/Release/NotchCore.build/Objects-normal/arm64/NotchCore.SwiftFileList -enable-experimental-feature DebugDescriptionMacro -sdk /Applications/Xcode_26.6.app/Contents/Developer/Platforms/MacOSX.platform/Developer/SDKs/MacOSX26.5.sdk -target arm64-apple-macos14.0 -g -module-cache-path /Users/runner/work/orbit/orbit/NotchOrbitPlus/build/DerivedData/ModuleCache.noindex -Xfrontend -serialize-debugging-options -enable-testing -swift-version 6 -I /Users/runner/work/orbit/orbit/NotchOrbitPlus/build/DerivedData/Build/Products/Release -I /Users/runner/work/orbit/orbit/NotchOrbitPlus/build/DerivedData/Build/Products/Release -F /Users/runner/work/orbit/orbit/NotchOrbitPlus/build/DerivedData/Build/Products/Release -c -j3 -enable-batch-mode -incremental -Xcc -ivfsstatcache -Xcc /Users/runner/work/orbit/orbit/NotchOrbitPlus/build/DerivedData/SDKStatCaches.noindex/macosx26.5-25F70-688ef53f1462e2c8f657fdc38a81448fee0e6409aa6676c5e6c013d148225433.sdkstatcache -output-file-map /Users/runner/work/orbit/orbit/NotchOrbitPlus/build/DerivedData/Build/Intermediates.noindex/NotchOrbitPlus.build/Release/NotchCore.build/Objects-normal/arm64/NotchCore-OutputFileMap.json -use-frontend-parseable-output -save-temps -no-color-diagnostics -explicit-module-build -module-cache-path /Users/runner/work/orbit/orbit/NotchOrbitPlus/build/DerivedData/Build/Intermediates.noindex/SwiftExplicitPrecompiledModules -clang-scanner-module-cache-path /Users/runner/work/orbit/orbit/NotchOrbitPlus/build/DerivedData/ModuleCache.noindex -sdk-module-cache-path /Users/runner/work/orbit/orbit/NotchOrbitPlus/build/DerivedData/ModuleCache.noindex -serialize-diagnostics -emit-dependencies -emit-module -emit-module-path /Users/runner/work/orbit/orbit/NotchOrbitPlus/build/DerivedData/Build/Intermediates.noindex/NotchOrbitPlus.build/Release/NotchCore.build/Objects-normal/arm64/NotchCore.swiftmodule -validate-clang-modules-once -clang-build-session-file /Users/runner/work/orbit/orbit/NotchOrbitPlus/build/DerivedData/ModuleCache.noindex/Session.modulevalidation -Xcc -I/Users/runner/work/orbit/orbit/NotchOrbitPlus/build/DerivedData/Build/Intermediates.noindex/NotchOrbitPlus.build/Release/NotchCore.build/swift-overrides.hmap -emit-const-values -Xfrontend -const-gather-protocols-file -Xfrontend /Users/runner/work/orbit/orbit/NotchOrbitPlus/build/DerivedData/Build/Intermediates.noindex/NotchOrbitPlus.build/Release/NotchCore.build/Objects-normal/arm64/NotchCore_const_extract_protocols.json -Xcc -iquote -Xcc /Users/runner/work/orbit/orbit/NotchOrbitPlus/build/DerivedData/Build/Intermediates.noindex/NotchOrbitPlus.build/Release/NotchCore.build/NotchCore-generated-files.hmap -Xcc -I/Users/runner/work/orbit/orbit/NotchOrbitPlus/build/DerivedData/Build/Intermediates.noindex/NotchOrbitPlus.build/Release/NotchCore.build/NotchCore-own-target-headers.hmap -Xcc -I/Users/runner/work/orbit/orbit/NotchOrbitPlus/build/DerivedData/Build/Intermediates.noindex/NotchOrbitPlus.build/Release/NotchCore.build/NotchCore-all-non-framework-target-headers.hmap -Xcc -ivfsoverlay -Xcc /Users/runner/work/orbit/orbit/NotchOrbitPlus/build/DerivedData/Build/Intermediates.noindex/NotchOrbitPlus.build/Release/NotchOrbitPlus-f72668d2e0dd56b95fac80a5a9a4b360-VFS/all-product-headers.yaml -Xcc -iquote -Xcc /Users/runner/work/orbit/orbit/NotchOrbitPlus/build/DerivedData/Build/Intermediates.noindex/NotchOrbitPlus.build/Release/NotchCore.build/NotchCore-project-headers.hmap -Xcc -I/Users/runner/work/orbit/orbit/NotchOrbitPlus/build/DerivedData/Build/Products/Release/include -Xcc -I/Users/runner/work/orbit/orbit/NotchOrbitPlus/build/DerivedData/Build/Intermediates.noindex/NotchOrbitPlus.build/Release/NotchCore.build/DerivedSources-normal/arm64 -Xcc -I/Users/runner/work/orbit/orbit/NotchOrbitPlus/build/DerivedData/Build/Intermediates.noindex/NotchOrbitPlus.build/Release/NotchCore.build/DerivedSources/arm64 -Xcc -I/Users/runner/work/orbit/orbit/NotchOrbitPlus/build/DerivedData/Build/Intermediates.noindex/NotchOrbitPlus.build/Release/NotchCore.build/DerivedSources -emit-objc-header -emit-objc-header-path /Users/runner/work/orbit/orbit/NotchOrbitPlus/build/DerivedData/Build/Intermediates.noindex/NotchOrbitPlus.build/Release/NotchCore.build/Objects-normal/arm64/NotchCore-Swift.h -working-directory /Users/runner/work/orbit/orbit/NotchOrbitPlus -experimental-emit-module-separately -disable-cmo

Libtool /Users/runner/work/orbit/orbit/NotchOrbitPlus/build/DerivedData/Build/Intermediates.noindex/NotchOrbitPlus.build/Release/NotchCore.build/Objects-normal/x86_64/Binary/libNotchCore.a normal x86_64 (in target 'NotchCore' from project 'NotchOrbitPlus')
    cd /Users/runner/work/orbit/orbit/NotchOrbitPlus
    /Applications/Xcode_26.6.app/Contents/Developer/Toolchains/XcodeDefault.xctoolchain/usr/bin/libtool -static -arch_only x86_64 -D -syslibroot /Applications/Xcode_26.6.app/Contents/Developer/Platforms/MacOSX.platform/Developer/SDKs/MacOSX26.5.sdk -L/Users/runner/work/orbit/orbit/NotchOrbitPlus/build/DerivedData/Build/Products/Release -filelist /Users/runner/work/orbit/orbit/NotchOrbitPlus/build/DerivedData/Build/Intermediates.noindex/NotchOrbitPlus.build/Release/NotchCore.build/Objects-normal/x86_64/NotchCore.LinkFileList -dependency_info /Users/runner/work/orbit/orbit/NotchOrbitPlus/build/DerivedData/Build/Intermediates.noindex/NotchOrbitPlus.build/Release/NotchCore.build/Objects-normal/x86_64/NotchCore_libtool_dependency_info.dat -o /Users/runner/work/orbit/orbit/NotchOrbitPlus/build/DerivedData/Build/Intermediates.noindex/NotchOrbitPlus.build/Release/NotchCore.build/Objects-normal/x86_64/Binary/libNotchCore.a

SwiftDriverJobDiscovery normal arm64 Compiling bridging header (in target 'NotchOrbitPlus' from project 'NotchOrbitPlus')

SwiftEmitModule normal arm64 Emitting\ module\ for\ NotchOrbitPlus (in target 'NotchOrbitPlus' from project 'NotchOrbitPlus')
EmitSwiftModule normal arm64 (in target 'NotchOrbitPlus' from project 'NotchOrbitPlus')
    cd /Users/runner/work/orbit/orbit/NotchOrbitPlus
    
/Users/runner/work/orbit/orbit/NotchOrbitPlus/Sources/NotchOrbitPlus/Tools/SystemControls/NetworkTool.swift:43:48: warning: 'init(cString:)' is deprecated: Use String(decoding: array, as: UTF8.self) instead, after truncating the null termination.
                        value.addresses.insert(String(cString: host))
                                               ^

Libtool /Users/runner/work/orbit/orbit/NotchOrbitPlus/build/DerivedData/Build/Intermediates.noindex/NotchOrbitPlus.build/Release/NotchCore.build/Objects-normal/arm64/Binary/libNotchCore.a normal arm64 (in target 'NotchCore' from project 'NotchOrbitPlus')
    cd /Users/runner/work/orbit/orbit/NotchOrbitPlus
    /Applications/Xcode_26.6.app/Contents/Developer/Toolchains/XcodeDefault.xctoolchain/usr/bin/libtool -static -arch_only arm64 -D -syslibroot /Applications/Xcode_26.6.app/Contents/Developer/Platforms/MacOSX.platform/Developer/SDKs/MacOSX26.5.sdk -L/Users/runner/work/orbit/orbit/NotchOrbitPlus/build/DerivedData/Build/Products/Release -filelist /Users/runner/work/orbit/orbit/NotchOrbitPlus/build/DerivedData/Build/Intermediates.noindex/NotchOrbitPlus.build/Release/NotchCore.build/Objects-normal/arm64/NotchCore.LinkFileList -dependency_info /Users/runner/work/orbit/orbit/NotchOrbitPlus/build/DerivedData/Build/Intermediates.noindex/NotchOrbitPlus.build/Release/NotchCore.build/Objects-normal/arm64/NotchCore_libtool_dependency_info.dat -o /Users/runner/work/orbit/orbit/NotchOrbitPlus/build/DerivedData/Build/Intermediates.noindex/NotchOrbitPlus.build/Release/NotchCore.build/Objects-normal/arm64/Binary/libNotchCore.a

SwiftCompile normal arm64 Compiling\ SystemTool.swift,\ AIUsageTool.swift,\ CodexQuotaReader.swift,\ GithubActionsTool.swift,\ OnlineServiceSupport.swift,\ SalesTool.swift,\ WeatherStocksTools.swift,\ CalendarTools.swift,\ FocusAppHiding.swift,\ FocusStatsTool.swift,\ MeetingService.swift,\ TimerTools.swift,\ WorldClockTool.swift,\ PluginSandbox.swift,\ PluginsToolView.swift,\ QRImageCodec.swift,\ QRToolStore.swift,\ QRToolView.swift,\ GlobalSearchToolView.swift,\ AppearanceSettings.swift,\ LivePrioritySettings.swift,\ PlusPortableDefaults.swift /Users/runner/work/orbit/orbit/NotchOrbitPlus/Sources/NotchOrbitPlus/Tools/NativeUtilities/SystemTool.swift /Users/runner/work/orbit/orbit/NotchOrbitPlus/Sources/NotchOrbitPlus/Tools/OnlineServices/AIUsageTool.swift /Users/runner/work/orbit/orbit/NotchOrbitPlus/Sources/NotchOrbitPlus/Tools/OnlineServices/CodexQuotaReader.swift /Users/runner/work/orbit/orbit/NotchOrbitPlus/Sources/NotchOrbitPlus/Tools/OnlineServices/GithubActionsTool.swift /Users/runner/work/orbit/orbit/NotchOrbitPlus/Sources/NotchOrbitPlus/Tools/OnlineServices/OnlineServiceSupport.swift /Users/runner/work/orbit/orbit/NotchOrbitPlus/Sources/NotchOrbitPlus/Tools/OnlineServices/SalesTool.swift /Users/runner/work/orbit/orbit/NotchOrbitPlus/Sources/NotchOrbitPlus/Tools/OnlineServices/WeatherStocksTools.swift /Users/runner/work/orbit/orbit/NotchOrbitPlus/Sources/NotchOrbitPlus/Tools/Planning/CalendarTools.swift /Users/runner/work/orbit/orbit/NotchOrbitPlus/Sources/NotchOrbitPlus/Tools/Planning/FocusAppHiding.swift /Users/runner/work/orbit/orbit/NotchOrbitPlus/Sources/NotchOrbitPlus/Tools/Planning/FocusStatsTool.swift /Users/runner/work/orbit/orbit/NotchOrbitPlus/Sources/NotchOrbitPlus/Tools/Planning/MeetingService.swift /Users/runner/work/orbit/orbit/NotchOrbitPlus/Sources/NotchOrbitPlus/Tools/Planning/TimerTools.swift /Users/runner/work/orbit/orbit/NotchOrbitPlus/Sources/NotchOrbitPlus/Tools/Planning/WorldClockTool.swift /Users/runner/work/orbit/orbit/NotchOrbitPlus/Sources/NotchOrbitPlus/Tools/Plugins/PluginSandbox.swift /Users/runner/work/orbit/orbit/NotchOrbitPlus/Sources/NotchOrbitPlus/Tools/Plugins/PluginsToolView.swift /Users/runner/work/orbit/orbit/NotchOrbitPlus/Sources/NotchOrbitPlus/Tools/QR/QRImageCodec.swift /Users/runner/work/orbit/orbit/NotchOrbitPlus/Sources/NotchOrbitPlus/Tools/QR/QRToolStore.swift /Users/runner/work/orbit/orbit/NotchOrbitPlus/Sources/NotchOrbitPlus/Tools/QR/QRToolView.swift /Users/runner/work/orbit/orbit/NotchOrbitPlus/Sources/NotchOrbitPlus/Tools/Search/GlobalSearchToolView.swift /Users/runner/work/orbit/orbit/NotchOrbitPlus/Sources/NotchOrbitPlus/Tools/Settings/AppearanceSettings.swift /Users/runner/work/orbit/orbit/NotchOrbitPlus/Sources/NotchOrbitPlus/Tools/Settings/LivePrioritySettings.swift /Users/runner/work/orbit/orbit/NotchOrbitPlus/Sources/NotchOrbitPlus/Tools/Settings/PlusPortableDefaults.swift (in target 'NotchOrbitPlus' from project 'NotchOrbitPlus')
SwiftCompile normal arm64 /Users/runner/work/orbit/orbit/NotchOrbitPlus/Sources/NotchOrbitPlus/Tools/NativeUtilities/SystemTool.swift (in target 'NotchOrbitPlus' from project 'NotchOrbitPlus')
    cd /Users/runner/work/orbit/orbit/NotchOrbitPlus
    

SwiftCompile normal arm64 /Users/runner/work/orbit/orbit/NotchOrbitPlus/Sources/NotchOrbitPlus/Tools/OnlineServices/AIUsageTool.swift (in target 'NotchOrbitPlus' from project 'NotchOrbitPlus')
    cd /Users/runner/work/orbit/orbit/NotchOrbitPlus
    

SwiftCompile normal arm64 /Users/runner/work/orbit/orbit/NotchOrbitPlus/Sources/NotchOrbitPlus/Tools/OnlineServices/CodexQuotaReader.swift (in target 'NotchOrbitPlus' from project 'NotchOrbitPlus')
    cd /Users/runner/work/orbit/orbit/NotchOrbitPlus
    

SwiftCompile normal arm64 /Users/runner/work/orbit/orbit/NotchOrbitPlus/Sources/NotchOrbitPlus/Tools/OnlineServices/GithubActionsTool.swift (in target 'NotchOrbitPlus' from project 'NotchOrbitPlus')
    cd /Users/runner/work/orbit/orbit/NotchOrbitPlus
    

SwiftCompile normal arm64 /Users/runner/work/orbit/orbit/NotchOrbitPlus/Sources/NotchOrbitPlus/Tools/OnlineServices/OnlineServiceSupport.swift (in target 'NotchOrbitPlus' from project 'NotchOrbitPlus')
    cd /Users/runner/work/orbit/orbit/NotchOrbitPlus
    
/Users/runner/work/orbit/orbit/NotchOrbitPlus/Sources/NotchOrbitPlus/Tools/OnlineServices/OnlineServiceSupport.swift:12:48: warning: 'kSecUseAuthenticationUIFail' was deprecated in macOS 11.0: Instead of kSecUseAuthenticationUI, use kSecUseAuthenticationContext and set LAContext.interactionNotAllowed property
            kSecUseAuthenticationUI as String: kSecUseAuthenticationUIFail]
                                               ^

SwiftCompile normal arm64 /Users/runner/work/orbit/orbit/NotchOrbitPlus/Sources/NotchOrbitPlus/Tools/OnlineServices/SalesTool.swift (in target 'NotchOrbitPlus' from project 'NotchOrbitPlus')
    cd /Users/runner/work/orbit/orbit/NotchOrbitPlus
    

SwiftCompile normal arm64 /Users/runner/work/orbit/orbit/NotchOrbitPlus/Sources/NotchOrbitPlus/Tools/OnlineServices/WeatherStocksTools.swift (in target 'NotchOrbitPlus' from project 'NotchOrbitPlus')
    cd /Users/runner/work/orbit/orbit/NotchOrbitPlus
    

SwiftCompile normal arm64 /Users/runner/work/orbit/orbit/NotchOrbitPlus/Sources/NotchOrbitPlus/Tools/Planning/CalendarTools.swift (in target 'NotchOrbitPlus' from project 'NotchOrbitPlus')
    cd /Users/runner/work/orbit/orbit/NotchOrbitPlus
    

SwiftCompile normal arm64 /Users/runner/work/orbit/orbit/NotchOrbitPlus/Sources/NotchOrbitPlus/Tools/Planning/FocusAppHiding.swift (in target 'NotchOrbitPlus' from project 'NotchOrbitPlus')
    cd /Users/runner/work/orbit/orbit/NotchOrbitPlus
    

SwiftCompile normal arm64 /Users/runner/work/orbit/orbit/NotchOrbitPlus/Sources/NotchOrbitPlus/Tools/Planning/FocusStatsTool.swift (in target 'NotchOrbitPlus' from project 'NotchOrbitPlus')
    cd /Users/runner/work/orbit/orbit/NotchOrbitPlus
    

SwiftCompile normal arm64 /Users/runner/work/orbit/orbit/NotchOrbitPlus/Sources/NotchOrbitPlus/Tools/Planning/MeetingService.swift (in target 'NotchOrbitPlus' from project 'NotchOrbitPlus')
    cd /Users/runner/work/orbit/orbit/NotchOrbitPlus
    

SwiftCompile normal arm64 /Users/runner/work/orbit/orbit/NotchOrbitPlus/Sources/NotchOrbitPlus/Tools/Planning/TimerTools.swift (in target 'NotchOrbitPlus' from project 'NotchOrbitPlus')
    cd /Users/runner/work/orbit/orbit/NotchOrbitPlus
    

SwiftCompile normal arm64 /Users/runner/work/orbit/orbit/NotchOrbitPlus/Sources/NotchOrbitPlus/Tools/Planning/WorldClockTool.swift (in target 'NotchOrbitPlus' from project 'NotchOrbitPlus')
    cd /Users/runner/work/orbit/orbit/NotchOrbitPlus
    

SwiftCompile normal arm64 /Users/runner/work/orbit/orbit/NotchOrbitPlus/Sources/NotchOrbitPlus/Tools/Plugins/PluginSandbox.swift (in target 'NotchOrbitPlus' from project 'NotchOrbitPlus')
    cd /Users/runner/work/orbit/orbit/NotchOrbitPlus
    

SwiftCompile normal arm64 /Users/runner/work/orbit/orbit/NotchOrbitPlus/Sources/NotchOrbitPlus/Tools/Plugins/PluginsToolView.swift (in target 'NotchOrbitPlus' from project 'NotchOrbitPlus')
    cd /Users/runner/work/orbit/orbit/NotchOrbitPlus
    

SwiftCompile normal arm64 /Users/runner/work/orbit/orbit/NotchOrbitPlus/Sources/NotchOrbitPlus/Tools/QR/QRImageCodec.swift (in target 'NotchOrbitPlus' from project 'NotchOrbitPlus')
    cd /Users/runner/work/orbit/orbit/NotchOrbitPlus
    

SwiftCompile normal arm64 /Users/runner/work/orbit/orbit/NotchOrbitPlus/Sources/NotchOrbitPlus/Tools/QR/QRToolStore.swift (in target 'NotchOrbitPlus' from project 'NotchOrbitPlus')
    cd /Users/runner/work/orbit/orbit/NotchOrbitPlus
    

SwiftCompile normal arm64 /Users/runner/work/orbit/orbit/NotchOrbitPlus/Sources/NotchOrbitPlus/Tools/QR/QRToolView.swift (in target 'NotchOrbitPlus' from project 'NotchOrbitPlus')
    cd /Users/runner/work/orbit/orbit/NotchOrbitPlus
    

SwiftCompile normal arm64 /Users/runner/work/orbit/orbit/NotchOrbitPlus/Sources/NotchOrbitPlus/Tools/Search/GlobalSearchToolView.swift (in target 'NotchOrbitPlus' from project 'NotchOrbitPlus')
    cd /Users/runner/work/orbit/orbit/NotchOrbitPlus
    

SwiftCompile normal arm64 /Users/runner/work/orbit/orbit/NotchOrbitPlus/Sources/NotchOrbitPlus/Tools/Settings/AppearanceSettings.swift (in target 'NotchOrbitPlus' from project 'NotchOrbitPlus')
    cd /Users/runner/work/orbit/orbit/NotchOrbitPlus
    

SwiftCompile normal arm64 /Users/runner/work/orbit/orbit/NotchOrbitPlus/Sources/NotchOrbitPlus/Tools/Settings/LivePrioritySettings.swift (in target 'NotchOrbitPlus' from project 'NotchOrbitPlus')
    cd /Users/runner/work/orbit/orbit/NotchOrbitPlus
    

SwiftCompile normal arm64 /Users/runner/work/orbit/orbit/NotchOrbitPlus/Sources/NotchOrbitPlus/Tools/Settings/PlusPortableDefaults.swift (in target 'NotchOrbitPlus' from project 'NotchOrbitPlus')
    cd /Users/runner/work/orbit/orbit/NotchOrbitPlus
    

CreateUniversalBinary /Users/runner/work/orbit/orbit/NotchOrbitPlus/build/DerivedData/Build/Products/Release/libNotchCore.a normal arm64\ x86_64 (in target 'NotchCore' from project 'NotchOrbitPlus')
    cd /Users/runner/work/orbit/orbit/NotchOrbitPlus
    /Applications/Xcode_26.6.app/Contents/Developer/Toolchains/XcodeDefault.xctoolchain/usr/bin/lipo -create /Users/runner/work/orbit/orbit/NotchOrbitPlus/build/DerivedData/Build/Intermediates.noindex/NotchOrbitPlus.build/Release/NotchCore.build/Objects-normal/arm64/Binary/libNotchCore.a /Users/runner/work/orbit/orbit/NotchOrbitPlus/build/DerivedData/Build/Intermediates.noindex/NotchOrbitPlus.build/Release/NotchCore.build/Objects-normal/x86_64/Binary/libNotchCore.a -output /Users/runner/work/orbit/orbit/NotchOrbitPlus/build/DerivedData/Build/Products/Release/libNotchCore.a

SwiftExplicitDependencyGeneratePcm x86_64 /Users/runner/work/orbit/orbit/NotchOrbitPlus/build/DerivedData/ModuleCache.noindex/ScreenCaptureKit-8TNDV5DJF8KLQX6ZCBISZVO4J.pcm

SwiftExplicitDependencyGeneratePcm x86_64 /Users/runner/work/orbit/orbit/NotchOrbitPlus/build/DerivedData/ModuleCache.noindex/Cocoa-B6649DN1810HAYQMPB2NW0U33.pcm

SwiftExplicitDependencyGeneratePcm x86_64 /Users/runner/work/orbit/orbit/NotchOrbitPlus/build/DerivedData/ModuleCache.noindex/SwiftUI-20MX5TAS11Q4LTQX7GBHN973B.pcm

SwiftExplicitDependencyGeneratePcm x86_64 /Users/runner/work/orbit/orbit/NotchOrbitPlus/build/DerivedData/ModuleCache.noindex/PDFKit-2A41PJVQGNHCGTVARARA3TZIB.pcm

SwiftCompile normal arm64 Compiling\ ClipboardImageOCR.swift,\ ClipboardToolView.swift,\ ConverterToolView.swift,\ CurrencyConverterTool.swift,\ EmojiToolView.swift,\ FileShelfToolView.swift,\ LocalProductivityLifecycle.swift,\ LocalToolStorage.swift,\ OrbitInboxStore.swift,\ QuickNoteToolView.swift,\ ShelfCollectionsStore.swift,\ ShelfQuickLookController.swift,\ ShelfSettingsView.swift,\ ToDosToolView.swift,\ AssistantTool.swift,\ MirrorTool.swift,\ NativeToolVisibility.swift,\ NowPlayingTool.swift,\ PlusLRCLyricsClient.swift,\ PlusMediaRemoteSource.swift,\ PlusSpotifyArtworkClient.swift,\ ShortcutsTool.swift /Users/runner/work/orbit/orbit/NotchOrbitPlus/Sources/NotchOrbitPlus/Tools/LocalProductivity/ClipboardImageOCR.swift /Users/runner/work/orbit/orbit/NotchOrbitPlus/Sources/NotchOrbitPlus/Tools/LocalProductivity/ClipboardToolView.swift /Users/runner/work/orbit/orbit/NotchOrbitPlus/Sources/NotchOrbitPlus/Tools/LocalProductivity/ConverterToolView.swift /Users/runner/work/orbit/orbit/NotchOrbitPlus/Sources/NotchOrbitPlus/Tools/LocalProductivity/CurrencyConverterTool.swift /Users/runner/work/orbit/orbit/NotchOrbitPlus/Sources/NotchOrbitPlus/Tools/LocalProductivity/EmojiToolView.swift /Users/runner/work/orbit/orbit/NotchOrbitPlus/Sources/NotchOrbitPlus/Tools/LocalProductivity/FileShelfToolView.swift /Users/runner/work/orbit/orbit/NotchOrbitPlus/Sources/NotchOrbitPlus/Tools/LocalProductivity/LocalProductivityLifecycle.swift /Users/runner/work/orbit/orbit/NotchOrbitPlus/Sources/NotchOrbitPlus/Tools/LocalProductivity/LocalToolStorage.swift /Users/runner/work/orbit/orbit/NotchOrbitPlus/Sources/NotchOrbitPlus/Tools/LocalProductivity/OrbitInboxStore.swift /Users/runner/work/orbit/orbit/NotchOrbitPlus/Sources/NotchOrbitPlus/Tools/LocalProductivity/QuickNoteToolView.swift /Users/runner/work/orbit/orbit/NotchOrbitPlus/Sources/NotchOrbitPlus/Tools/LocalProductivity/ShelfCollectionsStore.swift /Users/runner/work/orbit/orbit/NotchOrbitPlus/Sources/NotchOrbitPlus/Tools/LocalProductivity/ShelfQuickLookController.swift /Users/runner/work/orbit/orbit/NotchOrbitPlus/Sources/NotchOrbitPlus/Tools/LocalProductivity/ShelfSettingsView.swift /Users/runner/work/orbit/orbit/NotchOrbitPlus/Sources/NotchOrbitPlus/Tools/LocalProductivity/ToDosToolView.swift /Users/runner/work/orbit/orbit/NotchOrbitPlus/Sources/NotchOrbitPlus/Tools/NativeUtilities/AssistantTool.swift /Users/runner/work/orbit/orbit/NotchOrbitPlus/Sources/NotchOrbitPlus/Tools/NativeUtilities/MirrorTool.swift /Users/runner/work/orbit/orbit/NotchOrbitPlus/Sources/NotchOrbitPlus/Tools/NativeUtilities/NativeToolVisibility.swift /Users/runner/work/orbit/orbit/NotchOrbitPlus/Sources/NotchOrbitPlus/Tools/NativeUtilities/NowPlayingTool.swift /Users/runner/work/orbit/orbit/NotchOrbitPlus/Sources/NotchOrbitPlus/Tools/NativeUtilities/PlusLRCLyricsClient.swift /Users/runner/work/orbit/orbit/NotchOrbitPlus/Sources/NotchOrbitPlus/Tools/NativeUtilities/PlusMediaRemoteSource.swift /Users/runner/work/orbit/orbit/NotchOrbitPlus/Sources/NotchOrbitPlus/Tools/NativeUtilities/PlusSpotifyArtworkClient.swift /Users/runner/work/orbit/orbit/NotchOrbitPlus/Sources/NotchOrbitPlus/Tools/NativeUtilities/ShortcutsTool.swift (in target 'NotchOrbitPlus' from project 'NotchOrbitPlus')

SwiftCompile normal arm64 /Users/runner/work/orbit/orbit/NotchOrbitPlus/Sources/NotchOrbitPlus/Tools/LocalProductivity/ClipboardImageOCR.swift (in target 'NotchOrbitPlus' from project 'NotchOrbitPlus')
    cd /Users/runner/work/orbit/orbit/NotchOrbitPlus
    

SwiftCompile normal arm64 /Users/runner/work/orbit/orbit/NotchOrbitPlus/Sources/NotchOrbitPlus/Tools/LocalProductivity/ClipboardToolView.swift (in target 'NotchOrbitPlus' from project 'NotchOrbitPlus')
    cd /Users/runner/work/orbit/orbit/NotchOrbitPlus
    

SwiftCompile normal arm64 /Users/runner/work/orbit/orbit/NotchOrbitPlus/Sources/NotchOrbitPlus/Tools/LocalProductivity/ConverterToolView.swift (in target 'NotchOrbitPlus' from project 'NotchOrbitPlus')
    cd /Users/runner/work/orbit/orbit/NotchOrbitPlus
    

SwiftCompile normal arm64 /Users/runner/work/orbit/orbit/NotchOrbitPlus/Sources/NotchOrbitPlus/Tools/LocalProductivity/CurrencyConverterTool.swift (in target 'NotchOrbitPlus' from project 'NotchOrbitPlus')
    cd /Users/runner/work/orbit/orbit/NotchOrbitPlus
    

SwiftCompile normal arm64 /Users/runner/work/orbit/orbit/NotchOrbitPlus/Sources/NotchOrbitPlus/Tools/LocalProductivity/EmojiToolView.swift (in target 'NotchOrbitPlus' from project 'NotchOrbitPlus')
    cd /Users/runner/work/orbit/orbit/NotchOrbitPlus
    

SwiftCompile normal arm64 /Users/runner/work/orbit/orbit/NotchOrbitPlus/Sources/NotchOrbitPlus/Tools/LocalProductivity/FileShelfToolView.swift (in target 'NotchOrbitPlus' from project 'NotchOrbitPlus')
    cd /Users/runner/work/orbit/orbit/NotchOrbitPlus
    

SwiftCompile normal arm64 /Users/runner/work/orbit/orbit/NotchOrbitPlus/Sources/NotchOrbitPlus/Tools/LocalProductivity/LocalProductivityLifecycle.swift (in target 'NotchOrbitPlus' from project 'NotchOrbitPlus')
    cd /Users/runner/work/orbit/orbit/NotchOrbitPlus
    

SwiftCompile normal arm64 /Users/runner/work/orbit/orbit/NotchOrbitPlus/Sources/NotchOrbitPlus/Tools/LocalProductivity/LocalToolStorage.swift (in target 'NotchOrbitPlus' from project 'NotchOrbitPlus')
    cd /Users/runner/work/orbit/orbit/NotchOrbitPlus
    

SwiftCompile normal arm64 /Users/runner/work/orbit/orbit/NotchOrbitPlus/Sources/NotchOrbitPlus/Tools/LocalProductivity/OrbitInboxStore.swift (in target 'NotchOrbitPlus' from project 'NotchOrbitPlus')
    cd /Users/runner/work/orbit/orbit/NotchOrbitPlus
    

SwiftCompile normal arm64 /Users/runner/work/orbit/orbit/NotchOrbitPlus/Sources/NotchOrbitPlus/Tools/LocalProductivity/QuickNoteToolView.swift (in target 'NotchOrbitPlus' from project 'NotchOrbitPlus')
    cd /Users/runner/work/orbit/orbit/NotchOrbitPlus
    

SwiftCompile normal arm64 /Users/runner/work/orbit/orbit/NotchOrbitPlus/Sources/NotchOrbitPlus/Tools/LocalProductivity/ShelfCollectionsStore.swift (in target 'NotchOrbitPlus' from project 'NotchOrbitPlus')
    cd /Users/runner/work/orbit/orbit/NotchOrbitPlus
    

SwiftCompile normal arm64 /Users/runner/work/orbit/orbit/NotchOrbitPlus/Sources/NotchOrbitPlus/Tools/LocalProductivity/ShelfQuickLookController.swift (in target 'NotchOrbitPlus' from project 'NotchOrbitPlus')
    cd /Users/runner/work/orbit/orbit/NotchOrbitPlus
    
/Users/runner/work/orbit/orbit/NotchOrbitPlus/Sources/NotchOrbitPlus/Tools/LocalProductivity/ShelfQuickLookController.swift:70:83: warning: main actor-isolated property 'previewURLs' can not be referenced from a nonisolated context
    override func acceptsPreviewPanelControl(_ panel: QLPreviewPanel!) -> Bool { !previewURLs.isEmpty }
                                                                                  ^
/Users/runner/work/orbit/orbit/NotchOrbitPlus/Sources/NotchOrbitPlus/Tools/LocalProductivity/ShelfQuickLookController.swift:11:22: note: property declared here
    private(set) var previewURLs: [URL] = []
                     ^
/Users/runner/work/orbit/orbit/NotchOrbitPlus/Sources/NotchOrbitPlus/Tools/LocalProductivity/ShelfQuickLookController.swift:72:27: warning: main actor-isolated property 'previewURLs' can not be referenced from a nonisolated context
        guard let panel, !previewURLs.isEmpty else { return }
                          ^
/Users/runner/work/orbit/orbit/NotchOrbitPlus/Sources/NotchOrbitPlus/Tools/LocalProductivity/ShelfQuickLookController.swift:11:22: note: property declared here
    private(set) var previewURLs: [URL] = []
                     ^
/Users/runner/work/orbit/orbit/NotchOrbitPlus/Sources/NotchOrbitPlus/Tools/LocalProductivity/ShelfQuickLookController.swift:73:9: warning: main actor-isolated property 'controlledPanel' can not be mutated from a nonisolated context
        controlledPanel = panel
        ^
/Users/runner/work/orbit/orbit/NotchOrbitPlus/Sources/NotchOrbitPlus/Tools/LocalProductivity/ShelfQuickLookController.swift:15:22: note: mutation of this property is only permitted within the actor
    private weak var controlledPanel: QLPreviewPanel?
                     ^
/Users/runner/work/orbit/orbit/NotchOrbitPlus/Sources/NotchOrbitPlus/Tools/LocalProductivity/ShelfQuickLookController.swift:74:15: warning: main actor-isolated property 'dataSource' can not be mutated from a nonisolated context
        panel.dataSource = self
              ^
/Applications/Xcode_26.6.app/Contents/Developer/Platforms/MacOSX.platform/Developer/SDKs/MacOSX26.5.sdk/System/Library/Frameworks/QuickLookUI.framework/Headers/QLPreviewPanel.h:104:49: note: mutation of this property is only permitted within the actor
@property(assign) id <QLPreviewPanelDataSource> dataSource;
                                                ^
/Users/runner/work/orbit/orbit/NotchOrbitPlus/Sources/NotchOrbitPlus/Tools/LocalProductivity/ShelfQuickLookController.swift:75:15: warning: main actor-isolated property 'delegate' can not be mutated from a nonisolated context
        panel.delegate = self
              ^
/Applications/Xcode_26.6.app/Contents/Developer/Platforms/MacOSX.platform/Developer/SDKs/MacOSX26.5.sdk/System/Library/Frameworks/QuickLookUI.framework/Headers/QLPreviewPanel.h:169:53: note: mutation of this property is only permitted within the actor
@property(assign) id /** <QLPreviewPanelDelegate>*/ delegate;
                                                    ^
/Users/runner/work/orbit/orbit/NotchOrbitPlus/Sources/NotchOrbitPlus/Tools/LocalProductivity/ShelfQuickLookController.swift:78:29: warning: main actor-isolated property 'dataSource' can not be referenced from a nonisolated context
        if let panel, panel.dataSource === self {
                            ^
/Applications/Xcode_26.6.app/Contents/Developer/Platforms/MacOSX.platform/Developer/SDKs/MacOSX26.5.sdk/System/Library/Frameworks/QuickLookUI.framework/Headers/QLPreviewPanel.h:104:49: note: property declared here
@property(assign) id <QLPreviewPanelDataSource> dataSource;
                                                ^
/Users/runner/work/orbit/orbit/NotchOrbitPlus/Sources/NotchOrbitPlus/Tools/LocalProductivity/ShelfQuickLookController.swift:79:19: warning: main actor-isolated property 'dataSource' can not be mutated from a nonisolated context
            panel.dataSource = nil
                  ^
/Applications/Xcode_26.6.app/Contents/Developer/Platforms/MacOSX.platform/Developer/SDKs/MacOSX26.5.sdk/System/Library/Frameworks/QuickLookUI.framework/Headers/QLPreviewPanel.h:104:49: note: mutation of this property is only permitted within the actor
@property(assign) id <QLPreviewPanelDataSource> dataSource;
                                                ^
/Users/runner/work/orbit/orbit/NotchOrbitPlus/Sources/NotchOrbitPlus/Tools/LocalProductivity/ShelfQuickLookController.swift:80:19: warning: main actor-isolated property 'delegate' can not be mutated from a nonisolated context
            panel.delegate = nil
                  ^
/Applications/Xcode_26.6.app/Contents/Developer/Platforms/MacOSX.platform/Developer/SDKs/MacOSX26.5.sdk/System/Library/Frameworks/QuickLookUI.framework/Headers/QLPreviewPanel.h:169:53: note: mutation of this property is only permitted within the actor
@property(assign) id /** <QLPreviewPanelDelegate>*/ delegate;
                                                    ^
/Users/runner/work/orbit/orbit/NotchOrbitPlus/Sources/NotchOrbitPlus/Tools/LocalProductivity/ShelfQuickLookController.swift:82:9: warning: call to main actor-isolated instance method 'releaseControl()' in a synchronous nonisolated context
        releaseControl()
        ^
/Users/runner/work/orbit/orbit/NotchOrbitPlus/Sources/NotchOrbitPlus/Tools/LocalProductivity/ShelfQuickLookController.swift:97:18: note: calls to instance method 'releaseControl()' from outside of its actor context are implicitly asynchronous
    private func releaseControl() {
                 ^

SwiftCompile normal arm64 /Users/runner/work/orbit/orbit/NotchOrbitPlus/Sources/NotchOrbitPlus/Tools/LocalProductivity/ShelfSettingsView.swift (in target 'NotchOrbitPlus' from project 'NotchOrbitPlus')
    cd /Users/runner/work/orbit/orbit/NotchOrbitPlus
    

SwiftCompile normal arm64 /Users/runner/work/orbit/orbit/NotchOrbitPlus/Sources/NotchOrbitPlus/Tools/LocalProductivity/ToDosToolView.swift (in target 'NotchOrbitPlus' from project 'NotchOrbitPlus')
    cd /Users/runner/work/orbit/orbit/NotchOrbitPlus
    

SwiftCompile normal arm64 /Users/runner/work/orbit/orbit/NotchOrbitPlus/Sources/NotchOrbitPlus/Tools/NativeUtilities/AssistantTool.swift (in target 'NotchOrbitPlus' from project 'NotchOrbitPlus')
    cd /Users/runner/work/orbit/orbit/NotchOrbitPlus
    

SwiftCompile normal arm64 /Users/runner/work/orbit/orbit/NotchOrbitPlus/Sources/NotchOrbitPlus/Tools/NativeUtilities/MirrorTool.swift (in target 'NotchOrbitPlus' from project 'NotchOrbitPlus')
    cd /Users/runner/work/orbit/orbit/NotchOrbitPlus
    

SwiftCompile normal arm64 /Users/runner/work/orbit/orbit/NotchOrbitPlus/Sources/NotchOrbitPlus/Tools/NativeUtilities/NativeToolVisibility.swift (in target 'NotchOrbitPlus' from project 'NotchOrbitPlus')
    cd /Users/runner/work/orbit/orbit/NotchOrbitPlus
    

SwiftCompile normal arm64 /Users/runner/work/orbit/orbit/NotchOrbitPlus/Sources/NotchOrbitPlus/Tools/NativeUtilities/NowPlayingTool.swift (in target 'NotchOrbitPlus' from project 'NotchOrbitPlus')
    cd /Users/runner/work/orbit/orbit/NotchOrbitPlus
    

SwiftCompile normal arm64 /Users/runner/work/orbit/orbit/NotchOrbitPlus/Sources/NotchOrbitPlus/Tools/NativeUtilities/PlusLRCLyricsClient.swift (in target 'NotchOrbitPlus' from project 'NotchOrbitPlus')
    cd /Users/runner/work/orbit/orbit/NotchOrbitPlus
    

SwiftCompile normal arm64 /Users/runner/work/orbit/orbit/NotchOrbitPlus/Sources/NotchOrbitPlus/Tools/NativeUtilities/PlusMediaRemoteSource.swift (in target 'NotchOrbitPlus' from project 'NotchOrbitPlus')
    cd /Users/runner/work/orbit/orbit/NotchOrbitPlus
    

SwiftCompile normal arm64 /Users/runner/work/orbit/orbit/NotchOrbitPlus/Sources/NotchOrbitPlus/Tools/NativeUtilities/PlusSpotifyArtworkClient.swift (in target 'NotchOrbitPlus' from project 'NotchOrbitPlus')
    cd /Users/runner/work/orbit/orbit/NotchOrbitPlus
    

SwiftCompile normal arm64 /Users/runner/work/orbit/orbit/NotchOrbitPlus/Sources/NotchOrbitPlus/Tools/NativeUtilities/ShortcutsTool.swift (in target 'NotchOrbitPlus' from project 'NotchOrbitPlus')
    cd /Users/runner/work/orbit/orbit/NotchOrbitPlus
    

SwiftExplicitDependencyGeneratePcm x86_64 /Users/runner/work/orbit/orbit/NotchOrbitPlus/build/DerivedData/ModuleCache.noindex/QuickLookUI-DSRUAUKU9PRS7L39S46CSVN4C.pcm

SwiftDriverJobDiscovery normal arm64 Emitting module for NotchOrbitPlus (in target 'NotchOrbitPlus' from project 'NotchOrbitPlus')

SwiftDriver\ Compilation\ Requirements NotchOrbitPlus normal arm64 com.apple.xcode.tools.swift.compiler (in target 'NotchOrbitPlus' from project 'NotchOrbitPlus')
    cd /Users/runner/work/orbit/orbit/NotchOrbitPlus
    builtin-Swift-Compilation-Requirements -- /Applications/Xcode_26.6.app/Contents/Developer/Toolchains/XcodeDefault.xctoolchain/usr/bin/swiftc -module-name NotchOrbitPlus -O @/Users/runner/work/orbit/orbit/NotchOrbitPlus/build/DerivedData/Build/Intermediates.noindex/NotchOrbitPlus.build/Release/NotchOrbitPlus.build/Objects-normal/arm64/NotchOrbitPlus.SwiftFileList -enable-experimental-feature DebugDescriptionMacro -sdk /Applications/Xcode_26.6.app/Contents/Developer/Platforms/MacOSX.platform/Developer/SDKs/MacOSX26.5.sdk -target arm64-apple-macos14.0 -g -module-cache-path /Users/runner/work/orbit/orbit/NotchOrbitPlus/build/DerivedData/ModuleCache.noindex -Xfrontend -serialize-debugging-options -enable-testing -swift-version 6 -I /Users/runner/work/orbit/orbit/NotchOrbitPlus/build/DerivedData/Build/Products/Release -I /Users/runner/work/orbit/orbit/NotchOrbitPlus/build/DerivedData/Build/Products/Release -F /Users/runner/work/orbit/orbit/NotchOrbitPlus/build/DerivedData/Build/Products/Release -c -j3 -enable-batch-mode -incremental -Xcc -ivfsstatcache -Xcc /Users/runner/work/orbit/orbit/NotchOrbitPlus/build/DerivedData/SDKStatCaches.noindex/macosx26.5-25F70-688ef53f1462e2c8f657fdc38a81448fee0e6409aa6676c5e6c013d148225433.sdkstatcache -output-file-map /Users/runner/work/orbit/orbit/NotchOrbitPlus/build/DerivedData/Build/Intermediates.noindex/NotchOrbitPlus.build/Release/NotchOrbitPlus.build/Objects-normal/arm64/NotchOrbitPlus-OutputFileMap.json -use-frontend-parseable-output -save-temps -no-color-diagnostics -explicit-module-build -module-cache-path /Users/runner/work/orbit/orbit/NotchOrbitPlus/build/DerivedData/Build/Intermediates.noindex/SwiftExplicitPrecompiledModules -clang-scanner-module-cache-path /Users/runner/work/orbit/orbit/NotchOrbitPlus/build/DerivedData/ModuleCache.noindex -sdk-module-cache-path /Users/runner/work/orbit/orbit/NotchOrbitPlus/build/DerivedData/ModuleCache.noindex -serialize-diagnostics -emit-dependencies -emit-module -emit-module-path /Users/runner/work/orbit/orbit/NotchOrbitPlus/build/DerivedData/Build/Intermediates.noindex/NotchOrbitPlus.build/Release/NotchOrbitPlus.build/Objects-normal/arm64/NotchOrbitPlus.swiftmodule -validate-clang-modules-once -clang-build-session-file /Users/runner/work/orbit/orbit/NotchOrbitPlus/build/DerivedData/ModuleCache.noindex/Session.modulevalidation -Xcc -I/Users/runner/work/orbit/orbit/NotchOrbitPlus/build/DerivedData/Build/Intermediates.noindex/NotchOrbitPlus.build/Release/NotchOrbitPlus.build/swift-overrides.hmap -emit-const-values -Xfrontend -const-gather-protocols-file -Xfrontend /Users/runner/work/orbit/orbit/NotchOrbitPlus/build/DerivedData/Build/Intermediates.noindex/NotchOrbitPlus.build/Release/NotchOrbitPlus.build/Objects-normal/arm64/NotchOrbitPlus_const_extract_protocols.json -Xcc -iquote -Xcc /Users/runner/work/orbit/orbit/NotchOrbitPlus/build/DerivedData/Build/Intermediates.noindex/NotchOrbitPlus.build/Release/NotchOrbitPlus.build/NotchOrbitPlus-generated-files.hmap -Xcc -I/Users/runner/work/orbit/orbit/NotchOrbitPlus/build/DerivedData/Build/Intermediates.noindex/NotchOrbitPlus.build/Release/NotchOrbitPlus.build/NotchOrbitPlus-own-target-headers.hmap -Xcc -I/Users/runner/work/orbit/orbit/NotchOrbitPlus/build/DerivedData/Build/Intermediates.noindex/NotchOrbitPlus.build/Release/NotchOrbitPlus.build/NotchOrbitPlus-all-non-framework-target-headers.hmap -Xcc -ivfsoverlay -Xcc /Users/runner/work/orbit/orbit/NotchOrbitPlus/build/DerivedData/Build/Intermediates.noindex/NotchOrbitPlus.build/Release/NotchOrbitPlus-f72668d2e0dd56b95fac80a5a9a4b360-VFS/all-product-headers.yaml -Xcc -iquote -Xcc /Users/runner/work/orbit/orbit/NotchOrbitPlus/build/DerivedData/Build/Intermediates.noindex/NotchOrbitPlus.build/Release/NotchOrbitPlus.build/NotchOrbitPlus-project-headers.hmap -Xcc -I/Users/runner/work/orbit/orbit/NotchOrbitPlus/build/DerivedData/Build/Products/Release/include -Xcc -I/Users/runner/work/orbit/orbit/build/WebP/include -Xcc -I/Users/runner/work/orbit/orbit/NotchOrbitPlus/build/DerivedData/Build/Intermediates.noindex/NotchOrbitPlus.build/Release/NotchOrbitPlus.build/DerivedSources-normal/arm64 -Xcc -I/Users/runner/work/orbit/orbit/NotchOrbitPlus/build/DerivedData/Build/Intermediates.noindex/NotchOrbitPlus.build/Release/NotchOrbitPlus.build/DerivedSources/arm64 -Xcc -I/Users/runner/work/orbit/orbit/NotchOrbitPlus/build/DerivedData/Build/Intermediates.noindex/NotchOrbitPlus.build/Release/NotchOrbitPlus.build/DerivedSources -emit-objc-header -emit-objc-header-path /Users/runner/work/orbit/orbit/NotchOrbitPlus/build/DerivedData/Build/Intermediates.noindex/NotchOrbitPlus.build/Release/NotchOrbitPlus.build/Objects-normal/arm64/NotchOrbitPlus-Swift.h -import-objc-header /Users/runner/work/orbit/orbit/Sources/OrbitDrop/WebPBridge.h -working-directory /Users/runner/work/orbit/orbit/NotchOrbitPlus -experimental-emit-module-separately -disable-cmo

SwiftGeneratePch normal x86_64 Compiling\ bridging\ header (in target 'NotchOrbitPlus' from project 'NotchOrbitPlus')

Copy /Users/runner/work/orbit/orbit/NotchOrbitPlus/build/DerivedData/Build/Products/Release/NotchOrbitPlus.swiftmodule/arm64-apple-macos.swiftmodule /Users/runner/work/orbit/orbit/NotchOrbitPlus/build/DerivedData/Build/Intermediates.noindex/NotchOrbitPlus.build/Release/NotchOrbitPlus.build/Objects-normal/arm64/NotchOrbitPlus.swiftmodule (in target 'NotchOrbitPlus' from project 'NotchOrbitPlus')
    cd /Users/runner/work/orbit/orbit/NotchOrbitPlus
    builtin-copy -exclude .DS_Store -exclude CVS -exclude .svn -exclude .git -exclude .hg -strip-unsigned-binaries -strip-deterministic -strip-tool /Applications/Xcode_26.6.app/Contents/Developer/Toolchains/XcodeDefault.xctoolchain/usr/bin/strip -resolve-src-symlinks -rename /Users/runner/work/orbit/orbit/NotchOrbitPlus/build/DerivedData/Build/Intermediates.noindex/NotchOrbitPlus.build/Release/NotchOrbitPlus.build/Objects-normal/arm64/NotchOrbitPlus.swiftmodule /Users/runner/work/orbit/orbit/NotchOrbitPlus/build/DerivedData/Build/Products/Release/NotchOrbitPlus.swiftmodule/arm64-apple-macos.swiftmodule

SwiftDriverJobDiscovery normal x86_64 Compiling bridging header (in target 'NotchOrbitPlus' from project 'NotchOrbitPlus')

Copy /Users/runner/work/orbit/orbit/NotchOrbitPlus/build/DerivedData/Build/Products/Release/NotchOrbitPlus.swiftmodule/arm64-apple-macos.swiftdoc /Users/runner/work/orbit/orbit/NotchOrbitPlus/build/DerivedData/Build/Intermediates.noindex/NotchOrbitPlus.build/Release/NotchOrbitPlus.build/Objects-normal/arm64/NotchOrbitPlus.swiftdoc (in target 'NotchOrbitPlus' from project 'NotchOrbitPlus')
    cd /Users/runner/work/orbit/orbit/NotchOrbitPlus
    builtin-copy -exclude .DS_Store -exclude CVS -exclude .svn -exclude .git -exclude .hg -strip-unsigned-binaries -strip-deterministic -strip-tool /Applications/Xcode_26.6.app/Contents/Developer/Toolchains/XcodeDefault.xctoolchain/usr/bin/strip -resolve-src-symlinks -rename /Users/runner/work/orbit/orbit/NotchOrbitPlus/build/DerivedData/Build/Intermediates.noindex/NotchOrbitPlus.build/Release/NotchOrbitPlus.build/Objects-normal/arm64/NotchOrbitPlus.swiftdoc /Users/runner/work/orbit/orbit/NotchOrbitPlus/build/DerivedData/Build/Products/Release/NotchOrbitPlus.swiftmodule/arm64-apple-macos.swiftdoc

Copy /Users/runner/work/orbit/orbit/NotchOrbitPlus/build/DerivedData/Build/Products/Release/NotchOrbitPlus.swiftmodule/arm64-apple-macos.abi.json /Users/runner/work/orbit/orbit/NotchOrbitPlus/build/DerivedData/Build/Intermediates.noindex/NotchOrbitPlus.build/Release/NotchOrbitPlus.build/Objects-normal/arm64/NotchOrbitPlus.abi.json (in target 'NotchOrbitPlus' from project 'NotchOrbitPlus')
    cd /Users/runner/work/orbit/orbit/NotchOrbitPlus
    builtin-copy -exclude .DS_Store -exclude CVS -exclude .svn -exclude .git -exclude .hg -strip-unsigned-binaries -strip-deterministic -strip-tool /Applications/Xcode_26.6.app/Contents/Developer/Toolchains/XcodeDefault.xctoolchain/usr/bin/strip -resolve-src-symlinks -rename /Users/runner/work/orbit/orbit/NotchOrbitPlus/build/DerivedData/Build/Intermediates.noindex/NotchOrbitPlus.build/Release/NotchOrbitPlus.build/Objects-normal/arm64/NotchOrbitPlus.abi.json /Users/runner/work/orbit/orbit/NotchOrbitPlus/build/DerivedData/Build/Products/Release/NotchOrbitPlus.swiftmodule/arm64-apple-macos.abi.json

Copy /Users/runner/work/orbit/orbit/NotchOrbitPlus/build/DerivedData/Build/Products/Release/NotchOrbitPlus.swiftmodule/Project/arm64-apple-macos.swiftsourceinfo /Users/runner/work/orbit/orbit/NotchOrbitPlus/build/DerivedData/Build/Intermediates.noindex/NotchOrbitPlus.build/Release/NotchOrbitPlus.build/Objects-normal/arm64/NotchOrbitPlus.swiftsourceinfo (in target 'NotchOrbitPlus' from project 'NotchOrbitPlus')
    cd /Users/runner/work/orbit/orbit/NotchOrbitPlus
    builtin-copy -exclude .DS_Store -exclude CVS -exclude .svn -exclude .git -exclude .hg -strip-unsigned-binaries -strip-deterministic -strip-tool /Applications/Xcode_26.6.app/Contents/Developer/Toolchains/XcodeDefault.xctoolchain/usr/bin/strip -resolve-src-symlinks -rename /Users/runner/work/orbit/orbit/NotchOrbitPlus/build/DerivedData/Build/Intermediates.noindex/NotchOrbitPlus.build/Release/NotchOrbitPlus.build/Objects-normal/arm64/NotchOrbitPlus.swiftsourceinfo /Users/runner/work/orbit/orbit/NotchOrbitPlus/build/DerivedData/Build/Products/Release/NotchOrbitPlus.swiftmodule/Project/arm64-apple-macos.swiftsourceinfo

SwiftEmitModule normal x86_64 Emitting\ module\ for\ NotchOrbitPlus (in target 'NotchOrbitPlus' from project 'NotchOrbitPlus')

EmitSwiftModule normal x86_64 (in target 'NotchOrbitPlus' from project 'NotchOrbitPlus')
    cd /Users/runner/work/orbit/orbit/NotchOrbitPlus
    
/Users/runner/work/orbit/orbit/NotchOrbitPlus/Sources/NotchOrbitPlus/Tools/SystemControls/NetworkTool.swift:43:48: warning: 'init(cString:)' is deprecated: Use String(decoding: array, as: UTF8.self) instead, after truncating the null termination.
                        value.addresses.insert(String(cString: host))
                                               ^

SwiftCompile normal x86_64 Compiling\ SystemTool.swift,\ AIUsageTool.swift,\ CodexQuotaReader.swift,\ GithubActionsTool.swift,\ OnlineServiceSupport.swift,\ SalesTool.swift,\ WeatherStocksTools.swift,\ CalendarTools.swift,\ FocusAppHiding.swift,\ FocusStatsTool.swift,\ MeetingService.swift,\ TimerTools.swift,\ WorldClockTool.swift,\ PluginSandbox.swift,\ PluginsToolView.swift,\ QRImageCodec.swift,\ QRToolStore.swift,\ QRToolView.swift,\ GlobalSearchToolView.swift,\ AppearanceSettings.swift,\ LivePrioritySettings.swift,\ PlusPortableDefaults.swift /Users/runner/work/orbit/orbit/NotchOrbitPlus/Sources/NotchOrbitPlus/Tools/NativeUtilities/SystemTool.swift /Users/runner/work/orbit/orbit/NotchOrbitPlus/Sources/NotchOrbitPlus/Tools/OnlineServices/AIUsageTool.swift /Users/runner/work/orbit/orbit/NotchOrbitPlus/Sources/NotchOrbitPlus/Tools/OnlineServices/CodexQuotaReader.swift /Users/runner/work/orbit/orbit/NotchOrbitPlus/Sources/NotchOrbitPlus/Tools/OnlineServices/GithubActionsTool.swift /Users/runner/work/orbit/orbit/NotchOrbitPlus/Sources/NotchOrbitPlus/Tools/OnlineServices/OnlineServiceSupport.swift /Users/runner/work/orbit/orbit/NotchOrbitPlus/Sources/NotchOrbitPlus/Tools/OnlineServices/SalesTool.swift /Users/runner/work/orbit/orbit/NotchOrbitPlus/Sources/NotchOrbitPlus/Tools/OnlineServices/WeatherStocksTools.swift /Users/runner/work/orbit/orbit/NotchOrbitPlus/Sources/NotchOrbitPlus/Tools/Planning/CalendarTools.swift /Users/runner/work/orbit/orbit/NotchOrbitPlus/Sources/NotchOrbitPlus/Tools/Planning/FocusAppHiding.swift /Users/runner/work/orbit/orbit/NotchOrbitPlus/Sources/NotchOrbitPlus/Tools/Planning/FocusStatsTool.swift /Users/runner/work/orbit/orbit/NotchOrbitPlus/Sources/NotchOrbitPlus/Tools/Planning/MeetingService.swift /Users/runner/work/orbit/orbit/NotchOrbitPlus/Sources/NotchOrbitPlus/Tools/Planning/TimerTools.swift /Users/runner/work/orbit/orbit/NotchOrbitPlus/Sources/NotchOrbitPlus/Tools/Planning/WorldClockTool.swift /Users/runner/work/orbit/orbit/NotchOrbitPlus/Sources/NotchOrbitPlus/Tools/Plugins/PluginSandbox.swift /Users/runner/work/orbit/orbit/NotchOrbitPlus/Sources/NotchOrbitPlus/Tools/Plugins/PluginsToolView.swift /Users/runner/work/orbit/orbit/NotchOrbitPlus/Sources/NotchOrbitPlus/Tools/QR/QRImageCodec.swift /Users/runner/work/orbit/orbit/NotchOrbitPlus/Sources/NotchOrbitPlus/Tools/QR/QRToolStore.swift /Users/runner/work/orbit/orbit/NotchOrbitPlus/Sources/NotchOrbitPlus/Tools/QR/QRToolView.swift /Users/runner/work/orbit/orbit/NotchOrbitPlus/Sources/NotchOrbitPlus/Tools/Search/GlobalSearchToolView.swift /Users/runner/work/orbit/orbit/NotchOrbitPlus/Sources/NotchOrbitPlus/Tools/Settings/AppearanceSettings.swift /Users/runner/work/orbit/orbit/NotchOrbitPlus/Sources/NotchOrbitPlus/Tools/Settings/LivePrioritySettings.swift /Users/runner/work/orbit/orbit/NotchOrbitPlus/Sources/NotchOrbitPlus/Tools/Settings/PlusPortableDefaults.swift (in target 'NotchOrbitPlus' from project 'NotchOrbitPlus')
SwiftCompile normal x86_64 /Users/runner/work/orbit/orbit/NotchOrbitPlus/Sources/NotchOrbitPlus/Tools/NativeUtilities/SystemTool.swift (in target 'NotchOrbitPlus' from project 'NotchOrbitPlus')
    cd /Users/runner/work/orbit/orbit/NotchOrbitPlus
    

SwiftCompile normal x86_64 /Users/runner/work/orbit/orbit/NotchOrbitPlus/Sources/NotchOrbitPlus/Tools/OnlineServices/AIUsageTool.swift (in target 'NotchOrbitPlus' from project 'NotchOrbitPlus')
    cd /Users/runner/work/orbit/orbit/NotchOrbitPlus
    

SwiftCompile normal x86_64 /Users/runner/work/orbit/orbit/NotchOrbitPlus/Sources/NotchOrbitPlus/Tools/OnlineServices/CodexQuotaReader.swift (in target 'NotchOrbitPlus' from project 'NotchOrbitPlus')
    cd /Users/runner/work/orbit/orbit/NotchOrbitPlus
    

SwiftCompile normal x86_64 /Users/runner/work/orbit/orbit/NotchOrbitPlus/Sources/NotchOrbitPlus/Tools/OnlineServices/GithubActionsTool.swift (in target 'NotchOrbitPlus' from project 'NotchOrbitPlus')
    cd /Users/runner/work/orbit/orbit/NotchOrbitPlus
    

SwiftCompile normal x86_64 /Users/runner/work/orbit/orbit/NotchOrbitPlus/Sources/NotchOrbitPlus/Tools/OnlineServices/OnlineServiceSupport.swift (in target 'NotchOrbitPlus' from project 'NotchOrbitPlus')
    cd /Users/runner/work/orbit/orbit/NotchOrbitPlus
    
/Users/runner/work/orbit/orbit/NotchOrbitPlus/Sources/NotchOrbitPlus/Tools/OnlineServices/OnlineServiceSupport.swift:12:48: warning: 'kSecUseAuthenticationUIFail' was deprecated in macOS 11.0: Instead of kSecUseAuthenticationUI, use kSecUseAuthenticationContext and set LAContext.interactionNotAllowed property
            kSecUseAuthenticationUI as String: kSecUseAuthenticationUIFail]
                                               ^

SwiftCompile normal x86_64 /Users/runner/work/orbit/orbit/NotchOrbitPlus/Sources/NotchOrbitPlus/Tools/OnlineServices/SalesTool.swift (in target 'NotchOrbitPlus' from project 'NotchOrbitPlus')
    cd /Users/runner/work/orbit/orbit/NotchOrbitPlus
    

SwiftCompile normal x86_64 /Users/runner/work/orbit/orbit/NotchOrbitPlus/Sources/NotchOrbitPlus/Tools/OnlineServices/WeatherStocksTools.swift (in target 'NotchOrbitPlus' from project 'NotchOrbitPlus')
    cd /Users/runner/work/orbit/orbit/NotchOrbitPlus
    

SwiftCompile normal x86_64 /Users/runner/work/orbit/orbit/NotchOrbitPlus/Sources/NotchOrbitPlus/Tools/Planning/CalendarTools.swift (in target 'NotchOrbitPlus' from project 'NotchOrbitPlus')
    cd /Users/runner/work/orbit/orbit/NotchOrbitPlus
    

SwiftCompile normal x86_64 /Users/runner/work/orbit/orbit/NotchOrbitPlus/Sources/NotchOrbitPlus/Tools/Planning/FocusAppHiding.swift (in target 'NotchOrbitPlus' from project 'NotchOrbitPlus')
    cd /Users/runner/work/orbit/orbit/NotchOrbitPlus
    

SwiftCompile normal x86_64 /Users/runner/work/orbit/orbit/NotchOrbitPlus/Sources/NotchOrbitPlus/Tools/Planning/FocusStatsTool.swift (in target 'NotchOrbitPlus' from project 'NotchOrbitPlus')
    cd /Users/runner/work/orbit/orbit/NotchOrbitPlus
    

SwiftCompile normal x86_64 /Users/runner/work/orbit/orbit/NotchOrbitPlus/Sources/NotchOrbitPlus/Tools/Planning/MeetingService.swift (in target 'NotchOrbitPlus' from project 'NotchOrbitPlus')
    cd /Users/runner/work/orbit/orbit/NotchOrbitPlus
    

SwiftCompile normal x86_64 /Users/runner/work/orbit/orbit/NotchOrbitPlus/Sources/NotchOrbitPlus/Tools/Planning/TimerTools.swift (in target 'NotchOrbitPlus' from project 'NotchOrbitPlus')
    cd /Users/runner/work/orbit/orbit/NotchOrbitPlus
    

SwiftCompile normal x86_64 /Users/runner/work/orbit/orbit/NotchOrbitPlus/Sources/NotchOrbitPlus/Tools/Planning/WorldClockTool.swift (in target 'NotchOrbitPlus' from project 'NotchOrbitPlus')
    cd /Users/runner/work/orbit/orbit/NotchOrbitPlus
    

SwiftCompile normal x86_64 /Users/runner/work/orbit/orbit/NotchOrbitPlus/Sources/NotchOrbitPlus/Tools/Plugins/PluginSandbox.swift (in target 'NotchOrbitPlus' from project 'NotchOrbitPlus')
    cd /Users/runner/work/orbit/orbit/NotchOrbitPlus
    

SwiftCompile normal x86_64 /Users/runner/work/orbit/orbit/NotchOrbitPlus/Sources/NotchOrbitPlus/Tools/Plugins/PluginsToolView.swift (in target 'NotchOrbitPlus' from project 'NotchOrbitPlus')
    cd /Users/runner/work/orbit/orbit/NotchOrbitPlus
    

SwiftCompile normal x86_64 /Users/runner/work/orbit/orbit/NotchOrbitPlus/Sources/NotchOrbitPlus/Tools/QR/QRImageCodec.swift (in target 'NotchOrbitPlus' from project 'NotchOrbitPlus')
    cd /Users/runner/work/orbit/orbit/NotchOrbitPlus
    

SwiftCompile normal x86_64 /Users/runner/work/orbit/orbit/NotchOrbitPlus/Sources/NotchOrbitPlus/Tools/QR/QRToolStore.swift (in target 'NotchOrbitPlus' from project 'NotchOrbitPlus')
    cd /Users/runner/work/orbit/orbit/NotchOrbitPlus
    

SwiftCompile normal x86_64 /Users/runner/work/orbit/orbit/NotchOrbitPlus/Sources/NotchOrbitPlus/Tools/QR/QRToolView.swift (in target 'NotchOrbitPlus' from project 'NotchOrbitPlus')
    cd /Users/runner/work/orbit/orbit/NotchOrbitPlus
    

SwiftCompile normal x86_64 /Users/runner/work/orbit/orbit/NotchOrbitPlus/Sources/NotchOrbitPlus/Tools/Search/GlobalSearchToolView.swift (in target 'NotchOrbitPlus' from project 'NotchOrbitPlus')
    cd /Users/runner/work/orbit/orbit/NotchOrbitPlus
    

SwiftCompile normal x86_64 /Users/runner/work/orbit/orbit/NotchOrbitPlus/Sources/NotchOrbitPlus/Tools/Settings/AppearanceSettings.swift (in target 'NotchOrbitPlus' from project 'NotchOrbitPlus')
    cd /Users/runner/work/orbit/orbit/NotchOrbitPlus
    

SwiftCompile normal x86_64 /Users/runner/work/orbit/orbit/NotchOrbitPlus/Sources/NotchOrbitPlus/Tools/Settings/LivePrioritySettings.swift (in target 'NotchOrbitPlus' from project 'NotchOrbitPlus')
    cd /Users/runner/work/orbit/orbit/NotchOrbitPlus
    

SwiftCompile normal x86_64 /Users/runner/work/orbit/orbit/NotchOrbitPlus/Sources/NotchOrbitPlus/Tools/Settings/PlusPortableDefaults.swift (in target 'NotchOrbitPlus' from project 'NotchOrbitPlus')
    cd /Users/runner/work/orbit/orbit/NotchOrbitPlus
    

SwiftDriverJobDiscovery normal x86_64 Emitting module for NotchOrbitPlus (in target 'NotchOrbitPlus' from project 'NotchOrbitPlus')

SwiftDriver\ Compilation\ Requirements NotchOrbitPlus normal x86_64 com.apple.xcode.tools.swift.compiler (in target 'NotchOrbitPlus' from project 'NotchOrbitPlus')
    cd /Users/runner/work/orbit/orbit/NotchOrbitPlus
    builtin-Swift-Compilation-Requirements -- /Applications/Xcode_26.6.app/Contents/Developer/Toolchains/XcodeDefault.xctoolchain/usr/bin/swiftc -module-name NotchOrbitPlus -O @/Users/runner/work/orbit/orbit/NotchOrbitPlus/build/DerivedData/Build/Intermediates.noindex/NotchOrbitPlus.build/Release/NotchOrbitPlus.build/Objects-normal/x86_64/NotchOrbitPlus.SwiftFileList -enable-experimental-feature DebugDescriptionMacro -sdk /Applications/Xcode_26.6.app/Contents/Developer/Platforms/MacOSX.platform/Developer/SDKs/MacOSX26.5.sdk -target x86_64-apple-macos14.0 -g -module-cache-path /Users/runner/work/orbit/orbit/NotchOrbitPlus/build/DerivedData/ModuleCache.noindex -Xfrontend -serialize-debugging-options -enable-testing -swift-version 6 -I /Users/runner/work/orbit/orbit/NotchOrbitPlus/build/DerivedData/Build/Products/Release -I /Users/runner/work/orbit/orbit/NotchOrbitPlus/build/DerivedData/Build/Products/Release -F /Users/runner/work/orbit/orbit/NotchOrbitPlus/build/DerivedData/Build/Products/Release -c -j3 -enable-batch-mode -incremental -Xcc -ivfsstatcache -Xcc /Users/runner/work/orbit/orbit/NotchOrbitPlus/build/DerivedData/SDKStatCaches.noindex/macosx26.5-25F70-688ef53f1462e2c8f657fdc38a81448fee0e6409aa6676c5e6c013d148225433.sdkstatcache -output-file-map /Users/runner/work/orbit/orbit/NotchOrbitPlus/build/DerivedData/Build/Intermediates.noindex/NotchOrbitPlus.build/Release/NotchOrbitPlus.build/Objects-normal/x86_64/NotchOrbitPlus-OutputFileMap.json -use-frontend-parseable-output -save-temps -no-color-diagnostics -explicit-module-build -module-cache-path /Users/runner/work/orbit/orbit/NotchOrbitPlus/build/DerivedData/Build/Intermediates.noindex/SwiftExplicitPrecompiledModules -clang-scanner-module-cache-path /Users/runner/work/orbit/orbit/NotchOrbitPlus/build/DerivedData/ModuleCache.noindex -sdk-module-cache-path /Users/runner/work/orbit/orbit/NotchOrbitPlus/build/DerivedData/ModuleCache.noindex -serialize-diagnostics -emit-dependencies -emit-module -emit-module-path /Users/runner/work/orbit/orbit/NotchOrbitPlus/build/DerivedData/Build/Intermediates.noindex/NotchOrbitPlus.build/Release/NotchOrbitPlus.build/Objects-normal/x86_64/NotchOrbitPlus.swiftmodule -validate-clang-modules-once -clang-build-session-file /Users/runner/work/orbit/orbit/NotchOrbitPlus/build/DerivedData/ModuleCache.noindex/Session.modulevalidation -Xcc -I/Users/runner/work/orbit/orbit/NotchOrbitPlus/build/DerivedData/Build/Intermediates.noindex/NotchOrbitPlus.build/Release/NotchOrbitPlus.build/swift-overrides.hmap -emit-const-values -Xfrontend -const-gather-protocols-file -Xfrontend /Users/runner/work/orbit/orbit/NotchOrbitPlus/build/DerivedData/Build/Intermediates.noindex/NotchOrbitPlus.build/Release/NotchOrbitPlus.build/Objects-normal/x86_64/NotchOrbitPlus_const_extract_protocols.json -Xcc -iquote -Xcc /Users/runner/work/orbit/orbit/NotchOrbitPlus/build/DerivedData/Build/Intermediates.noindex/NotchOrbitPlus.build/Release/NotchOrbitPlus.build/NotchOrbitPlus-generated-files.hmap -Xcc -I/Users/runner/work/orbit/orbit/NotchOrbitPlus/build/DerivedData/Build/Intermediates.noindex/NotchOrbitPlus.build/Release/NotchOrbitPlus.build/NotchOrbitPlus-own-target-headers.hmap -Xcc -I/Users/runner/work/orbit/orbit/NotchOrbitPlus/build/DerivedData/Build/Intermediates.noindex/NotchOrbitPlus.build/Release/NotchOrbitPlus.build/NotchOrbitPlus-all-non-framework-target-headers.hmap -Xcc -ivfsoverlay -Xcc /Users/runner/work/orbit/orbit/NotchOrbitPlus/build/DerivedData/Build/Intermediates.noindex/NotchOrbitPlus.build/Release/NotchOrbitPlus-f72668d2e0dd56b95fac80a5a9a4b360-VFS/all-product-headers.yaml -Xcc -iquote -Xcc /Users/runner/work/orbit/orbit/NotchOrbitPlus/build/DerivedData/Build/Intermediates.noindex/NotchOrbitPlus.build/Release/NotchOrbitPlus.build/NotchOrbitPlus-project-headers.hmap -Xcc -I/Users/runner/work/orbit/orbit/NotchOrbitPlus/build/DerivedData/Build/Products/Release/include -Xcc -I/Users/runner/work/orbit/orbit/build/WebP/include -Xcc -I/Users/runner/work/orbit/orbit/NotchOrbitPlus/build/DerivedData/Build/Intermediates.noindex/NotchOrbitPlus.build/Release/NotchOrbitPlus.build/DerivedSources-normal/x86_64 -Xcc -I/Users/runner/work/orbit/orbit/NotchOrbitPlus/build/DerivedData/Build/Intermediates.noindex/NotchOrbitPlus.build/Release/NotchOrbitPlus.build/DerivedSources/x86_64 -Xcc -I/Users/runner/work/orbit/orbit/NotchOrbitPlus/build/DerivedData/Build/Intermediates.noindex/NotchOrbitPlus.build/Release/NotchOrbitPlus.build/DerivedSources -emit-objc-header -emit-objc-header-path /Users/runner/work/orbit/orbit/NotchOrbitPlus/build/DerivedData/Build/Intermediates.noindex/NotchOrbitPlus.build/Release/NotchOrbitPlus.build/Objects-normal/x86_64/NotchOrbitPlus-Swift.h -import-objc-header /Users/runner/work/orbit/orbit/Sources/OrbitDrop/WebPBridge.h -working-directory /Users/runner/work/orbit/orbit/NotchOrbitPlus -experimental-emit-module-separately -disable-cmo

SwiftDriverJobDiscovery normal arm64 Compiling ClipboardImageOCR.swift, ClipboardToolView.swift, ConverterToolView.swift, CurrencyConverterTool.swift, EmojiToolView.swift, FileShelfToolView.swift, LocalProductivityLifecycle.swift, LocalToolStorage.swift, OrbitInboxStore.swift, QuickNoteToolView.swift, ShelfCollectionsStore.swift, ShelfQuickLookController.swift, ShelfSettingsView.swift, ToDosToolView.swift, AssistantTool.swift, MirrorTool.swift, NativeToolVisibility.swift, NowPlayingTool.swift, PlusLRCLyricsClient.swift, PlusMediaRemoteSource.swift, PlusSpotifyArtworkClient.swift, ShortcutsTool.swift (in target 'NotchOrbitPlus' from project 'NotchOrbitPlus')

SwiftCompile normal x86_64 Compiling\ AppModel.swift,\ ArchiveEngine.swift,\ FileEngine.swift,\ FileInspector.swift,\ ImageEngine.swift,\ MediaEngine.swift,\ OutputTransaction.swift,\ PDFEngine.swift,\ DashboardPreferences.swift,\ GlobalNotchShortcut.swift,\ LiveCompactView.swift,\ NotchDashboardController.swift,\ NotchDashboardView.swift,\ PlusFullscreenDetection.swift,\ PlusIntegration.swift,\ NotchDragMonitor.swift,\ NotchPanelController.swift,\ NotchScreenLayout.swift,\ NotchOrbitPlusApp.swift,\ CommandHelpers.swift,\ CommandSocketListener.swift,\ CommandsTool.swift,\ DownloadsTool.swift /Users/runner/work/orbit/orbit/Sources/OrbitDrop/AppModel.swift /Users/runner/work/orbit/orbit/Sources/OrbitDrop/Engines/ArchiveEngine.swift /Users/runner/work/orbit/orbit/Sources/OrbitDrop/Engines/FileEngine.swift /Users/runner/work/orbit/orbit/Sources/OrbitDrop/Engines/FileInspector.swift /Users/runner/work/orbit/orbit/Sources/OrbitDrop/Engines/ImageEngine.swift /Users/runner/work/orbit/orbit/Sources/OrbitDrop/Engines/MediaEngine.swift /Users/runner/work/orbit/orbit/Sources/OrbitDrop/Engines/OutputTransaction.swift /Users/runner/work/orbit/orbit/Sources/OrbitDrop/Engines/PDFEngine.swift /Users/runner/work/orbit/orbit/NotchOrbitPlus/Sources/NotchOrbitPlus/Dashboard/DashboardPreferences.swift /Users/runner/work/orbit/orbit/NotchOrbitPlus/Sources/NotchOrbitPlus/Dashboard/GlobalNotchShortcut.swift /Users/runner/work/orbit/orbit/NotchOrbitPlus/Sources/NotchOrbitPlus/Dashboard/LiveCompactView.swift /Users/runner/work/orbit/orbit/NotchOrbitPlus/Sources/NotchOrbitPlus/Dashboard/NotchDashboardController.swift /Users/runner/work/orbit/orbit/NotchOrbitPlus/Sources/NotchOrbitPlus/Dashboard/NotchDashboardView.swift /Users/runner/work/orbit/orbit/NotchOrbitPlus/Sources/NotchOrbitPlus/Dashboard/PlusFullscreenDetection.swift /Users/runner/work/orbit/orbit/NotchOrbitPlus/Sources/NotchOrbitPlus/Dashboard/PlusIntegration.swift /Users/runner/work/orbit/orbit/NotchOrbitPlus/Sources/NotchOrbitPlus/Drag/NotchDragMonitor.swift /Users/runner/work/orbit/orbit/NotchOrbitPlus/Sources/NotchOrbitPlus/Notch/NotchPanelController.swift /Users/runner/work/orbit/orbit/NotchOrbitPlus/Sources/NotchOrbitPlus/Notch/NotchScreenLayout.swift /Users/runner/work/orbit/orbit/NotchOrbitPlus/Sources/NotchOrbitPlus/NotchOrbitPlusApp.swift /Users/runner/work/orbit/orbit/NotchOrbitPlus/Sources/NotchOrbitPlus/Tools/Activities/CommandHelpers.swift /Users/runner/work/orbit/orbit/NotchOrbitPlus/Sources/NotchOrbitPlus/Tools/Activities/CommandSocketListener.swift /Users/runner/work/orbit/orbit/NotchOrbitPlus/Sources/NotchOrbitPlus/Tools/Activities/CommandsTool.swift /Users/runner/work/orbit/orbit/NotchOrbitPlus/Sources/NotchOrbitPlus/Tools/Activities/DownloadsTool.swift (in target 'NotchOrbitPlus' from project 'NotchOrbitPlus')
SwiftCompile normal x86_64 /Users/runner/work/orbit/orbit/Sources/OrbitDrop/AppModel.swift (in target 'NotchOrbitPlus' from project 'NotchOrbitPlus')
    cd /Users/runner/work/orbit/orbit/NotchOrbitPlus
    
/Users/runner/work/orbit/orbit/Sources/OrbitDrop/Engines/MediaEngine.swift:114:54: warning: 'exportPresets(compatibleWith:)' was deprecated in macOS 13.0
        let compatiblePresets = AVAssetExportSession.exportPresets(compatibleWith: asset)
                                                     ^

SwiftCompile normal x86_64 /Users/runner/work/orbit/orbit/Sources/OrbitDrop/Engines/ArchiveEngine.swift (in target 'NotchOrbitPlus' from project 'NotchOrbitPlus')
    cd /Users/runner/work/orbit/orbit/NotchOrbitPlus
    
/Users/runner/work/orbit/orbit/Sources/OrbitDrop/Engines/MediaEngine.swift:114:54: warning: 'exportPresets(compatibleWith:)' was deprecated in macOS 13.0
        let compatiblePresets = AVAssetExportSession.exportPresets(compatibleWith: asset)
                                                     ^

SwiftCompile normal x86_64 /Users/runner/work/orbit/orbit/Sources/OrbitDrop/Engines/FileEngine.swift (in target 'NotchOrbitPlus' from project 'NotchOrbitPlus')
    cd /Users/runner/work/orbit/orbit/NotchOrbitPlus
    
/Users/runner/work/orbit/orbit/Sources/OrbitDrop/Engines/MediaEngine.swift:114:54: warning: 'exportPresets(compatibleWith:)' was deprecated in macOS 13.0
        let compatiblePresets = AVAssetExportSession.exportPresets(compatibleWith: asset)
                                                     ^

SwiftCompile normal x86_64 /Users/runner/work/orbit/orbit/Sources/OrbitDrop/Engines/FileInspector.swift (in target 'NotchOrbitPlus' from project 'NotchOrbitPlus')
    cd /Users/runner/work/orbit/orbit/NotchOrbitPlus
    
/Users/runner/work/orbit/orbit/Sources/OrbitDrop/Engines/MediaEngine.swift:114:54: warning: 'exportPresets(compatibleWith:)' was deprecated in macOS 13.0
        let compatiblePresets = AVAssetExportSession.exportPresets(compatibleWith: asset)
                                                     ^

SwiftCompile normal x86_64 /Users/runner/work/orbit/orbit/Sources/OrbitDrop/Engines/ImageEngine.swift (in target 'NotchOrbitPlus' from project 'NotchOrbitPlus')
    cd /Users/runner/work/orbit/orbit/NotchOrbitPlus
    
/Users/runner/work/orbit/orbit/Sources/OrbitDrop/Engines/MediaEngine.swift:114:54: warning: 'exportPresets(compatibleWith:)' was deprecated in macOS 13.0
        let compatiblePresets = AVAssetExportSession.exportPresets(compatibleWith: asset)
                                                     ^

SwiftCompile normal x86_64 /Users/runner/work/orbit/orbit/Sources/OrbitDrop/Engines/MediaEngine.swift (in target 'NotchOrbitPlus' from project 'NotchOrbitPlus')
    cd /Users/runner/work/orbit/orbit/NotchOrbitPlus
    
/Users/runner/work/orbit/orbit/Sources/OrbitDrop/Engines/MediaEngine.swift:114:54: warning: 'exportPresets(compatibleWith:)' was deprecated in macOS 13.0
        let compatiblePresets = AVAssetExportSession.exportPresets(compatibleWith: asset)
                                                     ^

SwiftCompile normal x86_64 /Users/runner/work/orbit/orbit/Sources/OrbitDrop/Engines/OutputTransaction.swift (in target 'NotchOrbitPlus' from project 'NotchOrbitPlus')
    cd /Users/runner/work/orbit/orbit/NotchOrbitPlus
    
/Users/runner/work/orbit/orbit/Sources/OrbitDrop/Engines/MediaEngine.swift:114:54: warning: 'exportPresets(compatibleWith:)' was deprecated in macOS 13.0
        let compatiblePresets = AVAssetExportSession.exportPresets(compatibleWith: asset)
                                                     ^

SwiftCompile normal x86_64 /Users/runner/work/orbit/orbit/Sources/OrbitDrop/Engines/PDFEngine.swift (in target 'NotchOrbitPlus' from project 'NotchOrbitPlus')
    cd /Users/runner/work/orbit/orbit/NotchOrbitPlus
    
/Users/runner/work/orbit/orbit/Sources/OrbitDrop/Engines/MediaEngine.swift:114:54: warning: 'exportPresets(compatibleWith:)' was deprecated in macOS 13.0
        let compatiblePresets = AVAssetExportSession.exportPresets(compatibleWith: asset)
                                                     ^

SwiftCompile normal x86_64 /Users/runner/work/orbit/orbit/NotchOrbitPlus/Sources/NotchOrbitPlus/Dashboard/DashboardPreferences.swift (in target 'NotchOrbitPlus' from project 'NotchOrbitPlus')
    cd /Users/runner/work/orbit/orbit/NotchOrbitPlus
    
/Users/runner/work/orbit/orbit/Sources/OrbitDrop/Engines/MediaEngine.swift:114:54: warning: 'exportPresets(compatibleWith:)' was deprecated in macOS 13.0
        let compatiblePresets = AVAssetExportSession.exportPresets(compatibleWith: asset)
                                                     ^

SwiftCompile normal x86_64 /Users/runner/work/orbit/orbit/NotchOrbitPlus/Sources/NotchOrbitPlus/Dashboard/GlobalNotchShortcut.swift (in target 'NotchOrbitPlus' from project 'NotchOrbitPlus')
    cd /Users/runner/work/orbit/orbit/NotchOrbitPlus
    
/Users/runner/work/orbit/orbit/Sources/OrbitDrop/Engines/MediaEngine.swift:114:54: warning: 'exportPresets(compatibleWith:)' was deprecated in macOS 13.0
        let compatiblePresets = AVAssetExportSession.exportPresets(compatibleWith: asset)
                                                     ^

SwiftCompile normal x86_64 /Users/runner/work/orbit/orbit/NotchOrbitPlus/Sources/NotchOrbitPlus/Dashboard/LiveCompactView.swift (in target 'NotchOrbitPlus' from project 'NotchOrbitPlus')
    cd /Users/runner/work/orbit/orbit/NotchOrbitPlus
    
/Users/runner/work/orbit/orbit/Sources/OrbitDrop/Engines/MediaEngine.swift:114:54: warning: 'exportPresets(compatibleWith:)' was deprecated in macOS 13.0
        let compatiblePresets = AVAssetExportSession.exportPresets(compatibleWith: asset)
                                                     ^

SwiftCompile normal x86_64 /Users/runner/work/orbit/orbit/NotchOrbitPlus/Sources/NotchOrbitPlus/Dashboard/NotchDashboardController.swift (in target 'NotchOrbitPlus' from project 'NotchOrbitPlus')
    cd /Users/runner/work/orbit/orbit/NotchOrbitPlus
    
/Users/runner/work/orbit/orbit/Sources/OrbitDrop/Engines/MediaEngine.swift:114:54: warning: 'exportPresets(compatibleWith:)' was deprecated in macOS 13.0
        let compatiblePresets = AVAssetExportSession.exportPresets(compatibleWith: asset)
                                                     ^

SwiftCompile normal x86_64 /Users/runner/work/orbit/orbit/NotchOrbitPlus/Sources/NotchOrbitPlus/Dashboard/NotchDashboardView.swift (in target 'NotchOrbitPlus' from project 'NotchOrbitPlus')
    cd /Users/runner/work/orbit/orbit/NotchOrbitPlus
    
/Users/runner/work/orbit/orbit/Sources/OrbitDrop/Engines/MediaEngine.swift:114:54: warning: 'exportPresets(compatibleWith:)' was deprecated in macOS 13.0
        let compatiblePresets = AVAssetExportSession.exportPresets(compatibleWith: asset)
                                                     ^

SwiftCompile normal x86_64 /Users/runner/work/orbit/orbit/NotchOrbitPlus/Sources/NotchOrbitPlus/Dashboard/PlusFullscreenDetection.swift (in target 'NotchOrbitPlus' from project 'NotchOrbitPlus')
    cd /Users/runner/work/orbit/orbit/NotchOrbitPlus
    
/Users/runner/work/orbit/orbit/Sources/OrbitDrop/Engines/MediaEngine.swift:114:54: warning: 'exportPresets(compatibleWith:)' was deprecated in macOS 13.0
        let compatiblePresets = AVAssetExportSession.exportPresets(compatibleWith: asset)
                                                     ^

SwiftCompile normal x86_64 /Users/runner/work/orbit/orbit/NotchOrbitPlus/Sources/NotchOrbitPlus/Dashboard/PlusIntegration.swift (in target 'NotchOrbitPlus' from project 'NotchOrbitPlus')
    cd /Users/runner/work/orbit/orbit/NotchOrbitPlus
    
/Users/runner/work/orbit/orbit/Sources/OrbitDrop/Engines/MediaEngine.swift:114:54: warning: 'exportPresets(compatibleWith:)' was deprecated in macOS 13.0
        let compatiblePresets = AVAssetExportSession.exportPresets(compatibleWith: asset)
                                                     ^

SwiftCompile normal x86_64 /Users/runner/work/orbit/orbit/NotchOrbitPlus/Sources/NotchOrbitPlus/Drag/NotchDragMonitor.swift (in target 'NotchOrbitPlus' from project 'NotchOrbitPlus')
    cd /Users/runner/work/orbit/orbit/NotchOrbitPlus
    
/Users/runner/work/orbit/orbit/Sources/OrbitDrop/Engines/MediaEngine.swift:114:54: warning: 'exportPresets(compatibleWith:)' was deprecated in macOS 13.0
        let compatiblePresets = AVAssetExportSession.exportPresets(compatibleWith: asset)
                                                     ^

SwiftCompile normal x86_64 /Users/runner/work/orbit/orbit/NotchOrbitPlus/Sources/NotchOrbitPlus/Notch/NotchPanelController.swift (in target 'NotchOrbitPlus' from project 'NotchOrbitPlus')
    cd /Users/runner/work/orbit/orbit/NotchOrbitPlus
    
/Users/runner/work/orbit/orbit/Sources/OrbitDrop/Engines/MediaEngine.swift:114:54: warning: 'exportPresets(compatibleWith:)' was deprecated in macOS 13.0
        let compatiblePresets = AVAssetExportSession.exportPresets(compatibleWith: asset)
                                                     ^

SwiftCompile normal x86_64 /Users/runner/work/orbit/orbit/NotchOrbitPlus/Sources/NotchOrbitPlus/Notch/NotchScreenLayout.swift (in target 'NotchOrbitPlus' from project 'NotchOrbitPlus')
    cd /Users/runner/work/orbit/orbit/NotchOrbitPlus
    
/Users/runner/work/orbit/orbit/Sources/OrbitDrop/Engines/MediaEngine.swift:114:54: warning: 'exportPresets(compatibleWith:)' was deprecated in macOS 13.0
        let compatiblePresets = AVAssetExportSession.exportPresets(compatibleWith: asset)
                                                     ^

SwiftCompile normal x86_64 /Users/runner/work/orbit/orbit/NotchOrbitPlus/Sources/NotchOrbitPlus/NotchOrbitPlusApp.swift (in target 'NotchOrbitPlus' from project 'NotchOrbitPlus')
    cd /Users/runner/work/orbit/orbit/NotchOrbitPlus
    
/Users/runner/work/orbit/orbit/Sources/OrbitDrop/Engines/MediaEngine.swift:114:54: warning: 'exportPresets(compatibleWith:)' was deprecated in macOS 13.0
        let compatiblePresets = AVAssetExportSession.exportPresets(compatibleWith: asset)
                                                     ^
/Users/runner/work/orbit/orbit/NotchOrbitPlus/Sources/NotchOrbitPlus/NotchOrbitPlusApp.swift:399:48: warning: 'popUpMenu' was deprecated in macOS 10.14: Use the menu property instead
        } else if let statusMenu { statusItem?.popUpMenu(statusMenu) }
                                               ^

SwiftCompile normal x86_64 /Users/runner/work/orbit/orbit/NotchOrbitPlus/Sources/NotchOrbitPlus/Tools/Activities/CommandHelpers.swift (in target 'NotchOrbitPlus' from project 'NotchOrbitPlus')
    cd /Users/runner/work/orbit/orbit/NotchOrbitPlus
    
/Users/runner/work/orbit/orbit/Sources/OrbitDrop/Engines/MediaEngine.swift:114:54: warning: 'exportPresets(compatibleWith:)' was deprecated in macOS 13.0
        let compatiblePresets = AVAssetExportSession.exportPresets(compatibleWith: asset)
                                                     ^

SwiftCompile normal x86_64 /Users/runner/work/orbit/orbit/NotchOrbitPlus/Sources/NotchOrbitPlus/Tools/Activities/CommandSocketListener.swift (in target 'NotchOrbitPlus' from project 'NotchOrbitPlus')
    cd /Users/runner/work/orbit/orbit/NotchOrbitPlus
    
/Users/runner/work/orbit/orbit/Sources/OrbitDrop/Engines/MediaEngine.swift:114:54: warning: 'exportPresets(compatibleWith:)' was deprecated in macOS 13.0
        let compatiblePresets = AVAssetExportSession.exportPresets(compatibleWith: asset)
                                                     ^

SwiftCompile normal x86_64 /Users/runner/work/orbit/orbit/NotchOrbitPlus/Sources/NotchOrbitPlus/Tools/Activities/CommandsTool.swift (in target 'NotchOrbitPlus' from project 'NotchOrbitPlus')
    cd /Users/runner/work/orbit/orbit/NotchOrbitPlus
    
/Users/runner/work/orbit/orbit/Sources/OrbitDrop/Engines/MediaEngine.swift:114:54: warning: 'exportPresets(compatibleWith:)' was deprecated in macOS 13.0
        let compatiblePresets = AVAssetExportSession.exportPresets(compatibleWith: asset)
                                                     ^

SwiftCompile normal x86_64 /Users/runner/work/orbit/orbit/NotchOrbitPlus/Sources/NotchOrbitPlus/Tools/Activities/DownloadsTool.swift (in target 'NotchOrbitPlus' from project 'NotchOrbitPlus')
    cd /Users/runner/work/orbit/orbit/NotchOrbitPlus
    
/Users/runner/work/orbit/orbit/Sources/OrbitDrop/Engines/MediaEngine.swift:114:54: warning: 'exportPresets(compatibleWith:)' was deprecated in macOS 13.0
        let compatiblePresets = AVAssetExportSession.exportPresets(compatibleWith: asset)
                                                     ^

SwiftMergeGeneratedHeaders /Users/runner/work/orbit/orbit/NotchOrbitPlus/build/DerivedData/Build/Intermediates.noindex/NotchOrbitPlus.build/Release/NotchOrbitPlus.build/DerivedSources/NotchOrbitPlus-Swift.h /Users/runner/work/orbit/orbit/NotchOrbitPlus/build/DerivedData/Build/Intermediates.noindex/NotchOrbitPlus.build/Release/NotchOrbitPlus.build/Objects-normal/arm64/NotchOrbitPlus-Swift.h /Users/runner/work/orbit/orbit/NotchOrbitPlus/build/DerivedData/Build/Intermediates.noindex/NotchOrbitPlus.build/Release/NotchOrbitPlus.build/Objects-normal/x86_64/NotchOrbitPlus-Swift.h (in target 'NotchOrbitPlus' from project 'NotchOrbitPlus')
    cd /Users/runner/work/orbit/orbit/NotchOrbitPlus
    builtin-swiftHeaderTool -arch arm64 /Users/runner/work/orbit/orbit/NotchOrbitPlus/build/DerivedData/Build/Intermediates.noindex/NotchOrbitPlus.build/Release/NotchOrbitPlus.build/Objects-normal/arm64/NotchOrbitPlus-Swift.h -arch x86_64 /Users/runner/work/orbit/orbit/NotchOrbitPlus/build/DerivedData/Build/Intermediates.noindex/NotchOrbitPlus.build/Release/NotchOrbitPlus.build/Objects-normal/x86_64/NotchOrbitPlus-Swift.h -o /Users/runner/work/orbit/orbit/NotchOrbitPlus/build/DerivedData/Build/Intermediates.noindex/NotchOrbitPlus.build/Release/NotchOrbitPlus.build/DerivedSources/NotchOrbitPlus-Swift.h

SwiftDriverJobDiscovery normal arm64 Compiling SystemTool.swift, AIUsageTool.swift, CodexQuotaReader.swift, GithubActionsTool.swift, OnlineServiceSupport.swift, SalesTool.swift, WeatherStocksTools.swift, CalendarTools.swift, FocusAppHiding.swift, FocusStatsTool.swift, MeetingService.swift, TimerTools.swift, WorldClockTool.swift, PluginSandbox.swift, PluginsToolView.swift, QRImageCodec.swift, QRToolStore.swift, QRToolView.swift, GlobalSearchToolView.swift, AppearanceSettings.swift, LivePrioritySettings.swift, PlusPortableDefaults.swift (in target 'NotchOrbitPlus' from project 'NotchOrbitPlus')

Copy /Users/runner/work/orbit/orbit/NotchOrbitPlus/build/DerivedData/Build/Products/Release/NotchOrbitPlus.swiftmodule/x86_64-apple-macos.swiftmodule /Users/runner/work/orbit/orbit/NotchOrbitPlus/build/DerivedData/Build/Intermediates.noindex/NotchOrbitPlus.build/Release/NotchOrbitPlus.build/Objects-normal/x86_64/NotchOrbitPlus.swiftmodule (in target 'NotchOrbitPlus' from project 'NotchOrbitPlus')
    cd /Users/runner/work/orbit/orbit/NotchOrbitPlus
    builtin-copy -exclude .DS_Store -exclude CVS -exclude .svn -exclude .git -exclude .hg -strip-unsigned-binaries -strip-deterministic -strip-tool /Applications/Xcode_26.6.app/Contents/Developer/Toolchains/XcodeDefault.xctoolchain/usr/bin/strip -resolve-src-symlinks -rename /Users/runner/work/orbit/orbit/NotchOrbitPlus/build/DerivedData/Build/Intermediates.noindex/NotchOrbitPlus.build/Release/NotchOrbitPlus.build/Objects-normal/x86_64/NotchOrbitPlus.swiftmodule /Users/runner/work/orbit/orbit/NotchOrbitPlus/build/DerivedData/Build/Products/Release/NotchOrbitPlus.swiftmodule/x86_64-apple-macos.swiftmodule

Copy /Users/runner/work/orbit/orbit/NotchOrbitPlus/build/DerivedData/Build/Products/Release/NotchOrbitPlus.swiftmodule/x86_64-apple-macos.swiftdoc /Users/runner/work/orbit/orbit/NotchOrbitPlus/build/DerivedData/Build/Intermediates.noindex/NotchOrbitPlus.build/Release/NotchOrbitPlus.build/Objects-normal/x86_64/NotchOrbitPlus.swiftdoc (in target 'NotchOrbitPlus' from project 'NotchOrbitPlus')
    cd /Users/runner/work/orbit/orbit/NotchOrbitPlus
    builtin-copy -exclude .DS_Store -exclude CVS -exclude .svn -exclude .git -exclude .hg -strip-unsigned-binaries -strip-deterministic -strip-tool /Applications/Xcode_26.6.app/Contents/Developer/Toolchains/XcodeDefault.xctoolchain/usr/bin/strip -resolve-src-symlinks -rename /Users/runner/work/orbit/orbit/NotchOrbitPlus/build/DerivedData/Build/Intermediates.noindex/NotchOrbitPlus.build/Release/NotchOrbitPlus.build/Objects-normal/x86_64/NotchOrbitPlus.swiftdoc /Users/runner/work/orbit/orbit/NotchOrbitPlus/build/DerivedData/Build/Products/Release/NotchOrbitPlus.swiftmodule/x86_64-apple-macos.swiftdoc

Copy /Users/runner/work/orbit/orbit/NotchOrbitPlus/build/DerivedData/Build/Products/Release/NotchOrbitPlus.swiftmodule/x86_64-apple-macos.abi.json /Users/runner/work/orbit/orbit/NotchOrbitPlus/build/DerivedData/Build/Intermediates.noindex/NotchOrbitPlus.build/Release/NotchOrbitPlus.build/Objects-normal/x86_64/NotchOrbitPlus.abi.json (in target 'NotchOrbitPlus' from project 'NotchOrbitPlus')
    cd /Users/runner/work/orbit/orbit/NotchOrbitPlus
    builtin-copy -exclude .DS_Store -exclude CVS -exclude .svn -exclude .git -exclude .hg -strip-unsigned-binaries -strip-deterministic -strip-tool /Applications/Xcode_26.6.app/Contents/Developer/Toolchains/XcodeDefault.xctoolchain/usr/bin/strip -resolve-src-symlinks -rename /Users/runner/work/orbit/orbit/NotchOrbitPlus/build/DerivedData/Build/Intermediates.noindex/NotchOrbitPlus.build/Release/NotchOrbitPlus.build/Objects-normal/x86_64/NotchOrbitPlus.abi.json /Users/runner/work/orbit/orbit/NotchOrbitPlus/build/DerivedData/Build/Products/Release/NotchOrbitPlus.swiftmodule/x86_64-apple-macos.abi.json

Copy /Users/runner/work/orbit/orbit/NotchOrbitPlus/build/DerivedData/Build/Products/Release/NotchOrbitPlus.swiftmodule/Project/x86_64-apple-macos.swiftsourceinfo /Users/runner/work/orbit/orbit/NotchOrbitPlus/build/DerivedData/Build/Intermediates.noindex/NotchOrbitPlus.build/Release/NotchOrbitPlus.build/Objects-normal/x86_64/NotchOrbitPlus.swiftsourceinfo (in target 'NotchOrbitPlus' from project 'NotchOrbitPlus')
    cd /Users/runner/work/orbit/orbit/NotchOrbitPlus
    builtin-copy -exclude .DS_Store -exclude CVS -exclude .svn -exclude .git -exclude .hg -strip-unsigned-binaries -strip-deterministic -strip-tool /Applications/Xcode_26.6.app/Contents/Developer/Toolchains/XcodeDefault.xctoolchain/usr/bin/strip -resolve-src-symlinks -rename /Users/runner/work/orbit/orbit/NotchOrbitPlus/build/DerivedData/Build/Intermediates.noindex/NotchOrbitPlus.build/Release/NotchOrbitPlus.build/Objects-normal/x86_64/NotchOrbitPlus.swiftsourceinfo /Users/runner/work/orbit/orbit/NotchOrbitPlus/build/DerivedData/Build/Products/Release/NotchOrbitPlus.swiftmodule/Project/x86_64-apple-macos.swiftsourceinfo

SwiftCompile normal arm64 Compiling\ AssistantFileIO.swift,\ AssistantFilesStore.swift,\ AssistantFilesToolView.swift,\ CaptureAreaSelector.swift,\ CaptureMovieWriter.swift,\ CaptureToolVisibility.swift,\ ScreenshotShelfStore.swift,\ ScreenshotShelfToolView.swift,\ ClipboardTransformToolView.swift,\ ColorPickerStore.swift,\ ColorPickerToolView.swift,\ ContextTool.swift,\ DictationHoldShortcut.swift,\ DictationNativeSession.swift,\ DictationToolStore.swift,\ DictationToolView.swift,\ PlusOnboardingView.swift,\ PlusUpdateInstaller.swift,\ PlusUpdateService.swift,\ HabitsToolView.swift,\ LauncherBookmarks.swift,\ QuickLauncherTool.swift /Users/runner/work/orbit/orbit/NotchOrbitPlus/Sources/NotchOrbitPlus/Tools/AssistantFiles/AssistantFileIO.swift /Users/runner/work/orbit/orbit/NotchOrbitPlus/Sources/NotchOrbitPlus/Tools/AssistantFiles/AssistantFilesStore.swift /Users/runner/work/orbit/orbit/NotchOrbitPlus/Sources/NotchOrbitPlus/Tools/AssistantFiles/AssistantFilesToolView.swift /Users/runner/work/orbit/orbit/NotchOrbitPlus/Sources/NotchOrbitPlus/Tools/Capture/CaptureAreaSelector.swift /Users/runner/work/orbit/orbit/NotchOrbitPlus/Sources/NotchOrbitPlus/Tools/Capture/CaptureMovieWriter.swift /Users/runner/work/orbit/orbit/NotchOrbitPlus/Sources/NotchOrbitPlus/Tools/Capture/CaptureToolVisibility.swift /Users/runner/work/orbit/orbit/NotchOrbitPlus/Sources/NotchOrbitPlus/Tools/Capture/ScreenshotShelfStore.swift /Users/runner/work/orbit/orbit/NotchOrbitPlus/Sources/NotchOrbitPlus/Tools/Capture/ScreenshotShelfToolView.swift /Users/runner/work/orbit/orbit/NotchOrbitPlus/Sources/NotchOrbitPlus/Tools/ClipboardTransform/ClipboardTransformToolView.swift /Users/runner/work/orbit/orbit/NotchOrbitPlus/Sources/NotchOrbitPlus/Tools/ColorPicker/ColorPickerStore.swift /Users/runner/work/orbit/orbit/NotchOrbitPlus/Sources/NotchOrbitPlus/Tools/ColorPicker/ColorPickerToolView.swift /Users/runner/work/orbit/orbit/NotchOrbitPlus/Sources/NotchOrbitPlus/Tools/Context/ContextTool.swift /Users/runner/work/orbit/orbit/NotchOrbitPlus/Sources/NotchOrbitPlus/Tools/Dictation/DictationHoldShortcut.swift /Users/runner/work/orbit/orbit/NotchOrbitPlus/Sources/NotchOrbitPlus/Tools/Dictation/DictationNativeSession.swift /Users/runner/work/orbit/orbit/NotchOrbitPlus/Sources/NotchOrbitPlus/Tools/Dictation/DictationToolStore.swift /Users/runner/work/orbit/orbit/NotchOrbitPlus/Sources/NotchOrbitPlus/Tools/Dictation/DictationToolView.swift /Users/runner/work/orbit/orbit/NotchOrbitPlus/Sources/NotchOrbitPlus/Tools/Distribution/PlusOnboardingView.swift /Users/runner/work/orbit/orbit/NotchOrbitPlus/Sources/NotchOrbitPlus/Tools/Distribution/PlusUpdateInstaller.swift /Users/runner/work/orbit/orbit/NotchOrbitPlus/Sources/NotchOrbitPlus/Tools/Distribution/PlusUpdateService.swift /Users/runner/work/orbit/orbit/NotchOrbitPlus/Sources/NotchOrbitPlus/Tools/Habits/HabitsToolView.swift /Users/runner/work/orbit/orbit/NotchOrbitPlus/Sources/NotchOrbitPlus/Tools/Launcher/LauncherBookmarks.swift /Users/runner/work/orbit/orbit/NotchOrbitPlus/Sources/NotchOrbitPlus/Tools/Launcher/QuickLauncherTool.swift (in target 'NotchOrbitPlus' from project 'NotchOrbitPlus')

SwiftCompile normal arm64 /Users/runner/work/orbit/orbit/NotchOrbitPlus/Sources/NotchOrbitPlus/Tools/AssistantFiles/AssistantFileIO.swift (in target 'NotchOrbitPlus' from project 'NotchOrbitPlus')
    cd /Users/runner/work/orbit/orbit/NotchOrbitPlus
    

SwiftCompile normal arm64 /Users/runner/work/orbit/orbit/NotchOrbitPlus/Sources/NotchOrbitPlus/Tools/AssistantFiles/AssistantFilesStore.swift (in target 'NotchOrbitPlus' from project 'NotchOrbitPlus')
    cd /Users/runner/work/orbit/orbit/NotchOrbitPlus
    

SwiftCompile normal arm64 /Users/runner/work/orbit/orbit/NotchOrbitPlus/Sources/NotchOrbitPlus/Tools/AssistantFiles/AssistantFilesToolView.swift (in target 'NotchOrbitPlus' from project 'NotchOrbitPlus')
    cd /Users/runner/work/orbit/orbit/NotchOrbitPlus
    

SwiftCompile normal arm64 /Users/runner/work/orbit/orbit/NotchOrbitPlus/Sources/NotchOrbitPlus/Tools/Capture/CaptureAreaSelector.swift (in target 'NotchOrbitPlus' from project 'NotchOrbitPlus')
    cd /Users/runner/work/orbit/orbit/NotchOrbitPlus
    

SwiftCompile normal arm64 /Users/runner/work/orbit/orbit/NotchOrbitPlus/Sources/NotchOrbitPlus/Tools/Capture/CaptureMovieWriter.swift (in target 'NotchOrbitPlus' from project 'NotchOrbitPlus')
    cd /Users/runner/work/orbit/orbit/NotchOrbitPlus
    

SwiftCompile normal arm64 /Users/runner/work/orbit/orbit/NotchOrbitPlus/Sources/NotchOrbitPlus/Tools/Capture/CaptureToolVisibility.swift (in target 'NotchOrbitPlus' from project 'NotchOrbitPlus')
    cd /Users/runner/work/orbit/orbit/NotchOrbitPlus
    

SwiftCompile normal arm64 /Users/runner/work/orbit/orbit/NotchOrbitPlus/Sources/NotchOrbitPlus/Tools/Capture/ScreenshotShelfStore.swift (in target 'NotchOrbitPlus' from project 'NotchOrbitPlus')
    cd /Users/runner/work/orbit/orbit/NotchOrbitPlus
    

SwiftCompile normal arm64 /Users/runner/work/orbit/orbit/NotchOrbitPlus/Sources/NotchOrbitPlus/Tools/Capture/ScreenshotShelfToolView.swift (in target 'NotchOrbitPlus' from project 'NotchOrbitPlus')
    cd /Users/runner/work/orbit/orbit/NotchOrbitPlus
    

SwiftCompile normal arm64 /Users/runner/work/orbit/orbit/NotchOrbitPlus/Sources/NotchOrbitPlus/Tools/ClipboardTransform/ClipboardTransformToolView.swift (in target 'NotchOrbitPlus' from project 'NotchOrbitPlus')
    cd /Users/runner/work/orbit/orbit/NotchOrbitPlus
    

SwiftCompile normal arm64 /Users/runner/work/orbit/orbit/NotchOrbitPlus/Sources/NotchOrbitPlus/Tools/ColorPicker/ColorPickerStore.swift (in target 'NotchOrbitPlus' from project 'NotchOrbitPlus')
    cd /Users/runner/work/orbit/orbit/NotchOrbitPlus
    

SwiftCompile normal arm64 /Users/runner/work/orbit/orbit/NotchOrbitPlus/Sources/NotchOrbitPlus/Tools/ColorPicker/ColorPickerToolView.swift (in target 'NotchOrbitPlus' from project 'NotchOrbitPlus')
    cd /Users/runner/work/orbit/orbit/NotchOrbitPlus
    

SwiftCompile normal arm64 /Users/runner/work/orbit/orbit/NotchOrbitPlus/Sources/NotchOrbitPlus/Tools/Context/ContextTool.swift (in target 'NotchOrbitPlus' from project 'NotchOrbitPlus')
    cd /Users/runner/work/orbit/orbit/NotchOrbitPlus
    

SwiftCompile normal arm64 /Users/runner/work/orbit/orbit/NotchOrbitPlus/Sources/NotchOrbitPlus/Tools/Dictation/DictationHoldShortcut.swift (in target 'NotchOrbitPlus' from project 'NotchOrbitPlus')
    cd /Users/runner/work/orbit/orbit/NotchOrbitPlus
    

SwiftCompile normal arm64 /Users/runner/work/orbit/orbit/NotchOrbitPlus/Sources/NotchOrbitPlus/Tools/Dictation/DictationNativeSession.swift (in target 'NotchOrbitPlus' from project 'NotchOrbitPlus')
    cd /Users/runner/work/orbit/orbit/NotchOrbitPlus
    

SwiftCompile normal arm64 /Users/runner/work/orbit/orbit/NotchOrbitPlus/Sources/NotchOrbitPlus/Tools/Dictation/DictationToolStore.swift (in target 'NotchOrbitPlus' from project 'NotchOrbitPlus')
    cd /Users/runner/work/orbit/orbit/NotchOrbitPlus
    

SwiftCompile normal arm64 /Users/runner/work/orbit/orbit/NotchOrbitPlus/Sources/NotchOrbitPlus/Tools/Dictation/DictationToolView.swift (in target 'NotchOrbitPlus' from project 'NotchOrbitPlus')
    cd /Users/runner/work/orbit/orbit/NotchOrbitPlus
    

SwiftCompile normal arm64 /Users/runner/work/orbit/orbit/NotchOrbitPlus/Sources/NotchOrbitPlus/Tools/Distribution/PlusOnboardingView.swift (in target 'NotchOrbitPlus' from project 'NotchOrbitPlus')
    cd /Users/runner/work/orbit/orbit/NotchOrbitPlus
    

SwiftCompile normal arm64 /Users/runner/work/orbit/orbit/NotchOrbitPlus/Sources/NotchOrbitPlus/Tools/Distribution/PlusUpdateInstaller.swift (in target 'NotchOrbitPlus' from project 'NotchOrbitPlus')
    cd /Users/runner/work/orbit/orbit/NotchOrbitPlus
    

SwiftCompile normal arm64 /Users/runner/work/orbit/orbit/NotchOrbitPlus/Sources/NotchOrbitPlus/Tools/Distribution/PlusUpdateService.swift (in target 'NotchOrbitPlus' from project 'NotchOrbitPlus')
    cd /Users/runner/work/orbit/orbit/NotchOrbitPlus
    

SwiftCompile normal arm64 /Users/runner/work/orbit/orbit/NotchOrbitPlus/Sources/NotchOrbitPlus/Tools/Habits/HabitsToolView.swift (in target 'NotchOrbitPlus' from project 'NotchOrbitPlus')
    cd /Users/runner/work/orbit/orbit/NotchOrbitPlus
    

SwiftCompile normal arm64 /Users/runner/work/orbit/orbit/NotchOrbitPlus/Sources/NotchOrbitPlus/Tools/Launcher/LauncherBookmarks.swift (in target 'NotchOrbitPlus' from project 'NotchOrbitPlus')
    cd /Users/runner/work/orbit/orbit/NotchOrbitPlus
    

SwiftCompile normal arm64 /Users/runner/work/orbit/orbit/NotchOrbitPlus/Sources/NotchOrbitPlus/Tools/Launcher/QuickLauncherTool.swift (in target 'NotchOrbitPlus' from project 'NotchOrbitPlus')
    cd /Users/runner/work/orbit/orbit/NotchOrbitPlus
    

SwiftDriverJobDiscovery normal x86_64 Compiling SystemTool.swift, AIUsageTool.swift, CodexQuotaReader.swift, GithubActionsTool.swift, OnlineServiceSupport.swift, SalesTool.swift, WeatherStocksTools.swift, CalendarTools.swift, FocusAppHiding.swift, FocusStatsTool.swift, MeetingService.swift, TimerTools.swift, WorldClockTool.swift, PluginSandbox.swift, PluginsToolView.swift, QRImageCodec.swift, QRToolStore.swift, QRToolView.swift, GlobalSearchToolView.swift, AppearanceSettings.swift, LivePrioritySettings.swift, PlusPortableDefaults.swift (in target 'NotchOrbitPlus' from project 'NotchOrbitPlus')

SwiftCompile normal x86_64 Compiling\ PlusAppIntents.swift,\ PortableLibraryFile.swift,\ SnippetsToolView.swift,\ SportsScoresTool.swift,\ PlusSyncService.swift,\ SyncFolderIO.swift,\ SyncLocalTransaction.swift,\ SyncSettingsView.swift,\ DevicesTool.swift,\ NetworkTool.swift,\ StatusTool.swift,\ SystemControlsService.swift,\ SystemHardwareControls.swift,\ PackageTrackerTool.swift,\ ProviderReadOnlyHTTPS.swift,\ TranslationTool.swift,\ TravelStatusTool.swift,\ VerificationCodesToolView.swift,\ WorkflowRunner.swift,\ WorkflowStore.swift,\ WorkflowsToolView.swift,\ NotchUtilityViews.swift /Users/runner/work/orbit/orbit/NotchOrbitPlus/Sources/NotchOrbitPlus/Tools/Shortcuts/PlusAppIntents.swift /Users/runner/work/orbit/orbit/NotchOrbitPlus/Sources/NotchOrbitPlus/Tools/Snippets/PortableLibraryFile.swift /Users/runner/work/orbit/orbit/NotchOrbitPlus/Sources/NotchOrbitPlus/Tools/Snippets/SnippetsToolView.swift /Users/runner/work/orbit/orbit/NotchOrbitPlus/Sources/NotchOrbitPlus/Tools/Sports/SportsScoresTool.swift /Users/runner/work/orbit/orbit/NotchOrbitPlus/Sources/NotchOrbitPlus/Tools/Sync/PlusSyncService.swift /Users/runner/work/orbit/orbit/NotchOrbitPlus/Sources/NotchOrbitPlus/Tools/Sync/SyncFolderIO.swift /Users/runner/work/orbit/orbit/NotchOrbitPlus/Sources/NotchOrbitPlus/Tools/Sync/SyncLocalTransaction.swift /Users/runner/work/orbit/orbit/NotchOrbitPlus/Sources/NotchOrbitPlus/Tools/Sync/SyncSettingsView.swift /Users/runner/work/orbit/orbit/NotchOrbitPlus/Sources/NotchOrbitPlus/Tools/SystemControls/DevicesTool.swift /Users/runner/work/orbit/orbit/NotchOrbitPlus/Sources/NotchOrbitPlus/Tools/SystemControls/NetworkTool.swift /Users/runner/work/orbit/orbit/NotchOrbitPlus/Sources/NotchOrbitPlus/Tools/SystemControls/StatusTool.swift /Users/runner/work/orbit/orbit/NotchOrbitPlus/Sources/NotchOrbitPlus/Tools/SystemControls/SystemControlsService.swift /Users/runner/work/orbit/orbit/NotchOrbitPlus/Sources/NotchOrbitPlus/Tools/SystemControls/SystemHardwareControls.swift /Users/runner/work/orbit/orbit/NotchOrbitPlus/Sources/NotchOrbitPlus/Tools/Tracking/PackageTrackerTool.swift /Users/runner/work/orbit/orbit/NotchOrbitPlus/Sources/NotchOrbitPlus/Tools/Tracking/ProviderReadOnlyHTTPS.swift /Users/runner/work/orbit/orbit/NotchOrbitPlus/Sources/NotchOrbitPlus/Tools/Translation/TranslationTool.swift /Users/runner/work/orbit/orbit/NotchOrbitPlus/Sources/NotchOrbitPlus/Tools/Travel/TravelStatusTool.swift /Users/runner/work/orbit/orbit/NotchOrbitPlus/Sources/NotchOrbitPlus/Tools/VerificationCodes/VerificationCodesToolView.swift /Users/runner/work/orbit/orbit/NotchOrbitPlus/Sources/NotchOrbitPlus/Tools/Workflows/WorkflowRunner.swift /Users/runner/work/orbit/orbit/NotchOrbitPlus/Sources/NotchOrbitPlus/Tools/Workflows/WorkflowStore.swift /Users/runner/work/orbit/orbit/NotchOrbitPlus/Sources/NotchOrbitPlus/Tools/Workflows/WorkflowsToolView.swift /Users/runner/work/orbit/orbit/NotchOrbitPlus/Sources/NotchOrbitPlus/UI/NotchUtilityViews.swift (in target 'NotchOrbitPlus' from project 'NotchOrbitPlus')
SwiftCompile normal x86_64 /Users/runner/work/orbit/orbit/NotchOrbitPlus/Sources/NotchOrbitPlus/Tools/Shortcuts/PlusAppIntents.swift (in target 'NotchOrbitPlus' from project 'NotchOrbitPlus')
    cd /Users/runner/work/orbit/orbit/NotchOrbitPlus
    

SwiftCompile normal x86_64 /Users/runner/work/orbit/orbit/NotchOrbitPlus/Sources/NotchOrbitPlus/Tools/Snippets/PortableLibraryFile.swift (in target 'NotchOrbitPlus' from project 'NotchOrbitPlus')
    cd /Users/runner/work/orbit/orbit/NotchOrbitPlus
    

SwiftCompile normal x86_64 /Users/runner/work/orbit/orbit/NotchOrbitPlus/Sources/NotchOrbitPlus/Tools/Snippets/SnippetsToolView.swift (in target 'NotchOrbitPlus' from project 'NotchOrbitPlus')
    cd /Users/runner/work/orbit/orbit/NotchOrbitPlus
    

SwiftCompile normal x86_64 /Users/runner/work/orbit/orbit/NotchOrbitPlus/Sources/NotchOrbitPlus/Tools/Sports/SportsScoresTool.swift (in target 'NotchOrbitPlus' from project 'NotchOrbitPlus')
    cd /Users/runner/work/orbit/orbit/NotchOrbitPlus
    

SwiftCompile normal x86_64 /Users/runner/work/orbit/orbit/NotchOrbitPlus/Sources/NotchOrbitPlus/Tools/Sync/PlusSyncService.swift (in target 'NotchOrbitPlus' from project 'NotchOrbitPlus')
    cd /Users/runner/work/orbit/orbit/NotchOrbitPlus
    

SwiftCompile normal x86_64 /Users/runner/work/orbit/orbit/NotchOrbitPlus/Sources/NotchOrbitPlus/Tools/Sync/SyncFolderIO.swift (in target 'NotchOrbitPlus' from project 'NotchOrbitPlus')
    cd /Users/runner/work/orbit/orbit/NotchOrbitPlus
    

SwiftCompile normal x86_64 /Users/runner/work/orbit/orbit/NotchOrbitPlus/Sources/NotchOrbitPlus/Tools/Sync/SyncLocalTransaction.swift (in target 'NotchOrbitPlus' from project 'NotchOrbitPlus')
    cd /Users/runner/work/orbit/orbit/NotchOrbitPlus
    

SwiftCompile normal x86_64 /Users/runner/work/orbit/orbit/NotchOrbitPlus/Sources/NotchOrbitPlus/Tools/Sync/SyncSettingsView.swift (in target 'NotchOrbitPlus' from project 'NotchOrbitPlus')
    cd /Users/runner/work/orbit/orbit/NotchOrbitPlus
    

SwiftCompile normal x86_64 /Users/runner/work/orbit/orbit/NotchOrbitPlus/Sources/NotchOrbitPlus/Tools/SystemControls/DevicesTool.swift (in target 'NotchOrbitPlus' from project 'NotchOrbitPlus')
    cd /Users/runner/work/orbit/orbit/NotchOrbitPlus
    

SwiftCompile normal x86_64 /Users/runner/work/orbit/orbit/NotchOrbitPlus/Sources/NotchOrbitPlus/Tools/SystemControls/NetworkTool.swift (in target 'NotchOrbitPlus' from project 'NotchOrbitPlus')
    cd /Users/runner/work/orbit/orbit/NotchOrbitPlus
    
/Users/runner/work/orbit/orbit/NotchOrbitPlus/Sources/NotchOrbitPlus/Tools/SystemControls/NetworkTool.swift:43:48: warning: 'init(cString:)' is deprecated: Use String(decoding: array, as: UTF8.self) instead, after truncating the null termination.
                        value.addresses.insert(String(cString: host))
                                               ^

SwiftCompile normal x86_64 /Users/runner/work/orbit/orbit/NotchOrbitPlus/Sources/NotchOrbitPlus/Tools/SystemControls/StatusTool.swift (in target 'NotchOrbitPlus' from project 'NotchOrbitPlus')
    cd /Users/runner/work/orbit/orbit/NotchOrbitPlus
    

SwiftCompile normal x86_64 /Users/runner/work/orbit/orbit/NotchOrbitPlus/Sources/NotchOrbitPlus/Tools/SystemControls/SystemControlsService.swift (in target 'NotchOrbitPlus' from project 'NotchOrbitPlus')
    cd /Users/runner/work/orbit/orbit/NotchOrbitPlus
    

SwiftCompile normal x86_64 /Users/runner/work/orbit/orbit/NotchOrbitPlus/Sources/NotchOrbitPlus/Tools/SystemControls/SystemHardwareControls.swift (in target 'NotchOrbitPlus' from project 'NotchOrbitPlus')
    cd /Users/runner/work/orbit/orbit/NotchOrbitPlus
    
/Users/runner/work/orbit/orbit/NotchOrbitPlus/Sources/NotchOrbitPlus/Tools/SystemControls/SystemHardwareControls.swift:25:75: warning: forming 'UnsafeMutableRawPointer' to a variable of type 'Optional<CFString>'; this is likely incorrect because 'Optional<CFString>' may contain an object reference.
        guard AudioObjectGetPropertyData(device, &address, 0, nil, &size, &value) == noErr else { return nil }
                                                                          ^

SwiftCompile normal x86_64 /Users/runner/work/orbit/orbit/NotchOrbitPlus/Sources/NotchOrbitPlus/Tools/Tracking/PackageTrackerTool.swift (in target 'NotchOrbitPlus' from project 'NotchOrbitPlus')
    cd /Users/runner/work/orbit/orbit/NotchOrbitPlus
    

SwiftCompile normal x86_64 /Users/runner/work/orbit/orbit/NotchOrbitPlus/Sources/NotchOrbitPlus/Tools/Tracking/ProviderReadOnlyHTTPS.swift (in target 'NotchOrbitPlus' from project 'NotchOrbitPlus')
    cd /Users/runner/work/orbit/orbit/NotchOrbitPlus
    

SwiftCompile normal x86_64 /Users/runner/work/orbit/orbit/NotchOrbitPlus/Sources/NotchOrbitPlus/Tools/Translation/TranslationTool.swift (in target 'NotchOrbitPlus' from project 'NotchOrbitPlus')
    cd /Users/runner/work/orbit/orbit/NotchOrbitPlus
    

SwiftCompile normal x86_64 /Users/runner/work/orbit/orbit/NotchOrbitPlus/Sources/NotchOrbitPlus/Tools/Travel/TravelStatusTool.swift (in target 'NotchOrbitPlus' from project 'NotchOrbitPlus')
    cd /Users/runner/work/orbit/orbit/NotchOrbitPlus
    

SwiftCompile normal x86_64 /Users/runner/work/orbit/orbit/NotchOrbitPlus/Sources/NotchOrbitPlus/Tools/VerificationCodes/VerificationCodesToolView.swift (in target 'NotchOrbitPlus' from project 'NotchOrbitPlus')
    cd /Users/runner/work/orbit/orbit/NotchOrbitPlus
    

SwiftCompile normal x86_64 /Users/runner/work/orbit/orbit/NotchOrbitPlus/Sources/NotchOrbitPlus/Tools/Workflows/WorkflowRunner.swift (in target 'NotchOrbitPlus' from project 'NotchOrbitPlus')
    cd /Users/runner/work/orbit/orbit/NotchOrbitPlus
    

SwiftCompile normal x86_64 /Users/runner/work/orbit/orbit/NotchOrbitPlus/Sources/NotchOrbitPlus/Tools/Workflows/WorkflowStore.swift (in target 'NotchOrbitPlus' from project 'NotchOrbitPlus')
    cd /Users/runner/work/orbit/orbit/NotchOrbitPlus
    

SwiftCompile normal x86_64 /Users/runner/work/orbit/orbit/NotchOrbitPlus/Sources/NotchOrbitPlus/Tools/Workflows/WorkflowsToolView.swift (in target 'NotchOrbitPlus' from project 'NotchOrbitPlus')
    cd /Users/runner/work/orbit/orbit/NotchOrbitPlus
    

SwiftCompile normal x86_64 /Users/runner/work/orbit/orbit/NotchOrbitPlus/Sources/NotchOrbitPlus/UI/NotchUtilityViews.swift (in target 'NotchOrbitPlus' from project 'NotchOrbitPlus')
    cd /Users/runner/work/orbit/orbit/NotchOrbitPlus
    

SwiftCompile normal arm64 Compiling\ PlusAppIntents.swift,\ PortableLibraryFile.swift,\ SnippetsToolView.swift,\ SportsScoresTool.swift,\ PlusSyncService.swift,\ SyncFolderIO.swift,\ SyncLocalTransaction.swift,\ SyncSettingsView.swift,\ DevicesTool.swift,\ NetworkTool.swift,\ StatusTool.swift,\ SystemControlsService.swift,\ SystemHardwareControls.swift,\ PackageTrackerTool.swift,\ ProviderReadOnlyHTTPS.swift,\ TranslationTool.swift,\ TravelStatusTool.swift,\ VerificationCodesToolView.swift,\ WorkflowRunner.swift,\ WorkflowStore.swift,\ WorkflowsToolView.swift,\ NotchUtilityViews.swift /Users/runner/work/orbit/orbit/NotchOrbitPlus/Sources/NotchOrbitPlus/Tools/Shortcuts/PlusAppIntents.swift /Users/runner/work/orbit/orbit/NotchOrbitPlus/Sources/NotchOrbitPlus/Tools/Snippets/PortableLibraryFile.swift /Users/runner/work/orbit/orbit/NotchOrbitPlus/Sources/NotchOrbitPlus/Tools/Snippets/SnippetsToolView.swift /Users/runner/work/orbit/orbit/NotchOrbitPlus/Sources/NotchOrbitPlus/Tools/Sports/SportsScoresTool.swift /Users/runner/work/orbit/orbit/NotchOrbitPlus/Sources/NotchOrbitPlus/Tools/Sync/PlusSyncService.swift /Users/runner/work/orbit/orbit/NotchOrbitPlus/Sources/NotchOrbitPlus/Tools/Sync/SyncFolderIO.swift /Users/runner/work/orbit/orbit/NotchOrbitPlus/Sources/NotchOrbitPlus/Tools/Sync/SyncLocalTransaction.swift /Users/runner/work/orbit/orbit/NotchOrbitPlus/Sources/NotchOrbitPlus/Tools/Sync/SyncSettingsView.swift /Users/runner/work/orbit/orbit/NotchOrbitPlus/Sources/NotchOrbitPlus/Tools/SystemControls/DevicesTool.swift /Users/runner/work/orbit/orbit/NotchOrbitPlus/Sources/NotchOrbitPlus/Tools/SystemControls/NetworkTool.swift /Users/runner/work/orbit/orbit/NotchOrbitPlus/Sources/NotchOrbitPlus/Tools/SystemControls/StatusTool.swift /Users/runner/work/orbit/orbit/NotchOrbitPlus/Sources/NotchOrbitPlus/Tools/SystemControls/SystemControlsService.swift /Users/runner/work/orbit/orbit/NotchOrbitPlus/Sources/NotchOrbitPlus/Tools/SystemControls/SystemHardwareControls.swift /Users/runner/work/orbit/orbit/NotchOrbitPlus/Sources/NotchOrbitPlus/Tools/Tracking/PackageTrackerTool.swift /Users/runner/work/orbit/orbit/NotchOrbitPlus/Sources/NotchOrbitPlus/Tools/Tracking/ProviderReadOnlyHTTPS.swift /Users/runner/work/orbit/orbit/NotchOrbitPlus/Sources/NotchOrbitPlus/Tools/Translation/TranslationTool.swift /Users/runner/work/orbit/orbit/NotchOrbitPlus/Sources/NotchOrbitPlus/Tools/Travel/TravelStatusTool.swift /Users/runner/work/orbit/orbit/NotchOrbitPlus/Sources/NotchOrbitPlus/Tools/VerificationCodes/VerificationCodesToolView.swift /Users/runner/work/orbit/orbit/NotchOrbitPlus/Sources/NotchOrbitPlus/Tools/Workflows/WorkflowRunner.swift /Users/runner/work/orbit/orbit/NotchOrbitPlus/Sources/NotchOrbitPlus/Tools/Workflows/WorkflowStore.swift /Users/runner/work/orbit/orbit/NotchOrbitPlus/Sources/NotchOrbitPlus/Tools/Workflows/WorkflowsToolView.swift /Users/runner/work/orbit/orbit/NotchOrbitPlus/Sources/NotchOrbitPlus/UI/NotchUtilityViews.swift (in target 'NotchOrbitPlus' from project 'NotchOrbitPlus')
SwiftCompile normal arm64 /Users/runner/work/orbit/orbit/NotchOrbitPlus/Sources/NotchOrbitPlus/Tools/Shortcuts/PlusAppIntents.swift (in target 'NotchOrbitPlus' from project 'NotchOrbitPlus')
    cd /Users/runner/work/orbit/orbit/NotchOrbitPlus
    

SwiftCompile normal arm64 /Users/runner/work/orbit/orbit/NotchOrbitPlus/Sources/NotchOrbitPlus/Tools/Snippets/PortableLibraryFile.swift (in target 'NotchOrbitPlus' from project 'NotchOrbitPlus')
    cd /Users/runner/work/orbit/orbit/NotchOrbitPlus
    

SwiftCompile normal arm64 /Users/runner/work/orbit/orbit/NotchOrbitPlus/Sources/NotchOrbitPlus/Tools/Snippets/SnippetsToolView.swift (in target 'NotchOrbitPlus' from project 'NotchOrbitPlus')
    cd /Users/runner/work/orbit/orbit/NotchOrbitPlus
    

SwiftCompile normal arm64 /Users/runner/work/orbit/orbit/NotchOrbitPlus/Sources/NotchOrbitPlus/Tools/Sports/SportsScoresTool.swift (in target 'NotchOrbitPlus' from project 'NotchOrbitPlus')
    cd /Users/runner/work/orbit/orbit/NotchOrbitPlus
    

SwiftCompile normal arm64 /Users/runner/work/orbit/orbit/NotchOrbitPlus/Sources/NotchOrbitPlus/Tools/Sync/PlusSyncService.swift (in target 'NotchOrbitPlus' from project 'NotchOrbitPlus')
    cd /Users/runner/work/orbit/orbit/NotchOrbitPlus
    

SwiftCompile normal arm64 /Users/runner/work/orbit/orbit/NotchOrbitPlus/Sources/NotchOrbitPlus/Tools/Sync/SyncFolderIO.swift (in target 'NotchOrbitPlus' from project 'NotchOrbitPlus')
    cd /Users/runner/work/orbit/orbit/NotchOrbitPlus
    

SwiftCompile normal arm64 /Users/runner/work/orbit/orbit/NotchOrbitPlus/Sources/NotchOrbitPlus/Tools/Sync/SyncLocalTransaction.swift (in target 'NotchOrbitPlus' from project 'NotchOrbitPlus')
    cd /Users/runner/work/orbit/orbit/NotchOrbitPlus
    

SwiftCompile normal arm64 /Users/runner/work/orbit/orbit/NotchOrbitPlus/Sources/NotchOrbitPlus/Tools/Sync/SyncSettingsView.swift (in target 'NotchOrbitPlus' from project 'NotchOrbitPlus')
    cd /Users/runner/work/orbit/orbit/NotchOrbitPlus
    

SwiftCompile normal arm64 /Users/runner/work/orbit/orbit/NotchOrbitPlus/Sources/NotchOrbitPlus/Tools/SystemControls/DevicesTool.swift (in target 'NotchOrbitPlus' from project 'NotchOrbitPlus')
    cd /Users/runner/work/orbit/orbit/NotchOrbitPlus
    

SwiftCompile normal arm64 /Users/runner/work/orbit/orbit/NotchOrbitPlus/Sources/NotchOrbitPlus/Tools/SystemControls/NetworkTool.swift (in target 'NotchOrbitPlus' from project 'NotchOrbitPlus')
    cd /Users/runner/work/orbit/orbit/NotchOrbitPlus
    
/Users/runner/work/orbit/orbit/NotchOrbitPlus/Sources/NotchOrbitPlus/Tools/SystemControls/NetworkTool.swift:43:48: warning: 'init(cString:)' is deprecated: Use String(decoding: array, as: UTF8.self) instead, after truncating the null termination.
                        value.addresses.insert(String(cString: host))
                                               ^

SwiftCompile normal arm64 /Users/runner/work/orbit/orbit/NotchOrbitPlus/Sources/NotchOrbitPlus/Tools/SystemControls/StatusTool.swift (in target 'NotchOrbitPlus' from project 'NotchOrbitPlus')
    cd /Users/runner/work/orbit/orbit/NotchOrbitPlus
    

SwiftCompile normal arm64 /Users/runner/work/orbit/orbit/NotchOrbitPlus/Sources/NotchOrbitPlus/Tools/SystemControls/SystemControlsService.swift (in target 'NotchOrbitPlus' from project 'NotchOrbitPlus')
    cd /Users/runner/work/orbit/orbit/NotchOrbitPlus
    

SwiftCompile normal arm64 /Users/runner/work/orbit/orbit/NotchOrbitPlus/Sources/NotchOrbitPlus/Tools/SystemControls/SystemHardwareControls.swift (in target 'NotchOrbitPlus' from project 'NotchOrbitPlus')
    cd /Users/runner/work/orbit/orbit/NotchOrbitPlus
    
/Users/runner/work/orbit/orbit/NotchOrbitPlus/Sources/NotchOrbitPlus/Tools/SystemControls/SystemHardwareControls.swift:25:75: warning: forming 'UnsafeMutableRawPointer' to a variable of type 'Optional<CFString>'; this is likely incorrect because 'Optional<CFString>' may contain an object reference.
        guard AudioObjectGetPropertyData(device, &address, 0, nil, &size, &value) == noErr else { return nil }
                                                                          ^

SwiftCompile normal arm64 /Users/runner/work/orbit/orbit/NotchOrbitPlus/Sources/NotchOrbitPlus/Tools/Tracking/PackageTrackerTool.swift (in target 'NotchOrbitPlus' from project 'NotchOrbitPlus')
    cd /Users/runner/work/orbit/orbit/NotchOrbitPlus
    

SwiftCompile normal arm64 /Users/runner/work/orbit/orbit/NotchOrbitPlus/Sources/NotchOrbitPlus/Tools/Tracking/ProviderReadOnlyHTTPS.swift (in target 'NotchOrbitPlus' from project 'NotchOrbitPlus')
    cd /Users/runner/work/orbit/orbit/NotchOrbitPlus
    

SwiftCompile normal arm64 /Users/runner/work/orbit/orbit/NotchOrbitPlus/Sources/NotchOrbitPlus/Tools/Translation/TranslationTool.swift (in target 'NotchOrbitPlus' from project 'NotchOrbitPlus')
    cd /Users/runner/work/orbit/orbit/NotchOrbitPlus
    

SwiftCompile normal arm64 /Users/runner/work/orbit/orbit/NotchOrbitPlus/Sources/NotchOrbitPlus/Tools/Travel/TravelStatusTool.swift (in target 'NotchOrbitPlus' from project 'NotchOrbitPlus')
    cd /Users/runner/work/orbit/orbit/NotchOrbitPlus
    

SwiftCompile normal arm64 /Users/runner/work/orbit/orbit/NotchOrbitPlus/Sources/NotchOrbitPlus/Tools/VerificationCodes/VerificationCodesToolView.swift (in target 'NotchOrbitPlus' from project 'NotchOrbitPlus')
    cd /Users/runner/work/orbit/orbit/NotchOrbitPlus
    

SwiftCompile normal arm64 /Users/runner/work/orbit/orbit/NotchOrbitPlus/Sources/NotchOrbitPlus/Tools/Workflows/WorkflowRunner.swift (in target 'NotchOrbitPlus' from project 'NotchOrbitPlus')
    cd /Users/runner/work/orbit/orbit/NotchOrbitPlus
    

SwiftCompile normal arm64 /Users/runner/work/orbit/orbit/NotchOrbitPlus/Sources/NotchOrbitPlus/Tools/Workflows/WorkflowStore.swift (in target 'NotchOrbitPlus' from project 'NotchOrbitPlus')
    cd /Users/runner/work/orbit/orbit/NotchOrbitPlus
    

SwiftCompile normal arm64 /Users/runner/work/orbit/orbit/NotchOrbitPlus/Sources/NotchOrbitPlus/Tools/Workflows/WorkflowsToolView.swift (in target 'NotchOrbitPlus' from project 'NotchOrbitPlus')
    cd /Users/runner/work/orbit/orbit/NotchOrbitPlus
    

SwiftCompile normal arm64 /Users/runner/work/orbit/orbit/NotchOrbitPlus/Sources/NotchOrbitPlus/UI/NotchUtilityViews.swift (in target 'NotchOrbitPlus' from project 'NotchOrbitPlus')
    cd /Users/runner/work/orbit/orbit/NotchOrbitPlus
    

SwiftDriverJobDiscovery normal arm64 Compiling AssistantFileIO.swift, AssistantFilesStore.swift, AssistantFilesToolView.swift, CaptureAreaSelector.swift, CaptureMovieWriter.swift, CaptureToolVisibility.swift, ScreenshotShelfStore.swift, ScreenshotShelfToolView.swift, ClipboardTransformToolView.swift, ColorPickerStore.swift, ColorPickerToolView.swift, ContextTool.swift, DictationHoldShortcut.swift, DictationNativeSession.swift, DictationToolStore.swift, DictationToolView.swift, PlusOnboardingView.swift, PlusUpdateInstaller.swift, PlusUpdateService.swift, HabitsToolView.swift, LauncherBookmarks.swift, QuickLauncherTool.swift (in target 'NotchOrbitPlus' from project 'NotchOrbitPlus')

SwiftCompile normal x86_64 Compiling\ AssistantFileIO.swift,\ AssistantFilesStore.swift,\ AssistantFilesToolView.swift,\ CaptureAreaSelector.swift,\ CaptureMovieWriter.swift,\ CaptureToolVisibility.swift,\ ScreenshotShelfStore.swift,\ ScreenshotShelfToolView.swift,\ ClipboardTransformToolView.swift,\ ColorPickerStore.swift,\ ColorPickerToolView.swift,\ ContextTool.swift,\ DictationHoldShortcut.swift,\ DictationNativeSession.swift,\ DictationToolStore.swift,\ DictationToolView.swift,\ PlusOnboardingView.swift,\ PlusUpdateInstaller.swift,\ PlusUpdateService.swift,\ HabitsToolView.swift,\ LauncherBookmarks.swift,\ QuickLauncherTool.swift /Users/runner/work/orbit/orbit/NotchOrbitPlus/Sources/NotchOrbitPlus/Tools/AssistantFiles/AssistantFileIO.swift /Users/runner/work/orbit/orbit/NotchOrbitPlus/Sources/NotchOrbitPlus/Tools/AssistantFiles/AssistantFilesStore.swift /Users/runner/work/orbit/orbit/NotchOrbitPlus/Sources/NotchOrbitPlus/Tools/AssistantFiles/AssistantFilesToolView.swift /Users/runner/work/orbit/orbit/NotchOrbitPlus/Sources/NotchOrbitPlus/Tools/Capture/CaptureAreaSelector.swift /Users/runner/work/orbit/orbit/NotchOrbitPlus/Sources/NotchOrbitPlus/Tools/Capture/CaptureMovieWriter.swift /Users/runner/work/orbit/orbit/NotchOrbitPlus/Sources/NotchOrbitPlus/Tools/Capture/CaptureToolVisibility.swift /Users/runner/work/orbit/orbit/NotchOrbitPlus/Sources/NotchOrbitPlus/Tools/Capture/ScreenshotShelfStore.swift /Users/runner/work/orbit/orbit/NotchOrbitPlus/Sources/NotchOrbitPlus/Tools/Capture/ScreenshotShelfToolView.swift /Users/runner/work/orbit/orbit/NotchOrbitPlus/Sources/NotchOrbitPlus/Tools/ClipboardTransform/ClipboardTransformToolView.swift /Users/runner/work/orbit/orbit/NotchOrbitPlus/Sources/NotchOrbitPlus/Tools/ColorPicker/ColorPickerStore.swift /Users/runner/work/orbit/orbit/NotchOrbitPlus/Sources/NotchOrbitPlus/Tools/ColorPicker/ColorPickerToolView.swift /Users/runner/work/orbit/orbit/NotchOrbitPlus/Sources/NotchOrbitPlus/Tools/Context/ContextTool.swift /Users/runner/work/orbit/orbit/NotchOrbitPlus/Sources/NotchOrbitPlus/Tools/Dictation/DictationHoldShortcut.swift /Users/runner/work/orbit/orbit/NotchOrbitPlus/Sources/NotchOrbitPlus/Tools/Dictation/DictationNativeSession.swift /Users/runner/work/orbit/orbit/NotchOrbitPlus/Sources/NotchOrbitPlus/Tools/Dictation/DictationToolStore.swift /Users/runner/work/orbit/orbit/NotchOrbitPlus/Sources/NotchOrbitPlus/Tools/Dictation/DictationToolView.swift /Users/runner/work/orbit/orbit/NotchOrbitPlus/Sources/NotchOrbitPlus/Tools/Distribution/PlusOnboardingView.swift /Users/runner/work/orbit/orbit/NotchOrbitPlus/Sources/NotchOrbitPlus/Tools/Distribution/PlusUpdateInstaller.swift /Users/runner/work/orbit/orbit/NotchOrbitPlus/Sources/NotchOrbitPlus/Tools/Distribution/PlusUpdateService.swift /Users/runner/work/orbit/orbit/NotchOrbitPlus/Sources/NotchOrbitPlus/Tools/Habits/HabitsToolView.swift /Users/runner/work/orbit/orbit/NotchOrbitPlus/Sources/NotchOrbitPlus/Tools/Launcher/LauncherBookmarks.swift /Users/runner/work/orbit/orbit/NotchOrbitPlus/Sources/NotchOrbitPlus/Tools/Launcher/QuickLauncherTool.swift (in target 'NotchOrbitPlus' from project 'NotchOrbitPlus')
SwiftCompile normal x86_64 /Users/runner/work/orbit/orbit/NotchOrbitPlus/Sources/NotchOrbitPlus/Tools/AssistantFiles/AssistantFileIO.swift (in target 'NotchOrbitPlus' from project 'NotchOrbitPlus')
    cd /Users/runner/work/orbit/orbit/NotchOrbitPlus
    

SwiftCompile normal x86_64 /Users/runner/work/orbit/orbit/NotchOrbitPlus/Sources/NotchOrbitPlus/Tools/AssistantFiles/AssistantFilesStore.swift (in target 'NotchOrbitPlus' from project 'NotchOrbitPlus')
    cd /Users/runner/work/orbit/orbit/NotchOrbitPlus
    

SwiftCompile normal x86_64 /Users/runner/work/orbit/orbit/NotchOrbitPlus/Sources/NotchOrbitPlus/Tools/AssistantFiles/AssistantFilesToolView.swift (in target 'NotchOrbitPlus' from project 'NotchOrbitPlus')
    cd /Users/runner/work/orbit/orbit/NotchOrbitPlus
    

SwiftCompile normal x86_64 /Users/runner/work/orbit/orbit/NotchOrbitPlus/Sources/NotchOrbitPlus/Tools/Capture/CaptureAreaSelector.swift (in target 'NotchOrbitPlus' from project 'NotchOrbitPlus')
    cd /Users/runner/work/orbit/orbit/NotchOrbitPlus
    

SwiftCompile normal x86_64 /Users/runner/work/orbit/orbit/NotchOrbitPlus/Sources/NotchOrbitPlus/Tools/Capture/CaptureMovieWriter.swift (in target 'NotchOrbitPlus' from project 'NotchOrbitPlus')
    cd /Users/runner/work/orbit/orbit/NotchOrbitPlus
    

SwiftCompile normal x86_64 /Users/runner/work/orbit/orbit/NotchOrbitPlus/Sources/NotchOrbitPlus/Tools/Capture/CaptureToolVisibility.swift (in target 'NotchOrbitPlus' from project 'NotchOrbitPlus')
    cd /Users/runner/work/orbit/orbit/NotchOrbitPlus
    

SwiftCompile normal x86_64 /Users/runner/work/orbit/orbit/NotchOrbitPlus/Sources/NotchOrbitPlus/Tools/Capture/ScreenshotShelfStore.swift (in target 'NotchOrbitPlus' from project 'NotchOrbitPlus')
    cd /Users/runner/work/orbit/orbit/NotchOrbitPlus
    

SwiftCompile normal x86_64 /Users/runner/work/orbit/orbit/NotchOrbitPlus/Sources/NotchOrbitPlus/Tools/Capture/ScreenshotShelfToolView.swift (in target 'NotchOrbitPlus' from project 'NotchOrbitPlus')
    cd /Users/runner/work/orbit/orbit/NotchOrbitPlus
    

SwiftCompile normal x86_64 /Users/runner/work/orbit/orbit/NotchOrbitPlus/Sources/NotchOrbitPlus/Tools/ClipboardTransform/ClipboardTransformToolView.swift (in target 'NotchOrbitPlus' from project 'NotchOrbitPlus')
    cd /Users/runner/work/orbit/orbit/NotchOrbitPlus
    

SwiftCompile normal x86_64 /Users/runner/work/orbit/orbit/NotchOrbitPlus/Sources/NotchOrbitPlus/Tools/ColorPicker/ColorPickerStore.swift (in target 'NotchOrbitPlus' from project 'NotchOrbitPlus')
    cd /Users/runner/work/orbit/orbit/NotchOrbitPlus
    

SwiftCompile normal x86_64 /Users/runner/work/orbit/orbit/NotchOrbitPlus/Sources/NotchOrbitPlus/Tools/ColorPicker/ColorPickerToolView.swift (in target 'NotchOrbitPlus' from project 'NotchOrbitPlus')
    cd /Users/runner/work/orbit/orbit/NotchOrbitPlus
    

SwiftCompile normal x86_64 /Users/runner/work/orbit/orbit/NotchOrbitPlus/Sources/NotchOrbitPlus/Tools/Context/ContextTool.swift (in target 'NotchOrbitPlus' from project 'NotchOrbitPlus')
    cd /Users/runner/work/orbit/orbit/NotchOrbitPlus
    

SwiftCompile normal x86_64 /Users/runner/work/orbit/orbit/NotchOrbitPlus/Sources/NotchOrbitPlus/Tools/Dictation/DictationHoldShortcut.swift (in target 'NotchOrbitPlus' from project 'NotchOrbitPlus')
    cd /Users/runner/work/orbit/orbit/NotchOrbitPlus
    

SwiftCompile normal x86_64 /Users/runner/work/orbit/orbit/NotchOrbitPlus/Sources/NotchOrbitPlus/Tools/Dictation/DictationNativeSession.swift (in target 'NotchOrbitPlus' from project 'NotchOrbitPlus')
    cd /Users/runner/work/orbit/orbit/NotchOrbitPlus
    

SwiftCompile normal x86_64 /Users/runner/work/orbit/orbit/NotchOrbitPlus/Sources/NotchOrbitPlus/Tools/Dictation/DictationToolStore.swift (in target 'NotchOrbitPlus' from project 'NotchOrbitPlus')
    cd /Users/runner/work/orbit/orbit/NotchOrbitPlus
    

SwiftCompile normal x86_64 /Users/runner/work/orbit/orbit/NotchOrbitPlus/Sources/NotchOrbitPlus/Tools/Dictation/DictationToolView.swift (in target 'NotchOrbitPlus' from project 'NotchOrbitPlus')
    cd /Users/runner/work/orbit/orbit/NotchOrbitPlus
    

SwiftCompile normal x86_64 /Users/runner/work/orbit/orbit/NotchOrbitPlus/Sources/NotchOrbitPlus/Tools/Distribution/PlusOnboardingView.swift (in target 'NotchOrbitPlus' from project 'NotchOrbitPlus')
    cd /Users/runner/work/orbit/orbit/NotchOrbitPlus
    

SwiftCompile normal x86_64 /Users/runner/work/orbit/orbit/NotchOrbitPlus/Sources/NotchOrbitPlus/Tools/Distribution/PlusUpdateInstaller.swift (in target 'NotchOrbitPlus' from project 'NotchOrbitPlus')
    cd /Users/runner/work/orbit/orbit/NotchOrbitPlus
    

SwiftCompile normal x86_64 /Users/runner/work/orbit/orbit/NotchOrbitPlus/Sources/NotchOrbitPlus/Tools/Distribution/PlusUpdateService.swift (in target 'NotchOrbitPlus' from project 'NotchOrbitPlus')
    cd /Users/runner/work/orbit/orbit/NotchOrbitPlus
    

SwiftCompile normal x86_64 /Users/runner/work/orbit/orbit/NotchOrbitPlus/Sources/NotchOrbitPlus/Tools/Habits/HabitsToolView.swift (in target 'NotchOrbitPlus' from project 'NotchOrbitPlus')
    cd /Users/runner/work/orbit/orbit/NotchOrbitPlus
    

SwiftCompile normal x86_64 /Users/runner/work/orbit/orbit/NotchOrbitPlus/Sources/NotchOrbitPlus/Tools/Launcher/LauncherBookmarks.swift (in target 'NotchOrbitPlus' from project 'NotchOrbitPlus')
    cd /Users/runner/work/orbit/orbit/NotchOrbitPlus
    

SwiftCompile normal x86_64 /Users/runner/work/orbit/orbit/NotchOrbitPlus/Sources/NotchOrbitPlus/Tools/Launcher/QuickLauncherTool.swift (in target 'NotchOrbitPlus' from project 'NotchOrbitPlus')
    cd /Users/runner/work/orbit/orbit/NotchOrbitPlus
    

SwiftDriverJobDiscovery normal x86_64 Compiling AppModel.swift, ArchiveEngine.swift, FileEngine.swift, FileInspector.swift, ImageEngine.swift, MediaEngine.swift, OutputTransaction.swift, PDFEngine.swift, DashboardPreferences.swift, GlobalNotchShortcut.swift, LiveCompactView.swift, NotchDashboardController.swift, NotchDashboardView.swift, PlusFullscreenDetection.swift, PlusIntegration.swift, NotchDragMonitor.swift, NotchPanelController.swift, NotchScreenLayout.swift, NotchOrbitPlusApp.swift, CommandHelpers.swift, CommandSocketListener.swift, CommandsTool.swift, DownloadsTool.swift (in target 'NotchOrbitPlus' from project 'NotchOrbitPlus')

SwiftCompile normal arm64 Compiling\ AppModel.swift,\ ArchiveEngine.swift,\ FileEngine.swift,\ FileInspector.swift,\ ImageEngine.swift,\ MediaEngine.swift,\ OutputTransaction.swift,\ PDFEngine.swift,\ DashboardPreferences.swift,\ GlobalNotchShortcut.swift,\ LiveCompactView.swift,\ NotchDashboardController.swift,\ NotchDashboardView.swift,\ PlusFullscreenDetection.swift,\ PlusIntegration.swift,\ NotchDragMonitor.swift,\ NotchPanelController.swift,\ NotchScreenLayout.swift,\ NotchOrbitPlusApp.swift,\ CommandHelpers.swift,\ CommandSocketListener.swift,\ CommandsTool.swift,\ DownloadsTool.swift /Users/runner/work/orbit/orbit/Sources/OrbitDrop/AppModel.swift /Users/runner/work/orbit/orbit/Sources/OrbitDrop/Engines/ArchiveEngine.swift /Users/runner/work/orbit/orbit/Sources/OrbitDrop/Engines/FileEngine.swift /Users/runner/work/orbit/orbit/Sources/OrbitDrop/Engines/FileInspector.swift /Users/runner/work/orbit/orbit/Sources/OrbitDrop/Engines/ImageEngine.swift /Users/runner/work/orbit/orbit/Sources/OrbitDrop/Engines/MediaEngine.swift /Users/runner/work/orbit/orbit/Sources/OrbitDrop/Engines/OutputTransaction.swift /Users/runner/work/orbit/orbit/Sources/OrbitDrop/Engines/PDFEngine.swift /Users/runner/work/orbit/orbit/NotchOrbitPlus/Sources/NotchOrbitPlus/Dashboard/DashboardPreferences.swift /Users/runner/work/orbit/orbit/NotchOrbitPlus/Sources/NotchOrbitPlus/Dashboard/GlobalNotchShortcut.swift /Users/runner/work/orbit/orbit/NotchOrbitPlus/Sources/NotchOrbitPlus/Dashboard/LiveCompactView.swift /Users/runner/work/orbit/orbit/NotchOrbitPlus/Sources/NotchOrbitPlus/Dashboard/NotchDashboardController.swift /Users/runner/work/orbit/orbit/NotchOrbitPlus/Sources/NotchOrbitPlus/Dashboard/NotchDashboardView.swift /Users/runner/work/orbit/orbit/NotchOrbitPlus/Sources/NotchOrbitPlus/Dashboard/PlusFullscreenDetection.swift /Users/runner/work/orbit/orbit/NotchOrbitPlus/Sources/NotchOrbitPlus/Dashboard/PlusIntegration.swift /Users/runner/work/orbit/orbit/NotchOrbitPlus/Sources/NotchOrbitPlus/Drag/NotchDragMonitor.swift /Users/runner/work/orbit/orbit/NotchOrbitPlus/Sources/NotchOrbitPlus/Notch/NotchPanelController.swift /Users/runner/work/orbit/orbit/NotchOrbitPlus/Sources/NotchOrbitPlus/Notch/NotchScreenLayout.swift /Users/runner/work/orbit/orbit/NotchOrbitPlus/Sources/NotchOrbitPlus/NotchOrbitPlusApp.swift /Users/runner/work/orbit/orbit/NotchOrbitPlus/Sources/NotchOrbitPlus/Tools/Activities/CommandHelpers.swift /Users/runner/work/orbit/orbit/NotchOrbitPlus/Sources/NotchOrbitPlus/Tools/Activities/CommandSocketListener.swift /Users/runner/work/orbit/orbit/NotchOrbitPlus/Sources/NotchOrbitPlus/Tools/Activities/CommandsTool.swift /Users/runner/work/orbit/orbit/NotchOrbitPlus/Sources/NotchOrbitPlus/Tools/Activities/DownloadsTool.swift (in target 'NotchOrbitPlus' from project 'NotchOrbitPlus')
SwiftCompile normal arm64 /Users/runner/work/orbit/orbit/Sources/OrbitDrop/AppModel.swift (in target 'NotchOrbitPlus' from project 'NotchOrbitPlus')
    cd /Users/runner/work/orbit/orbit/NotchOrbitPlus
    
/Users/runner/work/orbit/orbit/Sources/OrbitDrop/Engines/MediaEngine.swift:114:54: warning: 'exportPresets(compatibleWith:)' was deprecated in macOS 13.0
        let compatiblePresets = AVAssetExportSession.exportPresets(compatibleWith: asset)
                                                     ^

SwiftCompile normal arm64 /Users/runner/work/orbit/orbit/Sources/OrbitDrop/Engines/ArchiveEngine.swift (in target 'NotchOrbitPlus' from project 'NotchOrbitPlus')
    cd /Users/runner/work/orbit/orbit/NotchOrbitPlus
    
/Users/runner/work/orbit/orbit/Sources/OrbitDrop/Engines/MediaEngine.swift:114:54: warning: 'exportPresets(compatibleWith:)' was deprecated in macOS 13.0
        let compatiblePresets = AVAssetExportSession.exportPresets(compatibleWith: asset)
                                                     ^

SwiftCompile normal arm64 /Users/runner/work/orbit/orbit/Sources/OrbitDrop/Engines/FileEngine.swift (in target 'NotchOrbitPlus' from project 'NotchOrbitPlus')
    cd /Users/runner/work/orbit/orbit/NotchOrbitPlus
    
/Users/runner/work/orbit/orbit/Sources/OrbitDrop/Engines/MediaEngine.swift:114:54: warning: 'exportPresets(compatibleWith:)' was deprecated in macOS 13.0
        let compatiblePresets = AVAssetExportSession.exportPresets(compatibleWith: asset)
                                                     ^

SwiftCompile normal arm64 /Users/runner/work/orbit/orbit/Sources/OrbitDrop/Engines/FileInspector.swift (in target 'NotchOrbitPlus' from project 'NotchOrbitPlus')
    cd /Users/runner/work/orbit/orbit/NotchOrbitPlus
    
/Users/runner/work/orbit/orbit/Sources/OrbitDrop/Engines/MediaEngine.swift:114:54: warning: 'exportPresets(compatibleWith:)' was deprecated in macOS 13.0
        let compatiblePresets = AVAssetExportSession.exportPresets(compatibleWith: asset)
                                                     ^

SwiftCompile normal arm64 /Users/runner/work/orbit/orbit/Sources/OrbitDrop/Engines/ImageEngine.swift (in target 'NotchOrbitPlus' from project 'NotchOrbitPlus')
    cd /Users/runner/work/orbit/orbit/NotchOrbitPlus
    
/Users/runner/work/orbit/orbit/Sources/OrbitDrop/Engines/MediaEngine.swift:114:54: warning: 'exportPresets(compatibleWith:)' was deprecated in macOS 13.0
        let compatiblePresets = AVAssetExportSession.exportPresets(compatibleWith: asset)
                                                     ^

SwiftCompile normal arm64 /Users/runner/work/orbit/orbit/Sources/OrbitDrop/Engines/MediaEngine.swift (in target 'NotchOrbitPlus' from project 'NotchOrbitPlus')
    cd /Users/runner/work/orbit/orbit/NotchOrbitPlus
    
/Users/runner/work/orbit/orbit/Sources/OrbitDrop/Engines/MediaEngine.swift:114:54: warning: 'exportPresets(compatibleWith:)' was deprecated in macOS 13.0
        let compatiblePresets = AVAssetExportSession.exportPresets(compatibleWith: asset)
                                                     ^

SwiftCompile normal arm64 /Users/runner/work/orbit/orbit/Sources/OrbitDrop/Engines/OutputTransaction.swift (in target 'NotchOrbitPlus' from project 'NotchOrbitPlus')
    cd /Users/runner/work/orbit/orbit/NotchOrbitPlus
    
/Users/runner/work/orbit/orbit/Sources/OrbitDrop/Engines/MediaEngine.swift:114:54: warning: 'exportPresets(compatibleWith:)' was deprecated in macOS 13.0
        let compatiblePresets = AVAssetExportSession.exportPresets(compatibleWith: asset)
                                                     ^

SwiftCompile normal arm64 /Users/runner/work/orbit/orbit/Sources/OrbitDrop/Engines/PDFEngine.swift (in target 'NotchOrbitPlus' from project 'NotchOrbitPlus')
    cd /Users/runner/work/orbit/orbit/NotchOrbitPlus
    
/Users/runner/work/orbit/orbit/Sources/OrbitDrop/Engines/MediaEngine.swift:114:54: warning: 'exportPresets(compatibleWith:)' was deprecated in macOS 13.0
        let compatiblePresets = AVAssetExportSession.exportPresets(compatibleWith: asset)
                                                     ^

SwiftCompile normal arm64 /Users/runner/work/orbit/orbit/NotchOrbitPlus/Sources/NotchOrbitPlus/Dashboard/DashboardPreferences.swift (in target 'NotchOrbitPlus' from project 'NotchOrbitPlus')
    cd /Users/runner/work/orbit/orbit/NotchOrbitPlus
    
/Users/runner/work/orbit/orbit/Sources/OrbitDrop/Engines/MediaEngine.swift:114:54: warning: 'exportPresets(compatibleWith:)' was deprecated in macOS 13.0
        let compatiblePresets = AVAssetExportSession.exportPresets(compatibleWith: asset)
                                                     ^

SwiftCompile normal arm64 /Users/runner/work/orbit/orbit/NotchOrbitPlus/Sources/NotchOrbitPlus/Dashboard/GlobalNotchShortcut.swift (in target 'NotchOrbitPlus' from project 'NotchOrbitPlus')
    cd /Users/runner/work/orbit/orbit/NotchOrbitPlus
    
/Users/runner/work/orbit/orbit/Sources/OrbitDrop/Engines/MediaEngine.swift:114:54: warning: 'exportPresets(compatibleWith:)' was deprecated in macOS 13.0
        let compatiblePresets = AVAssetExportSession.exportPresets(compatibleWith: asset)
                                                     ^

SwiftCompile normal arm64 /Users/runner/work/orbit/orbit/NotchOrbitPlus/Sources/NotchOrbitPlus/Dashboard/LiveCompactView.swift (in target 'NotchOrbitPlus' from project 'NotchOrbitPlus')
    cd /Users/runner/work/orbit/orbit/NotchOrbitPlus
    
/Users/runner/work/orbit/orbit/Sources/OrbitDrop/Engines/MediaEngine.swift:114:54: warning: 'exportPresets(compatibleWith:)' was deprecated in macOS 13.0
        let compatiblePresets = AVAssetExportSession.exportPresets(compatibleWith: asset)
                                                     ^

SwiftCompile normal arm64 /Users/runner/work/orbit/orbit/NotchOrbitPlus/Sources/NotchOrbitPlus/Dashboard/NotchDashboardController.swift (in target 'NotchOrbitPlus' from project 'NotchOrbitPlus')
    cd /Users/runner/work/orbit/orbit/NotchOrbitPlus
    
/Users/runner/work/orbit/orbit/Sources/OrbitDrop/Engines/MediaEngine.swift:114:54: warning: 'exportPresets(compatibleWith:)' was deprecated in macOS 13.0
        let compatiblePresets = AVAssetExportSession.exportPresets(compatibleWith: asset)
                                                     ^

SwiftCompile normal arm64 /Users/runner/work/orbit/orbit/NotchOrbitPlus/Sources/NotchOrbitPlus/Dashboard/NotchDashboardView.swift (in target 'NotchOrbitPlus' from project 'NotchOrbitPlus')
    cd /Users/runner/work/orbit/orbit/NotchOrbitPlus
    
/Users/runner/work/orbit/orbit/Sources/OrbitDrop/Engines/MediaEngine.swift:114:54: warning: 'exportPresets(compatibleWith:)' was deprecated in macOS 13.0
        let compatiblePresets = AVAssetExportSession.exportPresets(compatibleWith: asset)
                                                     ^

SwiftCompile normal arm64 /Users/runner/work/orbit/orbit/NotchOrbitPlus/Sources/NotchOrbitPlus/Dashboard/PlusFullscreenDetection.swift (in target 'NotchOrbitPlus' from project 'NotchOrbitPlus')
    cd /Users/runner/work/orbit/orbit/NotchOrbitPlus
    
/Users/runner/work/orbit/orbit/Sources/OrbitDrop/Engines/MediaEngine.swift:114:54: warning: 'exportPresets(compatibleWith:)' was deprecated in macOS 13.0
        let compatiblePresets = AVAssetExportSession.exportPresets(compatibleWith: asset)
                                                     ^

SwiftCompile normal arm64 /Users/runner/work/orbit/orbit/NotchOrbitPlus/Sources/NotchOrbitPlus/Dashboard/PlusIntegration.swift (in target 'NotchOrbitPlus' from project 'NotchOrbitPlus')
    cd /Users/runner/work/orbit/orbit/NotchOrbitPlus
    
/Users/runner/work/orbit/orbit/Sources/OrbitDrop/Engines/MediaEngine.swift:114:54: warning: 'exportPresets(compatibleWith:)' was deprecated in macOS 13.0
        let compatiblePresets = AVAssetExportSession.exportPresets(compatibleWith: asset)
                                                     ^

SwiftCompile normal arm64 /Users/runner/work/orbit/orbit/NotchOrbitPlus/Sources/NotchOrbitPlus/Drag/NotchDragMonitor.swift (in target 'NotchOrbitPlus' from project 'NotchOrbitPlus')
    cd /Users/runner/work/orbit/orbit/NotchOrbitPlus
    
/Users/runner/work/orbit/orbit/Sources/OrbitDrop/Engines/MediaEngine.swift:114:54: warning: 'exportPresets(compatibleWith:)' was deprecated in macOS 13.0
        let compatiblePresets = AVAssetExportSession.exportPresets(compatibleWith: asset)
                                                     ^

SwiftCompile normal arm64 /Users/runner/work/orbit/orbit/NotchOrbitPlus/Sources/NotchOrbitPlus/Notch/NotchPanelController.swift (in target 'NotchOrbitPlus' from project 'NotchOrbitPlus')
    cd /Users/runner/work/orbit/orbit/NotchOrbitPlus
    
/Users/runner/work/orbit/orbit/Sources/OrbitDrop/Engines/MediaEngine.swift:114:54: warning: 'exportPresets(compatibleWith:)' was deprecated in macOS 13.0
        let compatiblePresets = AVAssetExportSession.exportPresets(compatibleWith: asset)
                                                     ^

SwiftCompile normal arm64 /Users/runner/work/orbit/orbit/NotchOrbitPlus/Sources/NotchOrbitPlus/Notch/NotchScreenLayout.swift (in target 'NotchOrbitPlus' from project 'NotchOrbitPlus')
    cd /Users/runner/work/orbit/orbit/NotchOrbitPlus
    
/Users/runner/work/orbit/orbit/Sources/OrbitDrop/Engines/MediaEngine.swift:114:54: warning: 'exportPresets(compatibleWith:)' was deprecated in macOS 13.0
        let compatiblePresets = AVAssetExportSession.exportPresets(compatibleWith: asset)
                                                     ^

SwiftCompile normal arm64 /Users/runner/work/orbit/orbit/NotchOrbitPlus/Sources/NotchOrbitPlus/NotchOrbitPlusApp.swift (in target 'NotchOrbitPlus' from project 'NotchOrbitPlus')
    cd /Users/runner/work/orbit/orbit/NotchOrbitPlus
    
/Users/runner/work/orbit/orbit/Sources/OrbitDrop/Engines/MediaEngine.swift:114:54: warning: 'exportPresets(compatibleWith:)' was deprecated in macOS 13.0
        let compatiblePresets = AVAssetExportSession.exportPresets(compatibleWith: asset)
                                                     ^
/Users/runner/work/orbit/orbit/NotchOrbitPlus/Sources/NotchOrbitPlus/NotchOrbitPlusApp.swift:399:48: warning: 'popUpMenu' was deprecated in macOS 10.14: Use the menu property instead
        } else if let statusMenu { statusItem?.popUpMenu(statusMenu) }
                                               ^

SwiftCompile normal arm64 /Users/runner/work/orbit/orbit/NotchOrbitPlus/Sources/NotchOrbitPlus/Tools/Activities/CommandHelpers.swift (in target 'NotchOrbitPlus' from project 'NotchOrbitPlus')
    cd /Users/runner/work/orbit/orbit/NotchOrbitPlus
    
/Users/runner/work/orbit/orbit/Sources/OrbitDrop/Engines/MediaEngine.swift:114:54: warning: 'exportPresets(compatibleWith:)' was deprecated in macOS 13.0
        let compatiblePresets = AVAssetExportSession.exportPresets(compatibleWith: asset)
                                                     ^

SwiftCompile normal arm64 /Users/runner/work/orbit/orbit/NotchOrbitPlus/Sources/NotchOrbitPlus/Tools/Activities/CommandSocketListener.swift (in target 'NotchOrbitPlus' from project 'NotchOrbitPlus')
    cd /Users/runner/work/orbit/orbit/NotchOrbitPlus
    
/Users/runner/work/orbit/orbit/Sources/OrbitDrop/Engines/MediaEngine.swift:114:54: warning: 'exportPresets(compatibleWith:)' was deprecated in macOS 13.0
        let compatiblePresets = AVAssetExportSession.exportPresets(compatibleWith: asset)
                                                     ^

SwiftCompile normal arm64 /Users/runner/work/orbit/orbit/NotchOrbitPlus/Sources/NotchOrbitPlus/Tools/Activities/CommandsTool.swift (in target 'NotchOrbitPlus' from project 'NotchOrbitPlus')
    cd /Users/runner/work/orbit/orbit/NotchOrbitPlus
    
/Users/runner/work/orbit/orbit/Sources/OrbitDrop/Engines/MediaEngine.swift:114:54: warning: 'exportPresets(compatibleWith:)' was deprecated in macOS 13.0
        let compatiblePresets = AVAssetExportSession.exportPresets(compatibleWith: asset)
                                                     ^

SwiftCompile normal arm64 /Users/runner/work/orbit/orbit/NotchOrbitPlus/Sources/NotchOrbitPlus/Tools/Activities/DownloadsTool.swift (in target 'NotchOrbitPlus' from project 'NotchOrbitPlus')
    cd /Users/runner/work/orbit/orbit/NotchOrbitPlus
    
/Users/runner/work/orbit/orbit/Sources/OrbitDrop/Engines/MediaEngine.swift:114:54: warning: 'exportPresets(compatibleWith:)' was deprecated in macOS 13.0
        let compatiblePresets = AVAssetExportSession.exportPresets(compatibleWith: asset)
                                                     ^

SwiftDriverJobDiscovery normal x86_64 Compiling PlusAppIntents.swift, PortableLibraryFile.swift, SnippetsToolView.swift, SportsScoresTool.swift, PlusSyncService.swift, SyncFolderIO.swift, SyncLocalTransaction.swift, SyncSettingsView.swift, DevicesTool.swift, NetworkTool.swift, StatusTool.swift, SystemControlsService.swift, SystemHardwareControls.swift, PackageTrackerTool.swift, ProviderReadOnlyHTTPS.swift, TranslationTool.swift, TravelStatusTool.swift, VerificationCodesToolView.swift, WorkflowRunner.swift, WorkflowStore.swift, WorkflowsToolView.swift, NotchUtilityViews.swift (in target 'NotchOrbitPlus' from project 'NotchOrbitPlus')

SwiftCompile normal x86_64 Compiling\ ClipboardImageOCR.swift,\ ClipboardToolView.swift,\ ConverterToolView.swift,\ CurrencyConverterTool.swift,\ EmojiToolView.swift,\ FileShelfToolView.swift,\ LocalProductivityLifecycle.swift,\ LocalToolStorage.swift,\ OrbitInboxStore.swift,\ QuickNoteToolView.swift,\ ShelfCollectionsStore.swift,\ ShelfQuickLookController.swift,\ ShelfSettingsView.swift,\ ToDosToolView.swift,\ AssistantTool.swift,\ MirrorTool.swift,\ NativeToolVisibility.swift,\ NowPlayingTool.swift,\ PlusLRCLyricsClient.swift,\ PlusMediaRemoteSource.swift,\ PlusSpotifyArtworkClient.swift,\ ShortcutsTool.swift /Users/runner/work/orbit/orbit/NotchOrbitPlus/Sources/NotchOrbitPlus/Tools/LocalProductivity/ClipboardImageOCR.swift /Users/runner/work/orbit/orbit/NotchOrbitPlus/Sources/NotchOrbitPlus/Tools/LocalProductivity/ClipboardToolView.swift /Users/runner/work/orbit/orbit/NotchOrbitPlus/Sources/NotchOrbitPlus/Tools/LocalProductivity/ConverterToolView.swift /Users/runner/work/orbit/orbit/NotchOrbitPlus/Sources/NotchOrbitPlus/Tools/LocalProductivity/CurrencyConverterTool.swift /Users/runner/work/orbit/orbit/NotchOrbitPlus/Sources/NotchOrbitPlus/Tools/LocalProductivity/EmojiToolView.swift /Users/runner/work/orbit/orbit/NotchOrbitPlus/Sources/NotchOrbitPlus/Tools/LocalProductivity/FileShelfToolView.swift /Users/runner/work/orbit/orbit/NotchOrbitPlus/Sources/NotchOrbitPlus/Tools/LocalProductivity/LocalProductivityLifecycle.swift /Users/runner/work/orbit/orbit/NotchOrbitPlus/Sources/NotchOrbitPlus/Tools/LocalProductivity/LocalToolStorage.swift /Users/runner/work/orbit/orbit/NotchOrbitPlus/Sources/NotchOrbitPlus/Tools/LocalProductivity/OrbitInboxStore.swift /Users/runner/work/orbit/orbit/NotchOrbitPlus/Sources/NotchOrbitPlus/Tools/LocalProductivity/QuickNoteToolView.swift /Users/runner/work/orbit/orbit/NotchOrbitPlus/Sources/NotchOrbitPlus/Tools/LocalProductivity/ShelfCollectionsStore.swift /Users/runner/work/orbit/orbit/NotchOrbitPlus/Sources/NotchOrbitPlus/Tools/LocalProductivity/ShelfQuickLookController.swift /Users/runner/work/orbit/orbit/NotchOrbitPlus/Sources/NotchOrbitPlus/Tools/LocalProductivity/ShelfSettingsView.swift /Users/runner/work/orbit/orbit/NotchOrbitPlus/Sources/NotchOrbitPlus/Tools/LocalProductivity/ToDosToolView.swift /Users/runner/work/orbit/orbit/NotchOrbitPlus/Sources/NotchOrbitPlus/Tools/NativeUtilities/AssistantTool.swift /Users/runner/work/orbit/orbit/NotchOrbitPlus/Sources/NotchOrbitPlus/Tools/NativeUtilities/MirrorTool.swift /Users/runner/work/orbit/orbit/NotchOrbitPlus/Sources/NotchOrbitPlus/Tools/NativeUtilities/NativeToolVisibility.swift /Users/runner/work/orbit/orbit/NotchOrbitPlus/Sources/NotchOrbitPlus/Tools/NativeUtilities/NowPlayingTool.swift /Users/runner/work/orbit/orbit/NotchOrbitPlus/Sources/NotchOrbitPlus/Tools/NativeUtilities/PlusLRCLyricsClient.swift /Users/runner/work/orbit/orbit/NotchOrbitPlus/Sources/NotchOrbitPlus/Tools/NativeUtilities/PlusMediaRemoteSource.swift /Users/runner/work/orbit/orbit/NotchOrbitPlus/Sources/NotchOrbitPlus/Tools/NativeUtilities/PlusSpotifyArtworkClient.swift /Users/runner/work/orbit/orbit/NotchOrbitPlus/Sources/NotchOrbitPlus/Tools/NativeUtilities/ShortcutsTool.swift (in target 'NotchOrbitPlus' from project 'NotchOrbitPlus')
SwiftCompile normal x86_64 /Users/runner/work/orbit/orbit/NotchOrbitPlus/Sources/NotchOrbitPlus/Tools/LocalProductivity/ClipboardImageOCR.swift (in target 'NotchOrbitPlus' from project 'NotchOrbitPlus')
    cd /Users/runner/work/orbit/orbit/NotchOrbitPlus
    

SwiftCompile normal x86_64 /Users/runner/work/orbit/orbit/NotchOrbitPlus/Sources/NotchOrbitPlus/Tools/LocalProductivity/ClipboardToolView.swift (in target 'NotchOrbitPlus' from project 'NotchOrbitPlus')
    cd /Users/runner/work/orbit/orbit/NotchOrbitPlus
    

SwiftCompile normal x86_64 /Users/runner/work/orbit/orbit/NotchOrbitPlus/Sources/NotchOrbitPlus/Tools/LocalProductivity/ConverterToolView.swift (in target 'NotchOrbitPlus' from project 'NotchOrbitPlus')
    cd /Users/runner/work/orbit/orbit/NotchOrbitPlus
    

SwiftCompile normal x86_64 /Users/runner/work/orbit/orbit/NotchOrbitPlus/Sources/NotchOrbitPlus/Tools/LocalProductivity/CurrencyConverterTool.swift (in target 'NotchOrbitPlus' from project 'NotchOrbitPlus')
    cd /Users/runner/work/orbit/orbit/NotchOrbitPlus
    

SwiftCompile normal x86_64 /Users/runner/work/orbit/orbit/NotchOrbitPlus/Sources/NotchOrbitPlus/Tools/LocalProductivity/EmojiToolView.swift (in target 'NotchOrbitPlus' from project 'NotchOrbitPlus')
    cd /Users/runner/work/orbit/orbit/NotchOrbitPlus
    

SwiftCompile normal x86_64 /Users/runner/work/orbit/orbit/NotchOrbitPlus/Sources/NotchOrbitPlus/Tools/LocalProductivity/FileShelfToolView.swift (in target 'NotchOrbitPlus' from project 'NotchOrbitPlus')
    cd /Users/runner/work/orbit/orbit/NotchOrbitPlus
    

SwiftCompile normal x86_64 /Users/runner/work/orbit/orbit/NotchOrbitPlus/Sources/NotchOrbitPlus/Tools/LocalProductivity/LocalProductivityLifecycle.swift (in target 'NotchOrbitPlus' from project 'NotchOrbitPlus')
    cd /Users/runner/work/orbit/orbit/NotchOrbitPlus
    

SwiftCompile normal x86_64 /Users/runner/work/orbit/orbit/NotchOrbitPlus/Sources/NotchOrbitPlus/Tools/LocalProductivity/LocalToolStorage.swift (in target 'NotchOrbitPlus' from project 'NotchOrbitPlus')
    cd /Users/runner/work/orbit/orbit/NotchOrbitPlus
    

SwiftCompile normal x86_64 /Users/runner/work/orbit/orbit/NotchOrbitPlus/Sources/NotchOrbitPlus/Tools/LocalProductivity/OrbitInboxStore.swift (in target 'NotchOrbitPlus' from project 'NotchOrbitPlus')
    cd /Users/runner/work/orbit/orbit/NotchOrbitPlus
    

SwiftCompile normal x86_64 /Users/runner/work/orbit/orbit/NotchOrbitPlus/Sources/NotchOrbitPlus/Tools/LocalProductivity/QuickNoteToolView.swift (in target 'NotchOrbitPlus' from project 'NotchOrbitPlus')
    cd /Users/runner/work/orbit/orbit/NotchOrbitPlus
    

SwiftCompile normal x86_64 /Users/runner/work/orbit/orbit/NotchOrbitPlus/Sources/NotchOrbitPlus/Tools/LocalProductivity/ShelfCollectionsStore.swift (in target 'NotchOrbitPlus' from project 'NotchOrbitPlus')
    cd /Users/runner/work/orbit/orbit/NotchOrbitPlus
    

SwiftCompile normal x86_64 /Users/runner/work/orbit/orbit/NotchOrbitPlus/Sources/NotchOrbitPlus/Tools/LocalProductivity/ShelfQuickLookController.swift (in target 'NotchOrbitPlus' from project 'NotchOrbitPlus')
    cd /Users/runner/work/orbit/orbit/NotchOrbitPlus
    
/Users/runner/work/orbit/orbit/NotchOrbitPlus/Sources/NotchOrbitPlus/Tools/LocalProductivity/ShelfQuickLookController.swift:70:83: warning: main actor-isolated property 'previewURLs' can not be referenced from a nonisolated context
    override func acceptsPreviewPanelControl(_ panel: QLPreviewPanel!) -> Bool { !previewURLs.isEmpty }
                                                                                  ^
/Users/runner/work/orbit/orbit/NotchOrbitPlus/Sources/NotchOrbitPlus/Tools/LocalProductivity/ShelfQuickLookController.swift:11:22: note: property declared here
    private(set) var previewURLs: [URL] = []
                     ^
/Users/runner/work/orbit/orbit/NotchOrbitPlus/Sources/NotchOrbitPlus/Tools/LocalProductivity/ShelfQuickLookController.swift:72:27: warning: main actor-isolated property 'previewURLs' can not be referenced from a nonisolated context
        guard let panel, !previewURLs.isEmpty else { return }
                          ^
/Users/runner/work/orbit/orbit/NotchOrbitPlus/Sources/NotchOrbitPlus/Tools/LocalProductivity/ShelfQuickLookController.swift:11:22: note: property declared here
    private(set) var previewURLs: [URL] = []
                     ^
/Users/runner/work/orbit/orbit/NotchOrbitPlus/Sources/NotchOrbitPlus/Tools/LocalProductivity/ShelfQuickLookController.swift:73:9: warning: main actor-isolated property 'controlledPanel' can not be mutated from a nonisolated context
        controlledPanel = panel
        ^
/Users/runner/work/orbit/orbit/NotchOrbitPlus/Sources/NotchOrbitPlus/Tools/LocalProductivity/ShelfQuickLookController.swift:15:22: note: mutation of this property is only permitted within the actor
    private weak var controlledPanel: QLPreviewPanel?
                     ^
/Users/runner/work/orbit/orbit/NotchOrbitPlus/Sources/NotchOrbitPlus/Tools/LocalProductivity/ShelfQuickLookController.swift:74:15: warning: main actor-isolated property 'dataSource' can not be mutated from a nonisolated context
        panel.dataSource = self
              ^
/Applications/Xcode_26.6.app/Contents/Developer/Platforms/MacOSX.platform/Developer/SDKs/MacOSX26.5.sdk/System/Library/Frameworks/QuickLookUI.framework/Headers/QLPreviewPanel.h:104:49: note: mutation of this property is only permitted within the actor
@property(assign) id <QLPreviewPanelDataSource> dataSource;
                                                ^
/Users/runner/work/orbit/orbit/NotchOrbitPlus/Sources/NotchOrbitPlus/Tools/LocalProductivity/ShelfQuickLookController.swift:75:15: warning: main actor-isolated property 'delegate' can not be mutated from a nonisolated context
        panel.delegate = self
              ^
/Applications/Xcode_26.6.app/Contents/Developer/Platforms/MacOSX.platform/Developer/SDKs/MacOSX26.5.sdk/System/Library/Frameworks/QuickLookUI.framework/Headers/QLPreviewPanel.h:169:53: note: mutation of this property is only permitted within the actor
@property(assign) id /** <QLPreviewPanelDelegate>*/ delegate;
                                                    ^
/Users/runner/work/orbit/orbit/NotchOrbitPlus/Sources/NotchOrbitPlus/Tools/LocalProductivity/ShelfQuickLookController.swift:78:29: warning: main actor-isolated property 'dataSource' can not be referenced from a nonisolated context
        if let panel, panel.dataSource === self {
                            ^
/Applications/Xcode_26.6.app/Contents/Developer/Platforms/MacOSX.platform/Developer/SDKs/MacOSX26.5.sdk/System/Library/Frameworks/QuickLookUI.framework/Headers/QLPreviewPanel.h:104:49: note: property declared here
@property(assign) id <QLPreviewPanelDataSource> dataSource;
                                                ^
/Users/runner/work/orbit/orbit/NotchOrbitPlus/Sources/NotchOrbitPlus/Tools/LocalProductivity/ShelfQuickLookController.swift:79:19: warning: main actor-isolated property 'dataSource' can not be mutated from a nonisolated context
            panel.dataSource = nil
                  ^
/Applications/Xcode_26.6.app/Contents/Developer/Platforms/MacOSX.platform/Developer/SDKs/MacOSX26.5.sdk/System/Library/Frameworks/QuickLookUI.framework/Headers/QLPreviewPanel.h:104:49: note: mutation of this property is only permitted within the actor
@property(assign) id <QLPreviewPanelDataSource> dataSource;
                                                ^
/Users/runner/work/orbit/orbit/NotchOrbitPlus/Sources/NotchOrbitPlus/Tools/LocalProductivity/ShelfQuickLookController.swift:80:19: warning: main actor-isolated property 'delegate' can not be mutated from a nonisolated context
            panel.delegate = nil
                  ^
/Applications/Xcode_26.6.app/Contents/Developer/Platforms/MacOSX.platform/Developer/SDKs/MacOSX26.5.sdk/System/Library/Frameworks/QuickLookUI.framework/Headers/QLPreviewPanel.h:169:53: note: mutation of this property is only permitted within the actor
@property(assign) id /** <QLPreviewPanelDelegate>*/ delegate;
                                                    ^
/Users/runner/work/orbit/orbit/NotchOrbitPlus/Sources/NotchOrbitPlus/Tools/LocalProductivity/ShelfQuickLookController.swift:82:9: warning: call to main actor-isolated instance method 'releaseControl()' in a synchronous nonisolated context
        releaseControl()
        ^
/Users/runner/work/orbit/orbit/NotchOrbitPlus/Sources/NotchOrbitPlus/Tools/LocalProductivity/ShelfQuickLookController.swift:97:18: note: calls to instance method 'releaseControl()' from outside of its actor context are implicitly asynchronous
    private func releaseControl() {
                 ^

SwiftCompile normal x86_64 /Users/runner/work/orbit/orbit/NotchOrbitPlus/Sources/NotchOrbitPlus/Tools/LocalProductivity/ShelfSettingsView.swift (in target 'NotchOrbitPlus' from project 'NotchOrbitPlus')
    cd /Users/runner/work/orbit/orbit/NotchOrbitPlus
    

SwiftCompile normal x86_64 /Users/runner/work/orbit/orbit/NotchOrbitPlus/Sources/NotchOrbitPlus/Tools/LocalProductivity/ToDosToolView.swift (in target 'NotchOrbitPlus' from project 'NotchOrbitPlus')
    cd /Users/runner/work/orbit/orbit/NotchOrbitPlus
    

SwiftCompile normal x86_64 /Users/runner/work/orbit/orbit/NotchOrbitPlus/Sources/NotchOrbitPlus/Tools/NativeUtilities/AssistantTool.swift (in target 'NotchOrbitPlus' from project 'NotchOrbitPlus')
    cd /Users/runner/work/orbit/orbit/NotchOrbitPlus
    

SwiftCompile normal x86_64 /Users/runner/work/orbit/orbit/NotchOrbitPlus/Sources/NotchOrbitPlus/Tools/NativeUtilities/MirrorTool.swift (in target 'NotchOrbitPlus' from project 'NotchOrbitPlus')
    cd /Users/runner/work/orbit/orbit/NotchOrbitPlus
    

SwiftCompile normal x86_64 /Users/runner/work/orbit/orbit/NotchOrbitPlus/Sources/NotchOrbitPlus/Tools/NativeUtilities/NativeToolVisibility.swift (in target 'NotchOrbitPlus' from project 'NotchOrbitPlus')
    cd /Users/runner/work/orbit/orbit/NotchOrbitPlus
    

SwiftCompile normal x86_64 /Users/runner/work/orbit/orbit/NotchOrbitPlus/Sources/NotchOrbitPlus/Tools/NativeUtilities/NowPlayingTool.swift (in target 'NotchOrbitPlus' from project 'NotchOrbitPlus')
    cd /Users/runner/work/orbit/orbit/NotchOrbitPlus
    

SwiftCompile normal x86_64 /Users/runner/work/orbit/orbit/NotchOrbitPlus/Sources/NotchOrbitPlus/Tools/NativeUtilities/PlusLRCLyricsClient.swift (in target 'NotchOrbitPlus' from project 'NotchOrbitPlus')
    cd /Users/runner/work/orbit/orbit/NotchOrbitPlus
    

SwiftCompile normal x86_64 /Users/runner/work/orbit/orbit/NotchOrbitPlus/Sources/NotchOrbitPlus/Tools/NativeUtilities/PlusMediaRemoteSource.swift (in target 'NotchOrbitPlus' from project 'NotchOrbitPlus')
    cd /Users/runner/work/orbit/orbit/NotchOrbitPlus
    

SwiftCompile normal x86_64 /Users/runner/work/orbit/orbit/NotchOrbitPlus/Sources/NotchOrbitPlus/Tools/NativeUtilities/PlusSpotifyArtworkClient.swift (in target 'NotchOrbitPlus' from project 'NotchOrbitPlus')
    cd /Users/runner/work/orbit/orbit/NotchOrbitPlus
    

SwiftCompile normal x86_64 /Users/runner/work/orbit/orbit/NotchOrbitPlus/Sources/NotchOrbitPlus/Tools/NativeUtilities/ShortcutsTool.swift (in target 'NotchOrbitPlus' from project 'NotchOrbitPlus')
    cd /Users/runner/work/orbit/orbit/NotchOrbitPlus
    

SwiftDriverJobDiscovery normal arm64 Compiling PlusAppIntents.swift, PortableLibraryFile.swift, SnippetsToolView.swift, SportsScoresTool.swift, PlusSyncService.swift, SyncFolderIO.swift, SyncLocalTransaction.swift, SyncSettingsView.swift, DevicesTool.swift, NetworkTool.swift, StatusTool.swift, SystemControlsService.swift, SystemHardwareControls.swift, PackageTrackerTool.swift, ProviderReadOnlyHTTPS.swift, TranslationTool.swift, TravelStatusTool.swift, VerificationCodesToolView.swift, WorkflowRunner.swift, WorkflowStore.swift, WorkflowsToolView.swift, NotchUtilityViews.swift (in target 'NotchOrbitPlus' from project 'NotchOrbitPlus')

SwiftDriverJobDiscovery normal x86_64 Compiling AssistantFileIO.swift, AssistantFilesStore.swift, AssistantFilesToolView.swift, CaptureAreaSelector.swift, CaptureMovieWriter.swift, CaptureToolVisibility.swift, ScreenshotShelfStore.swift, ScreenshotShelfToolView.swift, ClipboardTransformToolView.swift, ColorPickerStore.swift, ColorPickerToolView.swift, ContextTool.swift, DictationHoldShortcut.swift, DictationNativeSession.swift, DictationToolStore.swift, DictationToolView.swift, PlusOnboardingView.swift, PlusUpdateInstaller.swift, PlusUpdateService.swift, HabitsToolView.swift, LauncherBookmarks.swift, QuickLauncherTool.swift (in target 'NotchOrbitPlus' from project 'NotchOrbitPlus')

ExtractAppIntentsMetadata (in target 'NotchCore' from project 'NotchOrbitPlus')
    cd /Users/runner/work/orbit/orbit/NotchOrbitPlus
    /Applications/Xcode_26.6.app/Contents/Developer/Toolchains/XcodeDefault.xctoolchain/usr/bin/appintentsmetadataprocessor --toolchain-dir /var/run/com.apple.security.cryptexd/mnt/com.apple.MobileAsset.MetalToolchain-v17.6.109.0.5QT25n/Metal.xctoolchain --module-name NotchCore --sdk-root /Applications/Xcode_26.6.app/Contents/Developer/Platforms/MacOSX.platform/Developer/SDKs/MacOSX26.5.sdk --xcode-version 17F113 --platform-family macOS --deployment-target 14.0 --output /Users/runner/work/orbit/orbit/NotchOrbitPlus/build/DerivedData/Build/Products/Release/NotchCore.appintents --target-triple arm64-apple-macos14.0 --target-triple x86_64-apple-macos14.0 --binary-file /Users/runner/work/orbit/orbit/NotchOrbitPlus/build/DerivedData/Build/Products/Release/libNotchCore.a --dependency-file /Users/runner/work/orbit/orbit/NotchOrbitPlus/build/DerivedData/Build/Intermediates.noindex/NotchOrbitPlus.build/Release/NotchCore.build/Objects-normal/arm64/NotchCore_libtool_dependency_info.dat --dependency-file /Users/runner/work/orbit/orbit/NotchOrbitPlus/build/DerivedData/Build/Intermediates.noindex/NotchOrbitPlus.build/Release/NotchCore.build/Objects-normal/x86_64/NotchCore_libtool_dependency_info.dat --stringsdata-file /Users/runner/work/orbit/orbit/NotchOrbitPlus/build/DerivedData/Build/Intermediates.noindex/NotchOrbitPlus.build/Release/NotchCore.build/Objects-normal/arm64/ExtractedAppShortcutsMetadata.stringsdata --stringsdata-file /Users/runner/work/orbit/orbit/NotchOrbitPlus/build/DerivedData/Build/Intermediates.noindex/NotchOrbitPlus.build/Release/NotchCore.build/Objects-normal/x86_64/ExtractedAppShortcutsMetadata.stringsdata --source-file-list /Users/runner/work/orbit/orbit/NotchOrbitPlus/build/DerivedData/Build/Intermediates.noindex/NotchOrbitPlus.build/Release/NotchCore.build/Objects-normal/arm64/NotchCore.SwiftFileList --source-file-list /Users/runner/work/orbit/orbit/NotchOrbitPlus/build/DerivedData/Build/Intermediates.noindex/NotchOrbitPlus.build/Release/NotchCore.build/Objects-normal/x86_64/NotchCore.SwiftFileList --metadata-file-list /Users/runner/work/orbit/orbit/NotchOrbitPlus/build/DerivedData/Build/Intermediates.noindex/NotchOrbitPlus.build/Release/NotchCore.build/NotchCore.DependencyMetadataFileList --static-metadata-file-list /Users/runner/work/orbit/orbit/NotchOrbitPlus/build/DerivedData/Build/Intermediates.noindex/NotchOrbitPlus.build/Release/NotchCore.build/NotchCore.DependencyStaticMetadataFileList --swift-const-vals-list /Users/runner/work/orbit/orbit/NotchOrbitPlus/build/DerivedData/Build/Intermediates.noindex/NotchOrbitPlus.build/Release/NotchCore.build/Objects-normal/arm64/NotchCore.SwiftConstValuesFileList --swift-const-vals-list /Users/runner/work/orbit/orbit/NotchOrbitPlus/build/DerivedData/Build/Intermediates.noindex/NotchOrbitPlus.build/Release/NotchCore.build/Objects-normal/x86_64/NotchCore.SwiftConstValuesFileList --force --compile-time-extraction --deployment-aware-processing --validate-assistant-intents --no-app-shortcuts-localization
2026-10-04 20:40:11.334 appintentsmetadataprocessor[41284:102516] Starting appintentsmetadataprocessor export
2026-10-04 20:40:11.397 appintentsmetadataprocessor[41284:102516] Extracted no relevant App Intents symbols, skipping writing output

ProcessInfoPlistFile /Users/runner/work/orbit/orbit/NotchOrbitPlus/build/DerivedData/Build/Products/Release/NotchOrbitPlus.app/Contents/Info.plist /Users/runner/work/orbit/orbit/NotchOrbitPlus/Resources/Info.plist (in target 'NotchOrbitPlus' from project 'NotchOrbitPlus')
    cd /Users/runner/work/orbit/orbit/NotchOrbitPlus
    builtin-infoPlistUtility /Users/runner/work/orbit/orbit/NotchOrbitPlus/Resources/Info.plist -producttype com.apple.product-type.application -genpkginfo /Users/runner/work/orbit/orbit/NotchOrbitPlus/build/DerivedData/Build/Products/Release/NotchOrbitPlus.app/Contents/PkgInfo -expandbuildsettings -platform macosx -o /Users/runner/work/orbit/orbit/NotchOrbitPlus/build/DerivedData/Build/Products/Release/NotchOrbitPlus.app/Contents/Info.plist

CpResource /Users/runner/work/orbit/orbit/NotchOrbitPlus/build/DerivedData/Build/Products/Release/NotchOrbitPlus.app/Contents/Resources/ThirdParty /Users/runner/work/orbit/orbit/NotchOrbitPlus/Resources/ThirdParty (in target 'NotchOrbitPlus' from project 'NotchOrbitPlus')
    cd /Users/runner/work/orbit/orbit/NotchOrbitPlus
    builtin-copy -exclude .DS_Store -exclude CVS -exclude .svn -exclude .git -exclude .hg -strip-unsigned-binaries -strip-deterministic -strip-tool /Applications/Xcode_26.6.app/Contents/Developer/Toolchains/XcodeDefault.xctoolchain/usr/bin/strip -resolve-src-symlinks /Users/runner/work/orbit/orbit/NotchOrbitPlus/Resources/ThirdParty /Users/runner/work/orbit/orbit/NotchOrbitPlus/build/DerivedData/Build/Products/Release/NotchOrbitPlus.app/Contents/Resources

CpResource /Users/runner/work/orbit/orbit/NotchOrbitPlus/build/DerivedData/Build/Products/Release/NotchOrbitPlus.app/Contents/Resources/Plugins /Users/runner/work/orbit/orbit/NotchOrbitPlus/Resources/Plugins (in target 'NotchOrbitPlus' from project 'NotchOrbitPlus')
    cd /Users/runner/work/orbit/orbit/NotchOrbitPlus
    builtin-copy -exclude .DS_Store -exclude CVS -exclude .svn -exclude .git -exclude .hg -strip-unsigned-binaries -strip-deterministic -strip-tool /Applications/Xcode_26.6.app/Contents/Developer/Toolchains/XcodeDefault.xctoolchain/usr/bin/strip -resolve-src-symlinks /Users/runner/work/orbit/orbit/NotchOrbitPlus/Resources/Plugins /Users/runner/work/orbit/orbit/NotchOrbitPlus/build/DerivedData/Build/Products/Release/NotchOrbitPlus.app/Contents/Resources

CpResource /Users/runner/work/orbit/orbit/NotchOrbitPlus/build/DerivedData/Build/Products/Release/NotchOrbitPlus.app/Contents/Resources/EmojiCatalog.json /Users/runner/work/orbit/orbit/NotchOrbitPlus/Resources/EmojiCatalog.json (in target 'NotchOrbitPlus' from project 'NotchOrbitPlus')
    cd /Users/runner/work/orbit/orbit/NotchOrbitPlus
    builtin-copy -exclude .DS_Store -exclude CVS -exclude .svn -exclude .git -exclude .hg -strip-unsigned-binaries -strip-deterministic -strip-tool /Applications/Xcode_26.6.app/Contents/Developer/Toolchains/XcodeDefault.xctoolchain/usr/bin/strip -resolve-src-symlinks /Users/runner/work/orbit/orbit/NotchOrbitPlus/Resources/EmojiCatalog.json /Users/runner/work/orbit/orbit/NotchOrbitPlus/build/DerivedData/Build/Products/Release/NotchOrbitPlus.app/Contents/Resources

CpResource /Users/runner/work/orbit/orbit/NotchOrbitPlus/build/DerivedData/Build/Products/Release/NotchOrbitPlus.app/Contents/Resources/CommandHelpers /Users/runner/work/orbit/orbit/NotchOrbitPlus/Resources/CommandHelpers (in target 'NotchOrbitPlus' from project 'NotchOrbitPlus')
    cd /Users/runner/work/orbit/orbit/NotchOrbitPlus
    builtin-copy -exclude .DS_Store -exclude CVS -exclude .svn -exclude .git -exclude .hg -strip-unsigned-binaries -strip-deterministic -strip-tool /Applications/Xcode_26.6.app/Contents/Developer/Toolchains/XcodeDefault.xctoolchain/usr/bin/strip -resolve-src-symlinks /Users/runner/work/orbit/orbit/NotchOrbitPlus/Resources/CommandHelpers /Users/runner/work/orbit/orbit/NotchOrbitPlus/build/DerivedData/Build/Products/Release/NotchOrbitPlus.app/Contents/Resources

CpResource /Users/runner/work/orbit/orbit/NotchOrbitPlus/build/DerivedData/Build/Products/Release/NotchOrbitPlus.app/Contents/Resources/AppIcon.icns /Users/runner/work/orbit/orbit/NotchOrbitPlus/build/AppIcon.icns (in target 'NotchOrbitPlus' from project 'NotchOrbitPlus')
    cd /Users/runner/work/orbit/orbit/NotchOrbitPlus
    builtin-copy -exclude .DS_Store -exclude CVS -exclude .svn -exclude .git -exclude .hg -strip-unsigned-binaries -strip-deterministic -strip-tool /Applications/Xcode_26.6.app/Contents/Developer/Toolchains/XcodeDefault.xctoolchain/usr/bin/strip -resolve-src-symlinks /Users/runner/work/orbit/orbit/NotchOrbitPlus/build/AppIcon.icns /Users/runner/work/orbit/orbit/NotchOrbitPlus/build/DerivedData/Build/Products/Release/NotchOrbitPlus.app/Contents/Resources

SwiftDriverJobDiscovery normal arm64 Compiling AppModel.swift, ArchiveEngine.swift, FileEngine.swift, FileInspector.swift, ImageEngine.swift, MediaEngine.swift, OutputTransaction.swift, PDFEngine.swift, DashboardPreferences.swift, GlobalNotchShortcut.swift, LiveCompactView.swift, NotchDashboardController.swift, NotchDashboardView.swift, PlusFullscreenDetection.swift, PlusIntegration.swift, NotchDragMonitor.swift, NotchPanelController.swift, NotchScreenLayout.swift, NotchOrbitPlusApp.swift, CommandHelpers.swift, CommandSocketListener.swift, CommandsTool.swift, DownloadsTool.swift (in target 'NotchOrbitPlus' from project 'NotchOrbitPlus')

SwiftDriver\ Compilation NotchOrbitPlus normal arm64 com.apple.xcode.tools.swift.compiler (in target 'NotchOrbitPlus' from project 'NotchOrbitPlus')
    cd /Users/runner/work/orbit/orbit/NotchOrbitPlus
    builtin-Swift-Compilation -- /Applications/Xcode_26.6.app/Contents/Developer/Toolchains/XcodeDefault.xctoolchain/usr/bin/swiftc -module-name NotchOrbitPlus -O @/Users/runner/work/orbit/orbit/NotchOrbitPlus/build/DerivedData/Build/Intermediates.noindex/NotchOrbitPlus.build/Release/NotchOrbitPlus.build/Objects-normal/arm64/NotchOrbitPlus.SwiftFileList -enable-experimental-feature DebugDescriptionMacro -sdk /Applications/Xcode_26.6.app/Contents/Developer/Platforms/MacOSX.platform/Developer/SDKs/MacOSX26.5.sdk -target arm64-apple-macos14.0 -g -module-cache-path /Users/runner/work/orbit/orbit/NotchOrbitPlus/build/DerivedData/ModuleCache.noindex -Xfrontend -serialize-debugging-options -enable-testing -swift-version 6 -I /Users/runner/work/orbit/orbit/NotchOrbitPlus/build/DerivedData/Build/Products/Release -I /Users/runner/work/orbit/orbit/NotchOrbitPlus/build/DerivedData/Build/Products/Release -F /Users/runner/work/orbit/orbit/NotchOrbitPlus/build/DerivedData/Build/Products/Release -c -j3 -enable-batch-mode -incremental -Xcc -ivfsstatcache -Xcc /Users/runner/work/orbit/orbit/NotchOrbitPlus/build/DerivedData/SDKStatCaches.noindex/macosx26.5-25F70-688ef53f1462e2c8f657fdc38a81448fee0e6409aa6676c5e6c013d148225433.sdkstatcache -output-file-map /Users/runner/work/orbit/orbit/NotchOrbitPlus/build/DerivedData/Build/Intermediates.noindex/NotchOrbitPlus.build/Release/NotchOrbitPlus.build/Objects-normal/arm64/NotchOrbitPlus-OutputFileMap.json -use-frontend-parseable-output -save-temps -no-color-diagnostics -explicit-module-build -module-cache-path /Users/runner/work/orbit/orbit/NotchOrbitPlus/build/DerivedData/Build/Intermediates.noindex/SwiftExplicitPrecompiledModules -clang-scanner-module-cache-path /Users/runner/work/orbit/orbit/NotchOrbitPlus/build/DerivedData/ModuleCache.noindex -sdk-module-cache-path /Users/runner/work/orbit/orbit/NotchOrbitPlus/build/DerivedData/ModuleCache.noindex -serialize-diagnostics -emit-dependencies -emit-module -emit-module-path /Users/runner/work/orbit/orbit/NotchOrbitPlus/build/DerivedData/Build/Intermediates.noindex/NotchOrbitPlus.build/Release/NotchOrbitPlus.build/Objects-normal/arm64/NotchOrbitPlus.swiftmodule -validate-clang-modules-once -clang-build-session-file /Users/runner/work/orbit/orbit/NotchOrbitPlus/build/DerivedData/ModuleCache.noindex/Session.modulevalidation -Xcc -I/Users/runner/work/orbit/orbit/NotchOrbitPlus/build/DerivedData/Build/Intermediates.noindex/NotchOrbitPlus.build/Release/NotchOrbitPlus.build/swift-overrides.hmap -emit-const-values -Xfrontend -const-gather-protocols-file -Xfrontend /Users/runner/work/orbit/orbit/NotchOrbitPlus/build/DerivedData/Build/Intermediates.noindex/NotchOrbitPlus.build/Release/NotchOrbitPlus.build/Objects-normal/arm64/NotchOrbitPlus_const_extract_protocols.json -Xcc -iquote -Xcc /Users/runner/work/orbit/orbit/NotchOrbitPlus/build/DerivedData/Build/Intermediates.noindex/NotchOrbitPlus.build/Release/NotchOrbitPlus.build/NotchOrbitPlus-generated-files.hmap -Xcc -I/Users/runner/work/orbit/orbit/NotchOrbitPlus/build/DerivedData/Build/Intermediates.noindex/NotchOrbitPlus.build/Release/NotchOrbitPlus.build/NotchOrbitPlus-own-target-headers.hmap -Xcc -I/Users/runner/work/orbit/orbit/NotchOrbitPlus/build/DerivedData/Build/Intermediates.noindex/NotchOrbitPlus.build/Release/NotchOrbitPlus.build/NotchOrbitPlus-all-non-framework-target-headers.hmap -Xcc -ivfsoverlay -Xcc /Users/runner/work/orbit/orbit/NotchOrbitPlus/build/DerivedData/Build/Intermediates.noindex/NotchOrbitPlus.build/Release/NotchOrbitPlus-f72668d2e0dd56b95fac80a5a9a4b360-VFS/all-product-headers.yaml -Xcc -iquote -Xcc /Users/runner/work/orbit/orbit/NotchOrbitPlus/build/DerivedData/Build/Intermediates.noindex/NotchOrbitPlus.build/Release/NotchOrbitPlus.build/NotchOrbitPlus-project-headers.hmap -Xcc -I/Users/runner/work/orbit/orbit/NotchOrbitPlus/build/DerivedData/Build/Products/Release/include -Xcc -I/Users/runner/work/orbit/orbit/build/WebP/include -Xcc -I/Users/runner/work/orbit/orbit/NotchOrbitPlus/build/DerivedData/Build/Intermediates.noindex/NotchOrbitPlus.build/Release/NotchOrbitPlus.build/DerivedSources-normal/arm64 -Xcc -I/Users/runner/work/orbit/orbit/NotchOrbitPlus/build/DerivedData/Build/Intermediates.noindex/NotchOrbitPlus.build/Release/NotchOrbitPlus.build/DerivedSources/arm64 -Xcc -I/Users/runner/work/orbit/orbit/NotchOrbitPlus/build/DerivedData/Build/Intermediates.noindex/NotchOrbitPlus.build/Release/NotchOrbitPlus.build/DerivedSources -emit-objc-header -emit-objc-header-path /Users/runner/work/orbit/orbit/NotchOrbitPlus/build/DerivedData/Build/Intermediates.noindex/NotchOrbitPlus.build/Release/NotchOrbitPlus.build/Objects-normal/arm64/NotchOrbitPlus-Swift.h -import-objc-header /Users/runner/work/orbit/orbit/Sources/OrbitDrop/WebPBridge.h -working-directory /Users/runner/work/orbit/orbit/NotchOrbitPlus -experimental-emit-module-separately -disable-cmo

Ld /Users/runner/work/orbit/orbit/NotchOrbitPlus/build/DerivedData/Build/Intermediates.noindex/NotchOrbitPlus.build/Release/NotchOrbitPlus.build/Objects-normal/arm64/Binary/NotchOrbitPlus normal arm64 (in target 'NotchOrbitPlus' from project 'NotchOrbitPlus')
    cd /Users/runner/work/orbit/orbit/NotchOrbitPlus
    /Applications/Xcode_26.6.app/Contents/Developer/Toolchains/XcodeDefault.xctoolchain/usr/bin/clang -Xlinker -reproducible -target arm64-apple-macos14.0 -isysroot /Applications/Xcode_26.6.app/Contents/Developer/Platforms/MacOSX.platform/Developer/SDKs/MacOSX26.5.sdk -Os -L/Users/runner/work/orbit/orbit/NotchOrbitPlus/build/DerivedData/Build/Intermediates.noindex/EagerLinkingTBDs/Release -L/Users/runner/work/orbit/orbit/NotchOrbitPlus/build/DerivedData/Build/Products/Release -F/Users/runner/work/orbit/orbit/NotchOrbitPlus/build/DerivedData/Build/Intermediates.noindex/EagerLinkingTBDs/Release -F/Users/runner/work/orbit/orbit/NotchOrbitPlus/build/DerivedData/Build/Products/Release -filelist /Users/runner/work/orbit/orbit/NotchOrbitPlus/build/DerivedData/Build/Intermediates.noindex/NotchOrbitPlus.build/Release/NotchOrbitPlus.build/Objects-normal/arm64/NotchOrbitPlus.LinkFileList -Xlinker -rpath -Xlinker /usr/lib/swift -Xlinker -rpath -Xlinker @executable_path/../Frameworks -Xlinker -object_path_lto -Xlinker /Users/runner/work/orbit/orbit/NotchOrbitPlus/build/DerivedData/Build/Intermediates.noindex/NotchOrbitPlus.build/Release/NotchOrbitPlus.build/Objects-normal/arm64/NotchOrbitPlus_lto.o -rdynamic -Xlinker -dependency_info -Xlinker /Users/runner/work/orbit/orbit/NotchOrbitPlus/build/DerivedData/Build/Intermediates.noindex/NotchOrbitPlus.build/Release/NotchOrbitPlus.build/Objects-normal/arm64/NotchOrbitPlus_dependency_info.dat -fobjc-link-runtime -L/Applications/Xcode_26.6.app/Contents/Developer/Toolchains/XcodeDefault.xctoolchain/usr/lib/swift/macosx -L/usr/lib/swift -Xlinker -add_ast_path -Xlinker /Users/runner/work/orbit/orbit/NotchOrbitPlus/build/DerivedData/Build/Intermediates.noindex/NotchOrbitPlus.build/Release/NotchOrbitPlus.build/Objects-normal/arm64/NotchOrbitPlus.swiftmodule @/Users/runner/work/orbit/orbit/NotchOrbitPlus/build/DerivedData/Build/Intermediates.noindex/NotchOrbitPlus.build/Release/NotchOrbitPlus.build/Objects-normal/arm64/NotchOrbitPlus-linker-args.resp -L/Users/runner/work/orbit/orbit/NotchOrbitPlus/../build/WebP/lib -lwebp -lsharpyuv -weak_framework FoundationModels -weak_framework Translation -lOrbitCore -lNotchCore -o /Users/runner/work/orbit/orbit/NotchOrbitPlus/build/DerivedData/Build/Intermediates.noindex/NotchOrbitPlus.build/Release/NotchOrbitPlus.build/Objects-normal/arm64/Binary/NotchOrbitPlus -Xlinker -add_ast_path -Xlinker /Users/runner/work/orbit/orbit/NotchOrbitPlus/build/DerivedData/Build/Intermediates.noindex/NotchOrbitPlus.build/Release/OrbitCore.build/Objects-normal/arm64/OrbitCore.swiftmodule @/Users/runner/work/orbit/orbit/NotchOrbitPlus/build/DerivedData/Build/Intermediates.noindex/NotchOrbitPlus.build/Release/OrbitCore.build/Objects-normal/arm64/OrbitCore-linker-args.resp -Xlinker -add_ast_path -Xlinker /Users/runner/work/orbit/orbit/NotchOrbitPlus/build/DerivedData/Build/Intermediates.noindex/NotchOrbitPlus.build/Release/NotchCore.build/Objects-normal/arm64/NotchCore.swiftmodule @/Users/runner/work/orbit/orbit/NotchOrbitPlus/build/DerivedData/Build/Intermediates.noindex/NotchOrbitPlus.build/Release/NotchCore.build/Objects-normal/arm64/NotchCore-linker-args.resp

SwiftDriverJobDiscovery normal x86_64 Compiling ClipboardImageOCR.swift, ClipboardToolView.swift, ConverterToolView.swift, CurrencyConverterTool.swift, EmojiToolView.swift, FileShelfToolView.swift, LocalProductivityLifecycle.swift, LocalToolStorage.swift, OrbitInboxStore.swift, QuickNoteToolView.swift, ShelfCollectionsStore.swift, ShelfQuickLookController.swift, ShelfSettingsView.swift, ToDosToolView.swift, AssistantTool.swift, MirrorTool.swift, NativeToolVisibility.swift, NowPlayingTool.swift, PlusLRCLyricsClient.swift, PlusMediaRemoteSource.swift, PlusSpotifyArtworkClient.swift, ShortcutsTool.swift (in target 'NotchOrbitPlus' from project 'NotchOrbitPlus')

SwiftDriver\ Compilation NotchOrbitPlus normal x86_64 com.apple.xcode.tools.swift.compiler (in target 'NotchOrbitPlus' from project 'NotchOrbitPlus')
    cd /Users/runner/work/orbit/orbit/NotchOrbitPlus
    builtin-Swift-Compilation -- /Applications/Xcode_26.6.app/Contents/Developer/Toolchains/XcodeDefault.xctoolchain/usr/bin/swiftc -module-name NotchOrbitPlus -O @/Users/runner/work/orbit/orbit/NotchOrbitPlus/build/DerivedData/Build/Intermediates.noindex/NotchOrbitPlus.build/Release/NotchOrbitPlus.build/Objects-normal/x86_64/NotchOrbitPlus.SwiftFileList -enable-experimental-feature DebugDescriptionMacro -sdk /Applications/Xcode_26.6.app/Contents/Developer/Platforms/MacOSX.platform/Developer/SDKs/MacOSX26.5.sdk -target x86_64-apple-macos14.0 -g -module-cache-path /Users/runner/work/orbit/orbit/NotchOrbitPlus/build/DerivedData/ModuleCache.noindex -Xfrontend -serialize-debugging-options -enable-testing -swift-version 6 -I /Users/runner/work/orbit/orbit/NotchOrbitPlus/build/DerivedData/Build/Products/Release -I /Users/runner/work/orbit/orbit/NotchOrbitPlus/build/DerivedData/Build/Products/Release -F /Users/runner/work/orbit/orbit/NotchOrbitPlus/build/DerivedData/Build/Products/Release -c -j3 -enable-batch-mode -incremental -Xcc -ivfsstatcache -Xcc /Users/runner/work/orbit/orbit/NotchOrbitPlus/build/DerivedData/SDKStatCaches.noindex/macosx26.5-25F70-688ef53f1462e2c8f657fdc38a81448fee0e6409aa6676c5e6c013d148225433.sdkstatcache -output-file-map /Users/runner/work/orbit/orbit/NotchOrbitPlus/build/DerivedData/Build/Intermediates.noindex/NotchOrbitPlus.build/Release/NotchOrbitPlus.build/Objects-normal/x86_64/NotchOrbitPlus-OutputFileMap.json -use-frontend-parseable-output -save-temps -no-color-diagnostics -explicit-module-build -module-cache-path /Users/runner/work/orbit/orbit/NotchOrbitPlus/build/DerivedData/Build/Intermediates.noindex/SwiftExplicitPrecompiledModules -clang-scanner-module-cache-path /Users/runner/work/orbit/orbit/NotchOrbitPlus/build/DerivedData/ModuleCache.noindex -sdk-module-cache-path /Users/runner/work/orbit/orbit/NotchOrbitPlus/build/DerivedData/ModuleCache.noindex -serialize-diagnostics -emit-dependencies -emit-module -emit-module-path /Users/runner/work/orbit/orbit/NotchOrbitPlus/build/DerivedData/Build/Intermediates.noindex/NotchOrbitPlus.build/Release/NotchOrbitPlus.build/Objects-normal/x86_64/NotchOrbitPlus.swiftmodule -validate-clang-modules-once -clang-build-session-file /Users/runner/work/orbit/orbit/NotchOrbitPlus/build/DerivedData/ModuleCache.noindex/Session.modulevalidation -Xcc -I/Users/runner/work/orbit/orbit/NotchOrbitPlus/build/DerivedData/Build/Intermediates.noindex/NotchOrbitPlus.build/Release/NotchOrbitPlus.build/swift-overrides.hmap -emit-const-values -Xfrontend -const-gather-protocols-file -Xfrontend /Users/runner/work/orbit/orbit/NotchOrbitPlus/build/DerivedData/Build/Intermediates.noindex/NotchOrbitPlus.build/Release/NotchOrbitPlus.build/Objects-normal/x86_64/NotchOrbitPlus_const_extract_protocols.json -Xcc -iquote -Xcc /Users/runner/work/orbit/orbit/NotchOrbitPlus/build/DerivedData/Build/Intermediates.noindex/NotchOrbitPlus.build/Release/NotchOrbitPlus.build/NotchOrbitPlus-generated-files.hmap -Xcc -I/Users/runner/work/orbit/orbit/NotchOrbitPlus/build/DerivedData/Build/Intermediates.noindex/NotchOrbitPlus.build/Release/NotchOrbitPlus.build/NotchOrbitPlus-own-target-headers.hmap -Xcc -I/Users/runner/work/orbit/orbit/NotchOrbitPlus/build/DerivedData/Build/Intermediates.noindex/NotchOrbitPlus.build/Release/NotchOrbitPlus.build/NotchOrbitPlus-all-non-framework-target-headers.hmap -Xcc -ivfsoverlay -Xcc /Users/runner/work/orbit/orbit/NotchOrbitPlus/build/DerivedData/Build/Intermediates.noindex/NotchOrbitPlus.build/Release/NotchOrbitPlus-f72668d2e0dd56b95fac80a5a9a4b360-VFS/all-product-headers.yaml -Xcc -iquote -Xcc /Users/runner/work/orbit/orbit/NotchOrbitPlus/build/DerivedData/Build/Intermediates.noindex/NotchOrbitPlus.build/Release/NotchOrbitPlus.build/NotchOrbitPlus-project-headers.hmap -Xcc -I/Users/runner/work/orbit/orbit/NotchOrbitPlus/build/DerivedData/Build/Products/Release/include -Xcc -I/Users/runner/work/orbit/orbit/build/WebP/include -Xcc -I/Users/runner/work/orbit/orbit/NotchOrbitPlus/build/DerivedData/Build/Intermediates.noindex/NotchOrbitPlus.build/Release/NotchOrbitPlus.build/DerivedSources-normal/x86_64 -Xcc -I/Users/runner/work/orbit/orbit/NotchOrbitPlus/build/DerivedData/Build/Intermediates.noindex/NotchOrbitPlus.build/Release/NotchOrbitPlus.build/DerivedSources/x86_64 -Xcc -I/Users/runner/work/orbit/orbit/NotchOrbitPlus/build/DerivedData/Build/Intermediates.noindex/NotchOrbitPlus.build/Release/NotchOrbitPlus.build/DerivedSources -emit-objc-header -emit-objc-header-path /Users/runner/work/orbit/orbit/NotchOrbitPlus/build/DerivedData/Build/Intermediates.noindex/NotchOrbitPlus.build/Release/NotchOrbitPlus.build/Objects-normal/x86_64/NotchOrbitPlus-Swift.h -import-objc-header /Users/runner/work/orbit/orbit/Sources/OrbitDrop/WebPBridge.h -working-directory /Users/runner/work/orbit/orbit/NotchOrbitPlus -experimental-emit-module-separately -disable-cmo

Ld /Users/runner/work/orbit/orbit/NotchOrbitPlus/build/DerivedData/Build/Intermediates.noindex/NotchOrbitPlus.build/Release/NotchOrbitPlus.build/Objects-normal/x86_64/Binary/NotchOrbitPlus normal x86_64 (in target 'NotchOrbitPlus' from project 'NotchOrbitPlus')
    cd /Users/runner/work/orbit/orbit/NotchOrbitPlus
    /Applications/Xcode_26.6.app/Contents/Developer/Toolchains/XcodeDefault.xctoolchain/usr/bin/clang -Xlinker -reproducible -target x86_64-apple-macos14.0 -isysroot /Applications/Xcode_26.6.app/Contents/Developer/Platforms/MacOSX.platform/Developer/SDKs/MacOSX26.5.sdk -Os -L/Users/runner/work/orbit/orbit/NotchOrbitPlus/build/DerivedData/Build/Intermediates.noindex/EagerLinkingTBDs/Release -L/Users/runner/work/orbit/orbit/NotchOrbitPlus/build/DerivedData/Build/Products/Release -F/Users/runner/work/orbit/orbit/NotchOrbitPlus/build/DerivedData/Build/Intermediates.noindex/EagerLinkingTBDs/Release -F/Users/runner/work/orbit/orbit/NotchOrbitPlus/build/DerivedData/Build/Products/Release -filelist /Users/runner/work/orbit/orbit/NotchOrbitPlus/build/DerivedData/Build/Intermediates.noindex/NotchOrbitPlus.build/Release/NotchOrbitPlus.build/Objects-normal/x86_64/NotchOrbitPlus.LinkFileList -Xlinker -rpath -Xlinker /usr/lib/swift -Xlinker -rpath -Xlinker @executable_path/../Frameworks -Xlinker -object_path_lto -Xlinker /Users/runner/work/orbit/orbit/NotchOrbitPlus/build/DerivedData/Build/Intermediates.noindex/NotchOrbitPlus.build/Release/NotchOrbitPlus.build/Objects-normal/x86_64/NotchOrbitPlus_lto.o -rdynamic -Xlinker -dependency_info -Xlinker /Users/runner/work/orbit/orbit/NotchOrbitPlus/build/DerivedData/Build/Intermediates.noindex/NotchOrbitPlus.build/Release/NotchOrbitPlus.build/Objects-normal/x86_64/NotchOrbitPlus_dependency_info.dat -fobjc-link-runtime -L/Applications/Xcode_26.6.app/Contents/Developer/Toolchains/XcodeDefault.xctoolchain/usr/lib/swift/macosx -L/usr/lib/swift -Xlinker -add_ast_path -Xlinker /Users/runner/work/orbit/orbit/NotchOrbitPlus/build/DerivedData/Build/Intermediates.noindex/NotchOrbitPlus.build/Release/NotchOrbitPlus.build/Objects-normal/x86_64/NotchOrbitPlus.swiftmodule @/Users/runner/work/orbit/orbit/NotchOrbitPlus/build/DerivedData/Build/Intermediates.noindex/NotchOrbitPlus.build/Release/NotchOrbitPlus.build/Objects-normal/x86_64/NotchOrbitPlus-linker-args.resp -L/Users/runner/work/orbit/orbit/NotchOrbitPlus/../build/WebP/lib -lwebp -lsharpyuv -weak_framework FoundationModels -weak_framework Translation -lOrbitCore -lNotchCore -o /Users/runner/work/orbit/orbit/NotchOrbitPlus/build/DerivedData/Build/Intermediates.noindex/NotchOrbitPlus.build/Release/NotchOrbitPlus.build/Objects-normal/x86_64/Binary/NotchOrbitPlus -Xlinker -add_ast_path -Xlinker /Users/runner/work/orbit/orbit/NotchOrbitPlus/build/DerivedData/Build/Intermediates.noindex/NotchOrbitPlus.build/Release/OrbitCore.build/Objects-normal/x86_64/OrbitCore.swiftmodule @/Users/runner/work/orbit/orbit/NotchOrbitPlus/build/DerivedData/Build/Intermediates.noindex/NotchOrbitPlus.build/Release/OrbitCore.build/Objects-normal/x86_64/OrbitCore-linker-args.resp -Xlinker -add_ast_path -Xlinker /Users/runner/work/orbit/orbit/NotchOrbitPlus/build/DerivedData/Build/Intermediates.noindex/NotchOrbitPlus.build/Release/NotchCore.build/Objects-normal/x86_64/NotchCore.swiftmodule @/Users/runner/work/orbit/orbit/NotchOrbitPlus/build/DerivedData/Build/Intermediates.noindex/NotchOrbitPlus.build/Release/NotchCore.build/Objects-normal/x86_64/NotchCore-linker-args.resp

CreateUniversalBinary /Users/runner/work/orbit/orbit/NotchOrbitPlus/build/DerivedData/Build/Products/Release/NotchOrbitPlus.app/Contents/MacOS/NotchOrbitPlus normal arm64\ x86_64 (in target 'NotchOrbitPlus' from project 'NotchOrbitPlus')
    cd /Users/runner/work/orbit/orbit/NotchOrbitPlus
    /Applications/Xcode_26.6.app/Contents/Developer/Toolchains/XcodeDefault.xctoolchain/usr/bin/lipo -create /Users/runner/work/orbit/orbit/NotchOrbitPlus/build/DerivedData/Build/Intermediates.noindex/NotchOrbitPlus.build/Release/NotchOrbitPlus.build/Objects-normal/arm64/Binary/NotchOrbitPlus /Users/runner/work/orbit/orbit/NotchOrbitPlus/build/DerivedData/Build/Intermediates.noindex/NotchOrbitPlus.build/Release/NotchOrbitPlus.build/Objects-normal/x86_64/Binary/NotchOrbitPlus -output /Users/runner/work/orbit/orbit/NotchOrbitPlus/build/DerivedData/Build/Products/Release/NotchOrbitPlus.app/Contents/MacOS/NotchOrbitPlus

GenerateDSYMFile /Users/runner/work/orbit/orbit/NotchOrbitPlus/build/DerivedData/Build/Products/Release/NotchOrbitPlus.app.dSYM /Users/runner/work/orbit/orbit/NotchOrbitPlus/build/DerivedData/Build/Products/Release/NotchOrbitPlus.app/Contents/MacOS/NotchOrbitPlus (in target 'NotchOrbitPlus' from project 'NotchOrbitPlus')
    cd /Users/runner/work/orbit/orbit/NotchOrbitPlus
    /Applications/Xcode_26.6.app/Contents/Developer/Toolchains/XcodeDefault.xctoolchain/usr/bin/dsymutil /Users/runner/work/orbit/orbit/NotchOrbitPlus/build/DerivedData/Build/Products/Release/NotchOrbitPlus.app/Contents/MacOS/NotchOrbitPlus -o /Users/runner/work/orbit/orbit/NotchOrbitPlus/build/DerivedData/Build/Products/Release/NotchOrbitPlus.app.dSYM

ExtractAppIntentsMetadata (in target 'NotchOrbitPlus' from project 'NotchOrbitPlus')
    cd /Users/runner/work/orbit/orbit/NotchOrbitPlus
    /Applications/Xcode_26.6.app/Contents/Developer/Toolchains/XcodeDefault.xctoolchain/usr/bin/appintentsmetadataprocessor --toolchain-dir /var/run/com.apple.security.cryptexd/mnt/com.apple.MobileAsset.MetalToolchain-v17.6.109.0.5QT25n/Metal.xctoolchain --module-name NotchOrbitPlus --sdk-root /Applications/Xcode_26.6.app/Contents/Developer/Platforms/MacOSX.platform/Developer/SDKs/MacOSX26.5.sdk --xcode-version 17F113 --platform-family macOS --deployment-target 14.0 --bundle-identifier com.sknitd.NotchOrbitPlus --output /Users/runner/work/orbit/orbit/NotchOrbitPlus/build/DerivedData/Build/Products/Release/NotchOrbitPlus.app/Contents/Resources --target-triple arm64-apple-macos14.0 --target-triple x86_64-apple-macos14.0 --binary-file /Users/runner/work/orbit/orbit/NotchOrbitPlus/build/DerivedData/Build/Products/Release/NotchOrbitPlus.app/Contents/MacOS/NotchOrbitPlus --dependency-file /Users/runner/work/orbit/orbit/NotchOrbitPlus/build/DerivedData/Build/Intermediates.noindex/NotchOrbitPlus.build/Release/NotchOrbitPlus.build/Objects-normal/arm64/NotchOrbitPlus_dependency_info.dat --dependency-file /Users/runner/work/orbit/orbit/NotchOrbitPlus/build/DerivedData/Build/Intermediates.noindex/NotchOrbitPlus.build/Release/NotchOrbitPlus.build/Objects-normal/x86_64/NotchOrbitPlus_dependency_info.dat --stringsdata-file /Users/runner/work/orbit/orbit/NotchOrbitPlus/build/DerivedData/Build/Intermediates.noindex/NotchOrbitPlus.build/Release/NotchOrbitPlus.build/Objects-normal/arm64/ExtractedAppShortcutsMetadata.stringsdata --stringsdata-file /Users/runner/work/orbit/orbit/NotchOrbitPlus/build/DerivedData/Build/Intermediates.noindex/NotchOrbitPlus.build/Release/NotchOrbitPlus.build/Objects-normal/x86_64/ExtractedAppShortcutsMetadata.stringsdata --source-file-list /Users/runner/work/orbit/orbit/NotchOrbitPlus/build/DerivedData/Build/Intermediates.noindex/NotchOrbitPlus.build/Release/NotchOrbitPlus.build/Objects-normal/arm64/NotchOrbitPlus.SwiftFileList --source-file-list /Users/runner/work/orbit/orbit/NotchOrbitPlus/build/DerivedData/Build/Intermediates.noindex/NotchOrbitPlus.build/Release/NotchOrbitPlus.build/Objects-normal/x86_64/NotchOrbitPlus.SwiftFileList --metadata-file-list /Users/runner/work/orbit/orbit/NotchOrbitPlus/build/DerivedData/Build/Intermediates.noindex/NotchOrbitPlus.build/Release/NotchOrbitPlus.build/NotchOrbitPlus.DependencyMetadataFileList --static-metadata-file-list /Users/runner/work/orbit/orbit/NotchOrbitPlus/build/DerivedData/Build/Intermediates.noindex/NotchOrbitPlus.build/Release/NotchOrbitPlus.build/NotchOrbitPlus.DependencyStaticMetadataFileList --swift-const-vals-list /Users/runner/work/orbit/orbit/NotchOrbitPlus/build/DerivedData/Build/Intermediates.noindex/NotchOrbitPlus.build/Release/NotchOrbitPlus.build/Objects-normal/arm64/NotchOrbitPlus.SwiftConstValuesFileList --swift-const-vals-list /Users/runner/work/orbit/orbit/NotchOrbitPlus/build/DerivedData/Build/Intermediates.noindex/NotchOrbitPlus.build/Release/NotchOrbitPlus.build/Objects-normal/x86_64/NotchOrbitPlus.SwiftConstValuesFileList --compile-time-extraction --deployment-aware-processing --validate-assistant-intents --no-app-shortcuts-localization
2026-10-04 20:40:39.780 appintentsmetadataprocessor[42315:104792] Starting appintentsmetadataprocessor export
2026-10-04 20:40:39.842 appintentsmetadataprocessor[42315:104792] Writing Metadata.appintents
2026-10-04 20:40:39.842 appintentsmetadataprocessor[42315:104792] Metadata root: /Users/runner/work/orbit/orbit/NotchOrbitPlus/build/DerivedData/Build/Products/Release/NotchOrbitPlus.app/Contents/Resources/Metadata.appintents

CopySwiftLibs /Users/runner/work/orbit/orbit/NotchOrbitPlus/build/DerivedData/Build/Products/Release/NotchOrbitPlus.app (in target 'NotchOrbitPlus' from project 'NotchOrbitPlus')
    cd /Users/runner/work/orbit/orbit/NotchOrbitPlus
    builtin-swiftStdLibTool --copy --verbose --scan-executable /Users/runner/work/orbit/orbit/NotchOrbitPlus/build/DerivedData/Build/Products/Release/NotchOrbitPlus.app/Contents/MacOS/NotchOrbitPlus --scan-folder /Users/runner/work/orbit/orbit/NotchOrbitPlus/build/DerivedData/Build/Products/Release/NotchOrbitPlus.app/Contents/Frameworks --scan-folder /Users/runner/work/orbit/orbit/NotchOrbitPlus/build/DerivedData/Build/Products/Release/NotchOrbitPlus.app/Contents/PlugIns --scan-folder /Users/runner/work/orbit/orbit/NotchOrbitPlus/build/DerivedData/Build/Products/Release/NotchOrbitPlus.app/Contents/Library/SystemExtensions --scan-folder /Users/runner/work/orbit/orbit/NotchOrbitPlus/build/DerivedData/Build/Products/Release/NotchOrbitPlus.app/Contents/Extensions --platform macosx --toolchain /var/run/com.apple.security.cryptexd/mnt/com.apple.MobileAsset.MetalToolchain-v17.6.109.0.5QT25n/Metal.xctoolchain --toolchain /Applications/Xcode_26.6.app/Contents/Developer/Toolchains/XcodeDefault.xctoolchain --destination /Users/runner/work/orbit/orbit/NotchOrbitPlus/build/DerivedData/Build/Products/Release/NotchOrbitPlus.app/Contents/Frameworks --strip-bitcode --strip-bitcode-tool /Applications/Xcode_26.6.app/Contents/Developer/Toolchains/XcodeDefault.xctoolchain/usr/bin/bitcode_strip --emit-dependency-info /Users/runner/work/orbit/orbit/NotchOrbitPlus/build/DerivedData/Build/Intermediates.noindex/NotchOrbitPlus.build/Release/NotchOrbitPlus.build/SwiftStdLibToolInputDependencies.dep --filter-for-swift-os --back-deploy-swift-span
Ignoring --strip-bitcode because --sign was not passed

RegisterExecutionPolicyException /Users/runner/work/orbit/orbit/NotchOrbitPlus/build/DerivedData/Build/Products/Release/NotchOrbitPlus.app (in target 'NotchOrbitPlus' from project 'NotchOrbitPlus')
    cd /Users/runner/work/orbit/orbit/NotchOrbitPlus
    builtin-RegisterExecutionPolicyException /Users/runner/work/orbit/orbit/NotchOrbitPlus/build/DerivedData/Build/Products/Release/NotchOrbitPlus.app

Validate /Users/runner/work/orbit/orbit/NotchOrbitPlus/build/DerivedData/Build/Products/Release/NotchOrbitPlus.app (in target 'NotchOrbitPlus' from project 'NotchOrbitPlus')
    cd /Users/runner/work/orbit/orbit/NotchOrbitPlus
    builtin-validationUtility /Users/runner/work/orbit/orbit/NotchOrbitPlus/build/DerivedData/Build/Products/Release/NotchOrbitPlus.app -no-validate-extension -infoplist-subpath Contents/Info.plist

Touch /Users/runner/work/orbit/orbit/NotchOrbitPlus/build/DerivedData/Build/Products/Release/NotchOrbitPlus.app (in target 'NotchOrbitPlus' from project 'NotchOrbitPlus')
    cd /Users/runner/work/orbit/orbit/NotchOrbitPlus
    /usr/bin/touch -c /Users/runner/work/orbit/orbit/NotchOrbitPlus/build/DerivedData/Build/Products/Release/NotchOrbitPlus.app

RegisterWithLaunchServices /Users/runner/work/orbit/orbit/NotchOrbitPlus/build/DerivedData/Build/Products/Release/NotchOrbitPlus.app (in target 'NotchOrbitPlus' from project 'NotchOrbitPlus')
    cd /Users/runner/work/orbit/orbit/NotchOrbitPlus
    /System/Library/Frameworks/CoreServices.framework/Versions/Current/Frameworks/LaunchServices.framework/Versions/Current/Support/lsregister -f -R -trusted /Users/runner/work/orbit/orbit/NotchOrbitPlus/build/DerivedData/Build/Products/Release/NotchOrbitPlus.app

** BUILD SUCCEEDED **

build/DerivedData/Build/Products/Release/NotchOrbitPlus.app: replacing existing signature
Distribution signature: adhoc; notarized: false.
build/DerivedData/Build/Products/Release/NotchOrbitPlus.app/Contents/MacOS/NotchOrbitPlus: Mach-O universal binary with 2 architectures: [x86_64:Mach-O 64-bit executable x86_64] [arm64]
build/DerivedData/Build/Products/Release/NotchOrbitPlus.app/Contents/MacOS/NotchOrbitPlus (for architecture x86_64):	Mach-O 64-bit executable x86_64
build/DerivedData/Build/Products/Release/NotchOrbitPlus.app/Contents/MacOS/NotchOrbitPlus (for architecture arm64):	Mach-O 64-bit executable arm64
NotchOrbitPlus stayed running for the 3-second startup smoke check.
Idle launch: CPU 0.715% (limit 3.0%), sampled peak RSS 89.358 MB (limit 250.0 MB), 11 actual samples after 8s warmup: passed.
Built: /Users/runner/work/orbit/orbit/NotchOrbitPlus/build/DerivedData/Build/Products/Release/NotchOrbitPlus.app
